ISO-10303-21;
HEADER;
/* Generated by software containing ST-Developer
 * from STEP Tools, Inc. (www.steptools.com) 
 */
/* OPTION: using custom renumber hook */

FILE_DESCRIPTION(
/* description */ ('STEP AP214',
'CAx-IF Rec.Pracs.---User Defined Attributes---1.5---2016-08-15'),
/* implementation_level */ '2;1');

FILE_NAME(
/* name */ '6a386d1aee269b265a355634',
/* time_stamp */ '2026-06-21T23:00:42Z',
/* author */ (''),
/* organization */ (''),
/* preprocessor_version */ 'ST-DEVELOPER v20',
/* originating_system */ 'ONSHAPE BY PTC INC, 1.216',
/* authorisation */ '  ');

FILE_SCHEMA (('AUTOMOTIVE_DESIGN {1 0 10303 214 3 1 1}'));
ENDSEC;

DATA;
#10=PROPERTY_DEFINITION_REPRESENTATION(#14,#12);
#11=PROPERTY_DEFINITION_REPRESENTATION(#15,#13);
#12=REPRESENTATION('',(#16),#3250);
#13=REPRESENTATION('',(#17),#3250);
#14=PROPERTY_DEFINITION('pmi validation property','',#3255);
#15=PROPERTY_DEFINITION('pmi validation property','',#3255);
#16=VALUE_REPRESENTATION_ITEM('number of annotations',COUNT_MEASURE(0.));
#17=VALUE_REPRESENTATION_ITEM('number of views',COUNT_MEASURE(0.));
#18=SHAPE_REPRESENTATION_RELATIONSHIP('','',#141,#19);
#19=ADVANCED_BREP_SHAPE_REPRESENTATION('',(#139),#3250);
#20=B_SPLINE_SURFACE_WITH_KNOTS('',3,3,((#250,#251,#252,#253,#254,#255,
#256,#257,#258,#259,#260,#261,#262,#263,#264,#265,#266,#267,#268,#269),
(#270,#271,#272,#273,#274,#275,#276,#277,#278,#279,#280,#281,#282,#283,
#284,#285,#286,#287,#288,#289),(#290,#291,#292,#293,#294,#295,#296,#297,
#298,#299,#300,#301,#302,#303,#304,#305,#306,#307,#308,#309),(#310,#311,
#312,#313,#314,#315,#316,#317,#318,#319,#320,#321,#322,#323,#324,#325,#326,
#327,#328,#329),(#330,#331,#332,#333,#334,#335,#336,#337,#338,#339,#340,
#341,#342,#343,#344,#345,#346,#347,#348,#349),(#350,#351,#352,#353,#354,
#355,#356,#357,#358,#359,#360,#361,#362,#363,#364,#365,#366,#367,#368,#369),
(#370,#371,#372,#373,#374,#375,#376,#377,#378,#379,#380,#381,#382,#383,
#384,#385,#386,#387,#388,#389),(#390,#391,#392,#393,#394,#395,#396,#397,
#398,#399,#400,#401,#402,#403,#404,#405,#406,#407,#408,#409),(#410,#411,
#412,#413,#414,#415,#416,#417,#418,#419,#420,#421,#422,#423,#424,#425,#426,
#427,#428,#429),(#430,#431,#432,#433,#434,#435,#436,#437,#438,#439,#440,
#441,#442,#443,#444,#445,#446,#447,#448,#449),(#450,#451,#452,#453,#454,
#455,#456,#457,#458,#459,#460,#461,#462,#463,#464,#465,#466,#467,#468,#469),
(#470,#471,#472,#473,#474,#475,#476,#477,#478,#479,#480,#481,#482,#483,
#484,#485,#486,#487,#488,#489),(#490,#491,#492,#493,#494,#495,#496,#497,
#498,#499,#500,#501,#502,#503,#504,#505,#506,#507,#508,#509),(#510,#511,
#512,#513,#514,#515,#516,#517,#518,#519,#520,#521,#522,#523,#524,#525,#526,
#527,#528,#529),(#530,#531,#532,#533,#534,#535,#536,#537,#538,#539,#540,
#541,#542,#543,#544,#545,#546,#547,#548,#549),(#550,#551,#552,#553,#554,
#555,#556,#557,#558,#559,#560,#561,#562,#563,#564,#565,#566,#567,#568,#569),
(#570,#571,#572,#573,#574,#575,#576,#577,#578,#579,#580,#581,#582,#583,
#584,#585,#586,#587,#588,#589),(#590,#591,#592,#593,#594,#595,#596,#597,
#598,#599,#600,#601,#602,#603,#604,#605,#606,#607,#608,#609),(#610,#611,
#612,#613,#614,#615,#616,#617,#618,#619,#620,#621,#622,#623,#624,#625,#626,
#627,#628,#629),(#630,#631,#632,#633,#634,#635,#636,#637,#638,#639,#640,
#641,#642,#643,#644,#645,#646,#647,#648,#649),(#650,#651,#652,#653,#654,
#655,#656,#657,#658,#659,#660,#661,#662,#663,#664,#665,#666,#667,#668,#669),
(#670,#671,#672,#673,#674,#675,#676,#677,#678,#679,#680,#681,#682,#683,
#684,#685,#686,#687,#688,#689),(#690,#691,#692,#693,#694,#695,#696,#697,
#698,#699,#700,#701,#702,#703,#704,#705,#706,#707,#708,#709),(#710,#711,
#712,#713,#714,#715,#716,#717,#718,#719,#720,#721,#722,#723,#724,#725,#726,
#727,#728,#729),(#730,#731,#732,#733,#734,#735,#736,#737,#738,#739,#740,
#741,#742,#743,#744,#745,#746,#747,#748,#749),(#750,#751,#752,#753,#754,
#755,#756,#757,#758,#759,#760,#761,#762,#763,#764,#765,#766,#767,#768,#769),
(#770,#771,#772,#773,#774,#775,#776,#777,#778,#779,#780,#781,#782,#783,
#784,#785,#786,#787,#788,#789),(#790,#791,#792,#793,#794,#795,#796,#797,
#798,#799,#800,#801,#802,#803,#804,#805,#806,#807,#808,#809),(#810,#811,
#812,#813,#814,#815,#816,#817,#818,#819,#820,#821,#822,#823,#824,#825,#826,
#827,#828,#829),(#830,#831,#832,#833,#834,#835,#836,#837,#838,#839,#840,
#841,#842,#843,#844,#845,#846,#847,#848,#849),(#850,#851,#852,#853,#854,
#855,#856,#857,#858,#859,#860,#861,#862,#863,#864,#865,#866,#867,#868,#869),
(#870,#871,#872,#873,#874,#875,#876,#877,#878,#879,#880,#881,#882,#883,
#884,#885,#886,#887,#888,#889),(#890,#891,#892,#893,#894,#895,#896,#897,
#898,#899,#900,#901,#902,#903,#904,#905,#906,#907,#908,#909),(#910,#911,
#912,#913,#914,#915,#916,#917,#918,#919,#920,#921,#922,#923,#924,#925,#926,
#927,#928,#929),(#930,#931,#932,#933,#934,#935,#936,#937,#938,#939,#940,
#941,#942,#943,#944,#945,#946,#947,#948,#949),(#950,#951,#952,#953,#954,
#955,#956,#957,#958,#959,#960,#961,#962,#963,#964,#965,#966,#967,#968,#969),
(#970,#971,#972,#973,#974,#975,#976,#977,#978,#979,#980,#981,#982,#983,
#984,#985,#986,#987,#988,#989),(#990,#991,#992,#993,#994,#995,#996,#997,
#998,#999,#1000,#1001,#1002,#1003,#1004,#1005,#1006,#1007,#1008,#1009),
(#1010,#1011,#1012,#1013,#1014,#1015,#1016,#1017,#1018,#1019,#1020,#1021,
#1022,#1023,#1024,#1025,#1026,#1027,#1028,#1029),(#1030,#1031,#1032,#1033,
#1034,#1035,#1036,#1037,#1038,#1039,#1040,#1041,#1042,#1043,#1044,#1045,
#1046,#1047,#1048,#1049),(#1050,#1051,#1052,#1053,#1054,#1055,#1056,#1057,
#1058,#1059,#1060,#1061,#1062,#1063,#1064,#1065,#1066,#1067,#1068,#1069),
(#1070,#1071,#1072,#1073,#1074,#1075,#1076,#1077,#1078,#1079,#1080,#1081,
#1082,#1083,#1084,#1085,#1086,#1087,#1088,#1089),(#1090,#1091,#1092,#1093,
#1094,#1095,#1096,#1097,#1098,#1099,#1100,#1101,#1102,#1103,#1104,#1105,
#1106,#1107,#1108,#1109),(#1110,#1111,#1112,#1113,#1114,#1115,#1116,#1117,
#1118,#1119,#1120,#1121,#1122,#1123,#1124,#1125,#1126,#1127,#1128,#1129),
(#1130,#1131,#1132,#1133,#1134,#1135,#1136,#1137,#1138,#1139,#1140,#1141,
#1142,#1143,#1144,#1145,#1146,#1147,#1148,#1149),(#1150,#1151,#1152,#1153,
#1154,#1155,#1156,#1157,#1158,#1159,#1160,#1161,#1162,#1163,#1164,#1165,
#1166,#1167,#1168,#1169),(#1170,#1171,#1172,#1173,#1174,#1175,#1176,#1177,
#1178,#1179,#1180,#1181,#1182,#1183,#1184,#1185,#1186,#1187,#1188,#1189),
(#1190,#1191,#1192,#1193,#1194,#1195,#1196,#1197,#1198,#1199,#1200,#1201,
#1202,#1203,#1204,#1205,#1206,#1207,#1208,#1209),(#1210,#1211,#1212,#1213,
#1214,#1215,#1216,#1217,#1218,#1219,#1220,#1221,#1222,#1223,#1224,#1225,
#1226,#1227,#1228,#1229),(#1230,#1231,#1232,#1233,#1234,#1235,#1236,#1237,
#1238,#1239,#1240,#1241,#1242,#1243,#1244,#1245,#1246,#1247,#1248,#1249),
(#1250,#1251,#1252,#1253,#1254,#1255,#1256,#1257,#1258,#1259,#1260,#1261,
#1262,#1263,#1264,#1265,#1266,#1267,#1268,#1269),(#1270,#1271,#1272,#1273,
#1274,#1275,#1276,#1277,#1278,#1279,#1280,#1281,#1282,#1283,#1284,#1285,
#1286,#1287,#1288,#1289),(#1290,#1291,#1292,#1293,#1294,#1295,#1296,#1297,
#1298,#1299,#1300,#1301,#1302,#1303,#1304,#1305,#1306,#1307,#1308,#1309),
(#1310,#1311,#1312,#1313,#1314,#1315,#1316,#1317,#1318,#1319,#1320,#1321,
#1322,#1323,#1324,#1325,#1326,#1327,#1328,#1329),(#1330,#1331,#1332,#1333,
#1334,#1335,#1336,#1337,#1338,#1339,#1340,#1341,#1342,#1343,#1344,#1345,
#1346,#1347,#1348,#1349),(#1350,#1351,#1352,#1353,#1354,#1355,#1356,#1357,
#1358,#1359,#1360,#1361,#1362,#1363,#1364,#1365,#1366,#1367,#1368,#1369),
(#1370,#1371,#1372,#1373,#1374,#1375,#1376,#1377,#1378,#1379,#1380,#1381,
#1382,#1383,#1384,#1385,#1386,#1387,#1388,#1389),(#1390,#1391,#1392,#1393,
#1394,#1395,#1396,#1397,#1398,#1399,#1400,#1401,#1402,#1403,#1404,#1405,
#1406,#1407,#1408,#1409),(#1410,#1411,#1412,#1413,#1414,#1415,#1416,#1417,
#1418,#1419,#1420,#1421,#1422,#1423,#1424,#1425,#1426,#1427,#1428,#1429),
(#1430,#1431,#1432,#1433,#1434,#1435,#1436,#1437,#1438,#1439,#1440,#1441,
#1442,#1443,#1444,#1445,#1446,#1447,#1448,#1449),(#1450,#1451,#1452,#1453,
#1454,#1455,#1456,#1457,#1458,#1459,#1460,#1461,#1462,#1463,#1464,#1465,
#1466,#1467,#1468,#1469),(#1470,#1471,#1472,#1473,#1474,#1475,#1476,#1477,
#1478,#1479,#1480,#1481,#1482,#1483,#1484,#1485,#1486,#1487,#1488,#1489),
(#1490,#1491,#1492,#1493,#1494,#1495,#1496,#1497,#1498,#1499,#1500,#1501,
#1502,#1503,#1504,#1505,#1506,#1507,#1508,#1509),(#1510,#1511,#1512,#1513,
#1514,#1515,#1516,#1517,#1518,#1519,#1520,#1521,#1522,#1523,#1524,#1525,
#1526,#1527,#1528,#1529),(#1530,#1531,#1532,#1533,#1534,#1535,#1536,#1537,
#1538,#1539,#1540,#1541,#1542,#1543,#1544,#1545,#1546,#1547,#1548,#1549),
(#1550,#1551,#1552,#1553,#1554,#1555,#1556,#1557,#1558,#1559,#1560,#1561,
#1562,#1563,#1564,#1565,#1566,#1567,#1568,#1569),(#1570,#1571,#1572,#1573,
#1574,#1575,#1576,#1577,#1578,#1579,#1580,#1581,#1582,#1583,#1584,#1585,
#1586,#1587,#1588,#1589),(#1590,#1591,#1592,#1593,#1594,#1595,#1596,#1597,
#1598,#1599,#1600,#1601,#1602,#1603,#1604,#1605,#1606,#1607,#1608,#1609),
(#1610,#1611,#1612,#1613,#1614,#1615,#1616,#1617,#1618,#1619,#1620,#1621,
#1622,#1623,#1624,#1625,#1626,#1627,#1628,#1629),(#1630,#1631,#1632,#1633,
#1634,#1635,#1636,#1637,#1638,#1639,#1640,#1641,#1642,#1643,#1644,#1645,
#1646,#1647,#1648,#1649),(#1650,#1651,#1652,#1653,#1654,#1655,#1656,#1657,
#1658,#1659,#1660,#1661,#1662,#1663,#1664,#1665,#1666,#1667,#1668,#1669)),
 .UNSPECIFIED.,.T.,.F.,.F.,(1,1,2,1,1,1,1,1,1,1,1,1,1,1,1,1,1,2,1,1,1,1,
1,1,1,1,1,1,1,1,1,1,1,1,1,1,1,1,1,1,1,1,1,1,1,1,1,1,1,1,1,1,2,1,1,1,1,1,
1,1,1,1,1,1,1,1,1,1,2,1,1),(4,1,1,1,1,1,1,1,1,1,1,1,1,1,1,1,1,4),(-0.00515548929698073,
-0.00301609956609072,0.,0.00866833159291192,0.0113386172038392,0.0166277113740021,
0.0205257740341938,0.0313741356470914,0.0394700782550149,0.0477475938262031,
0.0582402431291422,0.0674494390560662,0.0876792598435332,0.103998274322049,
0.141184942255361,0.166574342817085,0.212892004888704,0.25,0.267924068656067,
0.315379914088395,0.318884576020669,0.366956630005333,0.370313882649995,
0.41880859175024,0.422080060329561,0.429321873887947,0.467412683325651,
0.471024798983197,0.476689708955385,0.481779212498571,0.493992117357116,
0.497299999999656,0.499799999997768,0.503099999999166,0.50578320467002,
0.508314068424387,0.51010014604346,0.513870643957498,0.517317938727003,
0.522580769767333,0.530991616163573,0.53386213079062,0.538980968744374,
0.542185151133821,0.547066406992866,0.581006171029186,0.589207657629616,
0.596048690427816,0.633142211343757,0.645060797909022,0.684235568094432,
0.68748191540433,0.75,0.78644101002648,0.837512765710727,0.863050065993636,
0.865967764658462,0.890914410825458,0.914484423720051,0.935667052463559,
0.952790811914192,0.965616426734722,0.973368167803935,0.97870479364548,
0.985560494321673,0.987236743418232,0.994844510703019,0.996983900433909,
1.,1.00866833159291,1.01133861720384),(0.00763083942688681,0.165599629957104,
0.217867048073044,0.269552038683446,0.320919259507027,0.371901848498558,
0.422732237935959,0.473558349911034,0.524460447243705,0.575381719767322,
0.626505790773908,0.677894484438387,0.729589586841768,0.781704730857703,
0.834286061554471,0.887622623572063,0.944044471238438,1.),.UNSPECIFIED.);
#21=B_SPLINE_SURFACE_WITH_KNOTS('',3,3,((#1825,#1826,#1827,#1828,#1829,
#1830,#1831,#1832,#1833,#1834,#1835,#1836,#1837,#1838,#1839,#1840,#1841,
#1842,#1843,#1844),(#1845,#1846,#1847,#1848,#1849,#1850,#1851,#1852,#1853,
#1854,#1855,#1856,#1857,#1858,#1859,#1860,#1861,#1862,#1863,#1864),(#1865,
#1866,#1867,#1868,#1869,#1870,#1871,#1872,#1873,#1874,#1875,#1876,#1877,
#1878,#1879,#1880,#1881,#1882,#1883,#1884),(#1885,#1886,#1887,#1888,#1889,
#1890,#1891,#1892,#1893,#1894,#1895,#1896,#1897,#1898,#1899,#1900,#1901,
#1902,#1903,#1904),(#1905,#1906,#1907,#1908,#1909,#1910,#1911,#1912,#1913,
#1914,#1915,#1916,#1917,#1918,#1919,#1920,#1921,#1922,#1923,#1924),(#1925,
#1926,#1927,#1928,#1929,#1930,#1931,#1932,#1933,#1934,#1935,#1936,#1937,
#1938,#1939,#1940,#1941,#1942,#1943,#1944),(#1945,#1946,#1947,#1948,#1949,
#1950,#1951,#1952,#1953,#1954,#1955,#1956,#1957,#1958,#1959,#1960,#1961,
#1962,#1963,#1964),(#1965,#1966,#1967,#1968,#1969,#1970,#1971,#1972,#1973,
#1974,#1975,#1976,#1977,#1978,#1979,#1980,#1981,#1982,#1983,#1984),(#1985,
#1986,#1987,#1988,#1989,#1990,#1991,#1992,#1993,#1994,#1995,#1996,#1997,
#1998,#1999,#2000,#2001,#2002,#2003,#2004),(#2005,#2006,#2007,#2008,#2009,
#2010,#2011,#2012,#2013,#2014,#2015,#2016,#2017,#2018,#2019,#2020,#2021,
#2022,#2023,#2024),(#2025,#2026,#2027,#2028,#2029,#2030,#2031,#2032,#2033,
#2034,#2035,#2036,#2037,#2038,#2039,#2040,#2041,#2042,#2043,#2044),(#2045,
#2046,#2047,#2048,#2049,#2050,#2051,#2052,#2053,#2054,#2055,#2056,#2057,
#2058,#2059,#2060,#2061,#2062,#2063,#2064),(#2065,#2066,#2067,#2068,#2069,
#2070,#2071,#2072,#2073,#2074,#2075,#2076,#2077,#2078,#2079,#2080,#2081,
#2082,#2083,#2084),(#2085,#2086,#2087,#2088,#2089,#2090,#2091,#2092,#2093,
#2094,#2095,#2096,#2097,#2098,#2099,#2100,#2101,#2102,#2103,#2104),(#2105,
#2106,#2107,#2108,#2109,#2110,#2111,#2112,#2113,#2114,#2115,#2116,#2117,
#2118,#2119,#2120,#2121,#2122,#2123,#2124),(#2125,#2126,#2127,#2128,#2129,
#2130,#2131,#2132,#2133,#2134,#2135,#2136,#2137,#2138,#2139,#2140,#2141,
#2142,#2143,#2144),(#2145,#2146,#2147,#2148,#2149,#2150,#2151,#2152,#2153,
#2154,#2155,#2156,#2157,#2158,#2159,#2160,#2161,#2162,#2163,#2164),(#2165,
#2166,#2167,#2168,#2169,#2170,#2171,#2172,#2173,#2174,#2175,#2176,#2177,
#2178,#2179,#2180,#2181,#2182,#2183,#2184),(#2185,#2186,#2187,#2188,#2189,
#2190,#2191,#2192,#2193,#2194,#2195,#2196,#2197,#2198,#2199,#2200,#2201,
#2202,#2203,#2204),(#2205,#2206,#2207,#2208,#2209,#2210,#2211,#2212,#2213,
#2214,#2215,#2216,#2217,#2218,#2219,#2220,#2221,#2222,#2223,#2224),(#2225,
#2226,#2227,#2228,#2229,#2230,#2231,#2232,#2233,#2234,#2235,#2236,#2237,
#2238,#2239,#2240,#2241,#2242,#2243,#2244),(#2245,#2246,#2247,#2248,#2249,
#2250,#2251,#2252,#2253,#2254,#2255,#2256,#2257,#2258,#2259,#2260,#2261,
#2262,#2263,#2264),(#2265,#2266,#2267,#2268,#2269,#2270,#2271,#2272,#2273,
#2274,#2275,#2276,#2277,#2278,#2279,#2280,#2281,#2282,#2283,#2284),(#2285,
#2286,#2287,#2288,#2289,#2290,#2291,#2292,#2293,#2294,#2295,#2296,#2297,
#2298,#2299,#2300,#2301,#2302,#2303,#2304),(#2305,#2306,#2307,#2308,#2309,
#2310,#2311,#2312,#2313,#2314,#2315,#2316,#2317,#2318,#2319,#2320,#2321,
#2322,#2323,#2324),(#2325,#2326,#2327,#2328,#2329,#2330,#2331,#2332,#2333,
#2334,#2335,#2336,#2337,#2338,#2339,#2340,#2341,#2342,#2343,#2344),(#2345,
#2346,#2347,#2348,#2349,#2350,#2351,#2352,#2353,#2354,#2355,#2356,#2357,
#2358,#2359,#2360,#2361,#2362,#2363,#2364),(#2365,#2366,#2367,#2368,#2369,
#2370,#2371,#2372,#2373,#2374,#2375,#2376,#2377,#2378,#2379,#2380,#2381,
#2382,#2383,#2384),(#2385,#2386,#2387,#2388,#2389,#2390,#2391,#2392,#2393,
#2394,#2395,#2396,#2397,#2398,#2399,#2400,#2401,#2402,#2403,#2404),(#2405,
#2406,#2407,#2408,#2409,#2410,#2411,#2412,#2413,#2414,#2415,#2416,#2417,
#2418,#2419,#2420,#2421,#2422,#2423,#2424),(#2425,#2426,#2427,#2428,#2429,
#2430,#2431,#2432,#2433,#2434,#2435,#2436,#2437,#2438,#2439,#2440,#2441,
#2442,#2443,#2444),(#2445,#2446,#2447,#2448,#2449,#2450,#2451,#2452,#2453,
#2454,#2455,#2456,#2457,#2458,#2459,#2460,#2461,#2462,#2463,#2464),(#2465,
#2466,#2467,#2468,#2469,#2470,#2471,#2472,#2473,#2474,#2475,#2476,#2477,
#2478,#2479,#2480,#2481,#2482,#2483,#2484),(#2485,#2486,#2487,#2488,#2489,
#2490,#2491,#2492,#2493,#2494,#2495,#2496,#2497,#2498,#2499,#2500,#2501,
#2502,#2503,#2504),(#2505,#2506,#2507,#2508,#2509,#2510,#2511,#2512,#2513,
#2514,#2515,#2516,#2517,#2518,#2519,#2520,#2521,#2522,#2523,#2524),(#2525,
#2526,#2527,#2528,#2529,#2530,#2531,#2532,#2533,#2534,#2535,#2536,#2537,
#2538,#2539,#2540,#2541,#2542,#2543,#2544),(#2545,#2546,#2547,#2548,#2549,
#2550,#2551,#2552,#2553,#2554,#2555,#2556,#2557,#2558,#2559,#2560,#2561,
#2562,#2563,#2564),(#2565,#2566,#2567,#2568,#2569,#2570,#2571,#2572,#2573,
#2574,#2575,#2576,#2577,#2578,#2579,#2580,#2581,#2582,#2583,#2584),(#2585,
#2586,#2587,#2588,#2589,#2590,#2591,#2592,#2593,#2594,#2595,#2596,#2597,
#2598,#2599,#2600,#2601,#2602,#2603,#2604),(#2605,#2606,#2607,#2608,#2609,
#2610,#2611,#2612,#2613,#2614,#2615,#2616,#2617,#2618,#2619,#2620,#2621,
#2622,#2623,#2624),(#2625,#2626,#2627,#2628,#2629,#2630,#2631,#2632,#2633,
#2634,#2635,#2636,#2637,#2638,#2639,#2640,#2641,#2642,#2643,#2644),(#2645,
#2646,#2647,#2648,#2649,#2650,#2651,#2652,#2653,#2654,#2655,#2656,#2657,
#2658,#2659,#2660,#2661,#2662,#2663,#2664),(#2665,#2666,#2667,#2668,#2669,
#2670,#2671,#2672,#2673,#2674,#2675,#2676,#2677,#2678,#2679,#2680,#2681,
#2682,#2683,#2684),(#2685,#2686,#2687,#2688,#2689,#2690,#2691,#2692,#2693,
#2694,#2695,#2696,#2697,#2698,#2699,#2700,#2701,#2702,#2703,#2704),(#2705,
#2706,#2707,#2708,#2709,#2710,#2711,#2712,#2713,#2714,#2715,#2716,#2717,
#2718,#2719,#2720,#2721,#2722,#2723,#2724),(#2725,#2726,#2727,#2728,#2729,
#2730,#2731,#2732,#2733,#2734,#2735,#2736,#2737,#2738,#2739,#2740,#2741,
#2742,#2743,#2744),(#2745,#2746,#2747,#2748,#2749,#2750,#2751,#2752,#2753,
#2754,#2755,#2756,#2757,#2758,#2759,#2760,#2761,#2762,#2763,#2764),(#2765,
#2766,#2767,#2768,#2769,#2770,#2771,#2772,#2773,#2774,#2775,#2776,#2777,
#2778,#2779,#2780,#2781,#2782,#2783,#2784),(#2785,#2786,#2787,#2788,#2789,
#2790,#2791,#2792,#2793,#2794,#2795,#2796,#2797,#2798,#2799,#2800,#2801,
#2802,#2803,#2804),(#2805,#2806,#2807,#2808,#2809,#2810,#2811,#2812,#2813,
#2814,#2815,#2816,#2817,#2818,#2819,#2820,#2821,#2822,#2823,#2824),(#2825,
#2826,#2827,#2828,#2829,#2830,#2831,#2832,#2833,#2834,#2835,#2836,#2837,
#2838,#2839,#2840,#2841,#2842,#2843,#2844),(#2845,#2846,#2847,#2848,#2849,
#2850,#2851,#2852,#2853,#2854,#2855,#2856,#2857,#2858,#2859,#2860,#2861,
#2862,#2863,#2864),(#2865,#2866,#2867,#2868,#2869,#2870,#2871,#2872,#2873,
#2874,#2875,#2876,#2877,#2878,#2879,#2880,#2881,#2882,#2883,#2884),(#2885,
#2886,#2887,#2888,#2889,#2890,#2891,#2892,#2893,#2894,#2895,#2896,#2897,
#2898,#2899,#2900,#2901,#2902,#2903,#2904),(#2905,#2906,#2907,#2908,#2909,
#2910,#2911,#2912,#2913,#2914,#2915,#2916,#2917,#2918,#2919,#2920,#2921,
#2922,#2923,#2924),(#2925,#2926,#2927,#2928,#2929,#2930,#2931,#2932,#2933,
#2934,#2935,#2936,#2937,#2938,#2939,#2940,#2941,#2942,#2943,#2944),(#2945,
#2946,#2947,#2948,#2949,#2950,#2951,#2952,#2953,#2954,#2955,#2956,#2957,
#2958,#2959,#2960,#2961,#2962,#2963,#2964),(#2965,#2966,#2967,#2968,#2969,
#2970,#2971,#2972,#2973,#2974,#2975,#2976,#2977,#2978,#2979,#2980,#2981,
#2982,#2983,#2984),(#2985,#2986,#2987,#2988,#2989,#2990,#2991,#2992,#2993,
#2994,#2995,#2996,#2997,#2998,#2999,#3000,#3001,#3002,#3003,#3004),(#3005,
#3006,#3007,#3008,#3009,#3010,#3011,#3012,#3013,#3014,#3015,#3016,#3017,
#3018,#3019,#3020,#3021,#3022,#3023,#3024),(#3025,#3026,#3027,#3028,#3029,
#3030,#3031,#3032,#3033,#3034,#3035,#3036,#3037,#3038,#3039,#3040,#3041,
#3042,#3043,#3044),(#3045,#3046,#3047,#3048,#3049,#3050,#3051,#3052,#3053,
#3054,#3055,#3056,#3057,#3058,#3059,#3060,#3061,#3062,#3063,#3064),(#3065,
#3066,#3067,#3068,#3069,#3070,#3071,#3072,#3073,#3074,#3075,#3076,#3077,
#3078,#3079,#3080,#3081,#3082,#3083,#3084),(#3085,#3086,#3087,#3088,#3089,
#3090,#3091,#3092,#3093,#3094,#3095,#3096,#3097,#3098,#3099,#3100,#3101,
#3102,#3103,#3104),(#3105,#3106,#3107,#3108,#3109,#3110,#3111,#3112,#3113,
#3114,#3115,#3116,#3117,#3118,#3119,#3120,#3121,#3122,#3123,#3124),(#3125,
#3126,#3127,#3128,#3129,#3130,#3131,#3132,#3133,#3134,#3135,#3136,#3137,
#3138,#3139,#3140,#3141,#3142,#3143,#3144),(#3145,#3146,#3147,#3148,#3149,
#3150,#3151,#3152,#3153,#3154,#3155,#3156,#3157,#3158,#3159,#3160,#3161,
#3162,#3163,#3164),(#3165,#3166,#3167,#3168,#3169,#3170,#3171,#3172,#3173,
#3174,#3175,#3176,#3177,#3178,#3179,#3180,#3181,#3182,#3183,#3184),(#3185,
#3186,#3187,#3188,#3189,#3190,#3191,#3192,#3193,#3194,#3195,#3196,#3197,
#3198,#3199,#3200,#3201,#3202,#3203,#3204),(#3205,#3206,#3207,#3208,#3209,
#3210,#3211,#3212,#3213,#3214,#3215,#3216,#3217,#3218,#3219,#3220,#3221,
#3222,#3223,#3224),(#3225,#3226,#3227,#3228,#3229,#3230,#3231,#3232,#3233,
#3234,#3235,#3236,#3237,#3238,#3239,#3240,#3241,#3242,#3243,#3244)),
 .UNSPECIFIED.,.T.,.F.,.F.,(1,1,2,1,1,1,1,1,1,1,1,1,1,1,1,1,1,2,1,1,1,1,
1,1,1,1,1,1,1,1,1,1,1,1,1,1,1,1,1,1,1,1,1,1,1,1,1,1,1,1,1,1,2,1,1,1,1,1,
1,1,1,1,1,1,1,1,1,1,2,1,1),(4,1,1,1,1,1,1,1,1,1,1,1,1,1,1,1,1,4),(-0.00515548929698073,
-0.00301609956609072,0.,0.00866833159291192,0.0113386172038392,0.0166277113740021,
0.0205257740341938,0.0313741356470914,0.0394700782550149,0.0477475938262031,
0.0582402431291422,0.0674494390560662,0.0876792598435332,0.103998274322049,
0.141184942255361,0.166574342817085,0.212892004888704,0.25,0.267924068656067,
0.315379914088395,0.318884576020669,0.366956630005333,0.370313882649995,
0.41880859175024,0.422080060329561,0.429321873887947,0.467412683325651,
0.471024798983197,0.476689708955385,0.481779212498571,0.493992117357116,
0.497299999999656,0.499799999997768,0.503099999999166,0.50578320467002,
0.508314068424387,0.51010014604346,0.513870643957498,0.517317938727003,
0.522580769767333,0.530991616163573,0.53386213079062,0.538980968744374,
0.542185151133821,0.547066406992866,0.581006171029186,0.589207657629616,
0.596048690427816,0.633142211343757,0.645060797909022,0.684235568094432,
0.68748191540433,0.75,0.78644101002648,0.837512765710727,0.863050065993636,
0.865967764658462,0.890914410825458,0.914484423720051,0.935667052463559,
0.952790811914192,0.965616426734722,0.973368167803935,0.97870479364548,
0.985560494321673,0.987236743418232,0.994844510703019,0.996983900433909,
1.,1.00866833159291,1.01133861720384),(0.0076287066245613,0.165599629957104,
0.217867048073044,0.269552038683446,0.320919259507027,0.371901848498558,
0.422732237935959,0.473558349911034,0.524460447243705,0.575381719767322,
0.626505790773908,0.677894484438387,0.729589586841768,0.781704730857703,
0.834286061554471,0.887622623572063,0.944044471238438,1.),.UNSPECIFIED.);
#22=B_SPLINE_CURVE_WITH_KNOTS('',3,(#194,#195,#196,#197,#198,#199,#200,
#201,#202,#203,#204,#205,#206,#207,#208,#209,#210,#211,#212,#213,#214,#215,
#216,#217,#218,#219,#220,#221,#222,#223,#224,#225,#226,#227,#228,#229,#230,
#231,#232,#233,#234,#235,#236,#237,#238,#239,#240,#241,#242,#243,#244,#245,
#246,#247,#248),.UNSPECIFIED.,.T.,.F.,(1,1,1,1,1,1,1,1,1,1,1,1,1,1,1,1,
1,1,1,1,1,1,1,1,1,1,1,1,1,1,1,1,1,1,1,1,1,1,1,1,1,1,1,1,1,1,1,1,1,1,1,1,
1,1,1,1,1,1,1),(-0.0328537314967073,-0.0239083115748353,-0.0160391655787419,
5.60636848057072E-9,0.00742187501401592,0.0152148437507008,0.023026367187535,
0.0308388183593768,0.0347450671386728,0.0386513159179688,0.0464638157958984,
0.0616981907897949,0.0695009251646423,0.0773036595394897,0.0851156712582321,
0.0929276829769745,0.108162033562912,0.123396384148849,0.139001851678146,
0.154607319207442,0.170231342583907,0.185855365960372,0.201089716544784,
0.216324067129195,0.246792768298019,0.27800370335646,0.309214638414901,
0.371710731920745,0.388116884258391,0.404523036596037,0.42018709421292,
0.435851151829802,0.451478104710646,0.46710505759149,0.483511502879575,
0.499175575143979,0.529646278757199,0.56085731393786,0.621792865696893,
0.684214643284845,0.715462687724543,0.746710732164242,0.777960634386227,
0.809210536608212,0.840460531719311,0.871710526830411,0.888116776585965,
0.90452302634152,0.921007401317076,0.928841385691465,0.936675370065854,
0.951910819284573,0.967146268503293,0.976091688425165,0.983960834421258,
1.00000000560637,1.00742187501402,1.0152148437507,1.02302636718754),
 .UNSPECIFIED.);
#23=B_SPLINE_CURVE_WITH_KNOTS('',3,(#1670,#1671,#1672,#1673,#1674,#1675,
#1676,#1677,#1678,#1679,#1680,#1681,#1682,#1683,#1684,#1685,#1686,#1687,
#1688,#1689,#1690,#1691,#1692,#1693,#1694,#1695,#1696,#1697,#1698,#1699,
#1700,#1701,#1702,#1703,#1704,#1705,#1706,#1707,#1708,#1709,#1710,#1711,
#1712),.UNSPECIFIED.,.T.,.F.,(1,1,1,1,1,1,1,1,1,1,1,1,1,1,1,1,1,1,1,1,1,
1,1,1,1,1,1,1,1,1,1,1,1,1,1,1,1,1,1,1,1,1,1,1,1,1,1),(-0.00100495984150615,
-0.000502479920753078,-0.000251239960376543,0.,0.000251239960376538,0.000502479920753077,
0.000753719881129615,0.00100495984150615,0.00150743976225923,0.00200991968301231,
0.00301487952451846,0.00401983936602461,0.00502479920753077,0.00602975904903692,
0.00803967873204923,0.0100495984150615,0.0120595180980738,0.01306447793958,
0.0140694377810861,0.0145719177018392,0.0150743976225923,0.0155768775433454,
0.0158281175037219,0.0160793574640985,0.016330597424475,0.0165818373848515,
0.0170843173056046,0.0175867972263577,0.0180892771471108,0.0190942369886169,
0.0200991968301231,0.0211041566716292,0.0221091165131354,0.0241190361961477,
0.02612895587916,0.0271339157206661,0.0281388755621723,0.0291438354036785,
0.0301487952451846,0.0306512751659377,0.0311537550866908,0.0316562350074438,
0.0319074749678204,0.0321587149281969,0.0324099548885734,0.03266119484895,
0.0329124348093265),.UNSPECIFIED.);
#24=B_SPLINE_CURVE_WITH_KNOTS('',3,(#1715,#1716,#1717,#1718,#1719,#1720,
#1721,#1722,#1723,#1724,#1725,#1726,#1727,#1728,#1729,#1730,#1731,#1732,
#1733,#1734,#1735,#1736,#1737,#1738,#1739,#1740,#1741,#1742,#1743,#1744,
#1745,#1746,#1747,#1748,#1749,#1750,#1751,#1752,#1753,#1754,#1755,#1756,
#1757,#1758),.UNSPECIFIED.,.T.,.F.,(1,1,1,1,1,1,1,1,1,1,1,1,1,1,1,1,1,1,
1,1,1,1,1,1,1,1,1,1,1,1,1,1,1,1,1,1,1,1,1,1,1,1,1,1,1,1,1,1),(-0.000753922028891858,
-0.000502614685927903,-0.000251307342963948,0.,0.000251307342963952,0.000502614685927904,
0.00100522937185581,0.00150784405778371,0.00201045874371162,0.00301568811556742,
0.00402091748742323,0.00502614685927904,0.00603137623113485,0.00804183497484646,
0.0100522937185581,0.0110575230904139,0.0120627524622697,0.0130679818341255,
0.0140732112059813,0.0145758258919092,0.0150784405778371,0.015581055263765,
0.015832362606729,0.0160836699496929,0.0163349772926569,0.0165862846356208,
0.0168375919785848,0.0170888993215487,0.0175915140074766,0.0180941286934045,
0.0190993580652603,0.0201045874371162,0.0221150461808278,0.0241255049245394,
0.026135963668251,0.0271411930401068,0.0281464224119626,0.0291516517838184,
0.0301568811556742,0.0306594958416021,0.03116211052753,0.031413417870494,
0.031664725213458,0.0319160325564219,0.0321673398993859,0.0324186472423498,
0.0326699545853138,0.0331725692712417),.UNSPECIFIED.);
#25=B_SPLINE_CURVE_WITH_KNOTS('',3,(#1769,#1770,#1771,#1772,#1773,#1774,
#1775,#1776,#1777,#1778,#1779,#1780,#1781,#1782,#1783,#1784,#1785,#1786,
#1787,#1788,#1789,#1790,#1791,#1792,#1793,#1794,#1795,#1796,#1797,#1798,
#1799,#1800,#1801,#1802,#1803,#1804,#1805,#1806,#1807,#1808,#1809,#1810,
#1811,#1812,#1813,#1814,#1815,#1816,#1817,#1818,#1819,#1820,#1821,#1822,
#1823),.UNSPECIFIED.,.T.,.F.,(1,1,1,1,1,1,1,1,1,1,1,1,1,1,1,1,1,1,1,1,1,
1,1,1,1,1,1,1,1,1,1,1,1,1,1,1,1,1,1,1,1,1,1,1,1,1,1,1,1,1,1,1,1,1,1,1,1,
1,1),(-0.0328537314967073,-0.0239083115748353,-0.0160391655787419,5.60636870261533E-9,
0.00742187501401592,0.0152148437507008,0.023026367187535,0.0308388183593768,
0.0347450671386728,0.0386513159179688,0.0464638157958984,0.0616981907897949,
0.0695009251646423,0.0773036595394897,0.0851156712582321,0.0929276829769745,
0.108162033562912,0.123396384148849,0.139001851678146,0.154607319207442,
0.170231342583907,0.185855365960372,0.201089716544784,0.216324067129195,
0.246792768298019,0.27800370335646,0.309214638414901,0.371710731920745,
0.388116884258391,0.404523036596037,0.42018709421292,0.435851151829802,
0.451478104710646,0.46710505759149,0.483511502879575,0.499175575143979,
0.529646278757199,0.56085731393786,0.621792865696893,0.684214643284845,
0.715462687724543,0.746710732164242,0.777960634386227,0.809210536608212,
0.840460531719311,0.871710526830411,0.888116776585965,0.90452302634152,
0.921007401317076,0.928841385691465,0.936675370065854,0.951910819284573,
0.967146268503293,0.976091688425165,0.983960834421258,1.00000000560637,
1.00742187501402,1.0152148437507,1.02302636718754),.UNSPECIFIED.);
#26=PLANE('',#146);
#27=PLANE('',#150);
#28=PLANE('',#151);
#29=PLANE('',#153);
#30=PLANE('',#154);
#31=ORIENTED_EDGE('',*,*,#51,.F.);
#32=ORIENTED_EDGE('',*,*,#52,.F.);
#33=ORIENTED_EDGE('',*,*,#53,.F.);
#34=ORIENTED_EDGE('',*,*,#54,.F.);
#35=ORIENTED_EDGE('',*,*,#53,.T.);
#36=ORIENTED_EDGE('',*,*,#55,.F.);
#37=ORIENTED_EDGE('',*,*,#54,.T.);
#38=ORIENTED_EDGE('',*,*,#56,.T.);
#39=ORIENTED_EDGE('',*,*,#57,.F.);
#40=ORIENTED_EDGE('',*,*,#51,.T.);
#41=ORIENTED_EDGE('',*,*,#56,.F.);
#42=ORIENTED_EDGE('',*,*,#58,.F.);
#43=ORIENTED_EDGE('',*,*,#57,.T.);
#44=ORIENTED_EDGE('',*,*,#59,.F.);
#45=ORIENTED_EDGE('',*,*,#55,.T.);
#46=ORIENTED_EDGE('',*,*,#59,.T.);
#47=ORIENTED_EDGE('',*,*,#60,.T.);
#48=ORIENTED_EDGE('',*,*,#52,.T.);
#49=ORIENTED_EDGE('',*,*,#60,.F.);
#50=ORIENTED_EDGE('',*,*,#58,.T.);
#51=EDGE_CURVE('',#61,#61,#71,.T.);
#52=EDGE_CURVE('',#62,#62,#72,.F.);
#53=EDGE_CURVE('',#63,#63,#22,.F.);
#54=EDGE_CURVE('',#64,#64,#23,.T.);
#55=EDGE_CURVE('',#65,#65,#24,.T.);
#56=EDGE_CURVE('',#66,#66,#73,.T.);
#57=EDGE_CURVE('',#67,#67,#74,.T.);
#58=EDGE_CURVE('',#68,#68,#75,.T.);
#59=EDGE_CURVE('',#69,#69,#25,.F.);
#60=EDGE_CURVE('',#70,#70,#76,.T.);
#61=VERTEX_POINT('',#190);
#62=VERTEX_POINT('',#192);
#63=VERTEX_POINT('',#249);
#64=VERTEX_POINT('',#1713);
#65=VERTEX_POINT('',#1759);
#66=VERTEX_POINT('',#1761);
#67=VERTEX_POINT('',#1763);
#68=VERTEX_POINT('',#1767);
#69=VERTEX_POINT('',#1824);
#70=VERTEX_POINT('',#3247);
#71=CIRCLE('',#144,0.00315);
#72=CIRCLE('',#145,0.00315);
#73=CIRCLE('',#148,0.0065);
#74=CIRCLE('',#149,0.0065);
#75=CIRCLE('',#152,0.005075);
#76=CIRCLE('',#155,0.005075);
#77=EDGE_LOOP('',(#31));
#78=EDGE_LOOP('',(#32));
#79=EDGE_LOOP('',(#33));
#80=EDGE_LOOP('',(#34));
#81=EDGE_LOOP('',(#35));
#82=EDGE_LOOP('',(#36));
#83=EDGE_LOOP('',(#37));
#84=EDGE_LOOP('',(#38));
#85=EDGE_LOOP('',(#39));
#86=EDGE_LOOP('',(#40));
#87=EDGE_LOOP('',(#41));
#88=EDGE_LOOP('',(#42));
#89=EDGE_LOOP('',(#43));
#90=EDGE_LOOP('',(#44));
#91=EDGE_LOOP('',(#45));
#92=EDGE_LOOP('',(#46));
#93=EDGE_LOOP('',(#47));
#94=EDGE_LOOP('',(#48));
#95=EDGE_LOOP('',(#49));
#96=EDGE_LOOP('',(#50));
#97=FACE_BOUND('',#77,.T.);
#98=FACE_BOUND('',#78,.T.);
#99=FACE_BOUND('',#79,.T.);
#100=FACE_BOUND('',#80,.T.);
#101=FACE_BOUND('',#81,.T.);
#102=FACE_BOUND('',#82,.T.);
#103=FACE_BOUND('',#83,.T.);
#104=FACE_BOUND('',#84,.T.);
#105=FACE_BOUND('',#85,.T.);
#106=FACE_BOUND('',#86,.T.);
#107=FACE_BOUND('',#87,.T.);
#108=FACE_BOUND('',#88,.T.);
#109=FACE_BOUND('',#89,.T.);
#110=FACE_BOUND('',#90,.T.);
#111=FACE_BOUND('',#91,.T.);
#112=FACE_BOUND('',#92,.T.);
#113=FACE_BOUND('',#93,.T.);
#114=FACE_BOUND('',#94,.T.);
#115=FACE_BOUND('',#95,.T.);
#116=FACE_BOUND('',#96,.T.);
#117=CYLINDRICAL_SURFACE('',#143,0.00315);
#118=CYLINDRICAL_SURFACE('',#147,0.0065);
#119=CYLINDRICAL_SURFACE('',#156,0.005075);
#120=ADVANCED_FACE('',(#97,#98),#117,.F.);
#121=ADVANCED_FACE('',(#99),#26,.T.);
#122=ADVANCED_FACE('',(#100,#101),#20,.T.);
#123=ADVANCED_FACE('',(#102,#103,#104,#105),#118,.T.);
#124=ADVANCED_FACE('',(#106,#107),#27,.F.);
#125=ADVANCED_FACE('',(#108,#109),#28,.T.);
#126=ADVANCED_FACE('',(#110),#29,.T.);
#127=ADVANCED_FACE('',(#111,#112),#21,.T.);
#128=ADVANCED_FACE('',(#113,#114),#30,.T.);
#129=ADVANCED_FACE('',(#115,#116),#119,.F.);
#130=CLOSED_SHELL('',(#120,#121,#122,#123,#124,#125,#126,#127,#128,#129));
#131=STYLED_ITEM('',(#132),#139);
#132=PRESENTATION_STYLE_ASSIGNMENT((#133));
#133=SURFACE_STYLE_USAGE(.BOTH.,#134);
#134=SURFACE_SIDE_STYLE('',(#135));
#135=SURFACE_STYLE_FILL_AREA(#136);
#136=FILL_AREA_STYLE('',(#137));
#137=FILL_AREA_STYLE_COLOUR('',#138);
#138=DRAUGHTING_PRE_DEFINED_COLOUR('white');
#139=MANIFOLD_SOLID_BREP('CCW 8038 propeller',#130);
#140=SHAPE_DEFINITION_REPRESENTATION(#3255,#141);
#141=SHAPE_REPRESENTATION('CCW 8038 propeller',(#142),#3250);
#142=AXIS2_PLACEMENT_3D('',#187,#157,#158);
#143=AXIS2_PLACEMENT_3D('',#188,#159,#160);
#144=AXIS2_PLACEMENT_3D('',#189,#161,#162);
#145=AXIS2_PLACEMENT_3D('',#191,#163,#164);
#146=AXIS2_PLACEMENT_3D('',#193,#165,#166);
#147=AXIS2_PLACEMENT_3D('',#1714,#167,#168);
#148=AXIS2_PLACEMENT_3D('',#1760,#169,#170);
#149=AXIS2_PLACEMENT_3D('',#1762,#171,#172);
#150=AXIS2_PLACEMENT_3D('',#1764,#173,#174);
#151=AXIS2_PLACEMENT_3D('',#1765,#175,#176);
#152=AXIS2_PLACEMENT_3D('',#1766,#177,#178);
#153=AXIS2_PLACEMENT_3D('',#1768,#179,#180);
#154=AXIS2_PLACEMENT_3D('',#3245,#181,#182);
#155=AXIS2_PLACEMENT_3D('',#3246,#183,#184);
#156=AXIS2_PLACEMENT_3D('',#3248,#185,#186);
#157=DIRECTION('',(0.,0.,1.));
#158=DIRECTION('',(1.,0.,0.));
#159=DIRECTION('',(0.,1.,0.));
#160=DIRECTION('',(0.,0.,1.));
#161=DIRECTION('',(0.,1.,0.));
#162=DIRECTION('',(0.,0.,1.));
#163=DIRECTION('',(0.,1.,0.));
#164=DIRECTION('',(0.,0.,1.));
#165=DIRECTION('',(-7.90865016775707E-14,6.63341602975985E-14,1.));
#166=DIRECTION('',(1.,0.,7.90865016775707E-14));
#167=DIRECTION('',(0.,1.,0.));
#168=DIRECTION('',(0.,0.,1.));
#169=DIRECTION('',(0.,1.,0.));
#170=DIRECTION('',(0.,0.,1.));
#171=DIRECTION('',(0.,1.,0.));
#172=DIRECTION('',(0.,0.,1.));
#173=DIRECTION('',(0.,1.,0.));
#174=DIRECTION('',(0.,0.,1.));
#175=DIRECTION('',(0.,1.,0.));
#176=DIRECTION('',(0.,0.,1.));
#177=DIRECTION('',(0.,1.,0.));
#178=DIRECTION('',(0.,0.,1.));
#179=DIRECTION('',(7.90865016775707E-14,6.63341602975985E-14,-1.));
#180=DIRECTION('',(-1.,0.,-7.90865016775707E-14));
#181=DIRECTION('',(0.,1.,0.));
#182=DIRECTION('',(0.,0.,1.));
#183=DIRECTION('',(0.,1.,0.));
#184=DIRECTION('',(0.,0.,1.));
#185=DIRECTION('',(0.,1.,0.));
#186=DIRECTION('',(0.,0.,1.));
#187=CARTESIAN_POINT('',(0.,0.,0.));
#188=CARTESIAN_POINT('',(0.005,-0.0004,0.0038));
#189=CARTESIAN_POINT('',(0.005,-0.0004,0.0038));
#190=CARTESIAN_POINT('',(0.005,-0.0004,0.00695));
#191=CARTESIAN_POINT('',(0.005,0.0058,0.0038));
#192=CARTESIAN_POINT('',(0.005,0.0058,0.00695));
#193=CARTESIAN_POINT('',(-0.0191649397844589,0.00368601429932996,0.1016));
#194=CARTESIAN_POINT('',(-0.0246208248820649,0.00333419439702311,0.1016));
#195=CARTESIAN_POINT('',(-0.0247212039094283,0.00326229014838074,0.1016));
#196=CARTESIAN_POINT('',(-0.024746966457414,0.00311362253430612,0.1016));
#197=CARTESIAN_POINT('',(-0.0247229589042227,0.00301031481250095,0.1016));
#198=CARTESIAN_POINT('',(-0.0246621282467025,0.00296809145102967,0.1016));
#199=CARTESIAN_POINT('',(-0.0245592480638209,0.00298231938024602,0.1016));
#200=CARTESIAN_POINT('',(-0.024526799541144,0.00299071702403163,0.1016));
#201=CARTESIAN_POINT('',(-0.0244149892589808,0.0030207853023024,0.1016));
#202=CARTESIAN_POINT('',(-0.0243063357862864,0.00304724802557032,0.1016));
#203=CARTESIAN_POINT('',(-0.0241584279716065,0.00305955335902087,0.1016));
#204=CARTESIAN_POINT('',(-0.0240653970589849,0.00305915910094321,0.1016));
#205=CARTESIAN_POINT('',(-0.0239590138585254,0.00305569939492748,0.1016));
#206=CARTESIAN_POINT('',(-0.0238410100213169,0.00305033771790667,0.1016));
#207=CARTESIAN_POINT('',(-0.0237412344968549,0.00304833150866109,0.1016));
#208=CARTESIAN_POINT('',(-0.023645027473608,0.00304992065883996,0.1016));
#209=CARTESIAN_POINT('',(-0.0233883514332542,0.00305982186975923,0.1016));
#210=CARTESIAN_POINT('',(-0.02319721530803,0.00306822980499252,0.1016));
#211=CARTESIAN_POINT('',(-0.0229847504656565,0.00307187872919562,0.1016));
#212=CARTESIAN_POINT('',(-0.0228857816165508,0.00307199571244362,0.1016));
#213=CARTESIAN_POINT('',(-0.0226049916073775,0.00307133839025345,0.1016));
#214=CARTESIAN_POINT('',(-0.0224742040683713,0.0030707435444335,0.1016));
#215=CARTESIAN_POINT('',(-0.0222442024934262,0.00307017284415908,0.1016));
#216=CARTESIAN_POINT('',(-0.0218563211836361,0.00306989508036339,0.1016));
#217=CARTESIAN_POINT('',(-0.0214850578158669,0.0030687801905843,0.1016));
#218=CARTESIAN_POINT('',(-0.0209659575297153,0.00306195067050986,0.1016));
#219=CARTESIAN_POINT('',(-0.0204889555815188,0.00304976381934392,0.1016));
#220=CARTESIAN_POINT('',(-0.0201364596487015,0.00304537719028406,0.1016));
#221=CARTESIAN_POINT('',(-0.0199241966510555,0.00305482117574155,0.1016));
#222=CARTESIAN_POINT('',(-0.0196972097744994,0.00307775784822907,0.1016));
#223=CARTESIAN_POINT('',(-0.0195411295289683,0.0031031074036835,0.1016));
#224=CARTESIAN_POINT('',(-0.0193130064548035,0.00318206696854914,0.1016));
#225=CARTESIAN_POINT('',(-0.019185729341701,0.00328336205837004,0.1016));
#226=CARTESIAN_POINT('',(-0.0191096928211903,0.00348077170358416,0.1016));
#227=CARTESIAN_POINT('',(-0.0191657966402802,0.00374110873611983,0.1016));
#228=CARTESIAN_POINT('',(-0.0193570644403157,0.0040045252532834,0.1016));
#229=CARTESIAN_POINT('',(-0.0197600071970229,0.00432068646289303,0.1016));
#230=CARTESIAN_POINT('',(-0.0203486689167117,0.00456949207732175,0.1016));
#231=CARTESIAN_POINT('',(-0.0210103200101832,0.00463288918569051,0.1016));
#232=CARTESIAN_POINT('',(-0.0214815370227053,0.00459217150171232,0.1016));
#233=CARTESIAN_POINT('',(-0.0218940939792581,0.00451555201523597,0.1016));
#234=CARTESIAN_POINT('',(-0.0222560066443261,0.0044203946157471,0.1016));
#235=CARTESIAN_POINT('',(-0.0226516951635957,0.00429194189285345,0.1016));
#236=CARTESIAN_POINT('',(-0.0229237686528644,0.00418535885903523,0.1016));
#237=CARTESIAN_POINT('',(-0.0232680118709112,0.00403881474110519,0.1016));
#238=CARTESIAN_POINT('',(-0.0235637529788274,0.00390360215632509,0.1016));
#239=CARTESIAN_POINT('',(-0.0237088085044492,0.00383302191225048,0.1016));
#240=CARTESIAN_POINT('',(-0.0238787339992502,0.00373575242347532,0.1016));
#241=CARTESIAN_POINT('',(-0.0239440195116115,0.00369344752709494,0.1016));
#242=CARTESIAN_POINT('',(-0.0240786669550929,0.00360367591121899,0.1016));
#243=CARTESIAN_POINT('',(-0.0242427096823918,0.00349900204611249,0.1016));
#244=CARTESIAN_POINT('',(-0.0243523449975481,0.00343846859864841,0.1016));
#245=CARTESIAN_POINT('',(-0.0244751394329682,0.00338806925172173,0.1016));
#246=CARTESIAN_POINT('',(-0.0246208248820649,0.00333419439702311,0.1016));
#247=CARTESIAN_POINT('',(-0.0247212039094283,0.00326229014838074,0.1016));
#248=CARTESIAN_POINT('',(-0.024746966457414,0.00311362253430612,0.1016));
#249=CARTESIAN_POINT('',(-0.0247226998218423,0.00321551186936665,0.1016));
#250=CARTESIAN_POINT('',(0.0110415657060964,0.00317657437667948,0.00456970655162304));
#251=CARTESIAN_POINT('',(0.00960445621774767,0.00452063205710108,0.00988078335328426));
#252=CARTESIAN_POINT('',(0.00774069382200377,0.00627883389235587,0.0169388734777624));
#253=CARTESIAN_POINT('',(0.00717632416856729,0.00736942515851207,0.0253625260060431));
#254=CARTESIAN_POINT('',(0.00678649581289206,0.00779239407393093,0.0304685347358335));
#255=CARTESIAN_POINT('',(0.00637897766137535,0.00841105273436933,0.0355383598640033));
#256=CARTESIAN_POINT('',(0.00601077068394797,0.00858030534571747,0.0406334176693161));
#257=CARTESIAN_POINT('',(0.00547619806811876,0.00829475812806808,0.0457195645463605));
#258=CARTESIAN_POINT('',(0.00459456653509151,0.00813803472841353,0.0508047875683789));
#259=CARTESIAN_POINT('',(0.00348845359772092,0.00767436406386214,0.0558794861511231));
#260=CARTESIAN_POINT('',(0.00224821866022766,0.00727461680048473,0.0609710102012903));
#261=CARTESIAN_POINT('',(0.000676670615164636,0.00691863020978229,0.0660530145044918));
#262=CARTESIAN_POINT('',(-0.00115304142035973,0.00655795051361435,0.0711349457013771));
#263=CARTESIAN_POINT('',(-0.00318244163172445,0.00600572068322518,0.0762201677227365));
#264=CARTESIAN_POINT('',(-0.00552871611218502,0.00559275753113304,0.0813055581060264));
#265=CARTESIAN_POINT('',(-0.00817909253969554,0.00519341290393449,0.0863809737304306));
#266=CARTESIAN_POINT('',(-0.0109302332535888,0.00459564331591115,0.0916151117300128));
#267=CARTESIAN_POINT('',(-0.0152916963745337,0.00420086564171116,0.0964744502810935));
#268=CARTESIAN_POINT('',(-0.0178731814584232,0.00384613842098341,0.0998962163910126));
#269=CARTESIAN_POINT('',(-0.0191585679610326,0.00366951079509584,0.1016));
#270=CARTESIAN_POINT('',(0.0110397252897355,0.00324880850595463,0.00456970655162303));
#271=CARTESIAN_POINT('',(0.00958991663629967,0.00460182082729082,0.00988078335328424));
#272=CARTESIAN_POINT('',(0.00770927580499471,0.00637208316644945,0.0169388734777623));
#273=CARTESIAN_POINT('',(0.00712468878124578,0.00748284625316692,0.0253625260060432));
#274=CARTESIAN_POINT('',(0.0067341316776555,0.00791874628300711,0.0304685347358334));
#275=CARTESIAN_POINT('',(0.00628703676687673,0.00853205456522737,0.0355383598640033));
#276=CARTESIAN_POINT('',(0.00591408222025948,0.00870994611586069,0.040633417669316));
#277=CARTESIAN_POINT('',(0.00538429058027911,0.00843377286577393,0.0457195645463605));
#278=CARTESIAN_POINT('',(0.00448148838020252,0.00827453185443585,0.0508047875683789));
#279=CARTESIAN_POINT('',(0.00337940004645961,0.00781496083164367,0.0558794861511231));
#280=CARTESIAN_POINT('',(0.00213818163708743,0.00741586727392622,0.0609710102012902));
#281=CARTESIAN_POINT('',(0.000573844479463126,0.00705932847832506,0.0660530145044917));
#282=CARTESIAN_POINT('',(-0.00126081756576055,0.00669315488348353,0.0711349457013772));
#283=CARTESIAN_POINT('',(-0.00322750981276754,0.00614666540333493,0.0762201677227365));
#284=CARTESIAN_POINT('',(-0.00556479694224721,0.00572351714817499,0.0813055581060264));
#285=CARTESIAN_POINT('',(-0.00822530900682405,0.00530892783235448,0.0863809737304307));
#286=CARTESIAN_POINT('',(-0.0109373694073642,0.00470184789742356,0.0916151117300128));
#287=CARTESIAN_POINT('',(-0.0153529854436593,0.00426452177046683,0.0964744502810935));
#288=CARTESIAN_POINT('',(-0.0179053079278501,0.0038978434823166,0.0998962163910127));
#289=CARTESIAN_POINT('',(-0.0191761736368791,0.0037152651186725,0.1016));
#290=CARTESIAN_POINT('',(0.0110330790605249,0.00331818686128756,0.00456970655162303));
#291=CARTESIAN_POINT('',(0.00956779066175098,0.00467802968104866,0.00988078335328424));
#292=CARTESIAN_POINT('',(0.00766621963811091,0.00645737235135569,0.0169388734777623));
#293=CARTESIAN_POINT('',(0.00704373188862493,0.00757908156561497,0.0253625260060432));
#294=CARTESIAN_POINT('',(0.00663779365069328,0.00802327789686768,0.0304685347358335));
#295=CARTESIAN_POINT('',(0.00615179419374274,0.00862851183854652,0.0355383598640033));
#296=CARTESIAN_POINT('',(0.00576456249637257,0.0088126043510053,0.040633417669316));
#297=CARTESIAN_POINT('',(0.00522781203230682,0.00854585669838469,0.0457195645463605));
#298=CARTESIAN_POINT('',(0.00430879658057208,0.00838374170140471,0.0508047875683789));
#299=CARTESIAN_POINT('',(0.00320739745984695,0.00792971711717564,0.0558794861511232));
#300=CARTESIAN_POINT('',(0.00196633182331806,0.00753257895960474,0.0609710102012902));
#301=CARTESIAN_POINT('',(0.000410130916307749,0.00717748139912185,0.0660530145044918));
#302=CARTESIAN_POINT('',(-0.00141984736969768,0.0068069910990167,0.0711349457013773));
#303=CARTESIAN_POINT('',(-0.00334371045091053,0.00627354994689753,0.0762201677227366));
#304=CARTESIAN_POINT('',(-0.00566096568584171,0.00584268436119906,0.0813055581060264));
#305=CARTESIAN_POINT('',(-0.00831344829149248,0.00541383985362413,0.0863809737304308));
#306=CARTESIAN_POINT('',(-0.0109851437287913,0.00480244777263339,0.0916151117300127));
#307=CARTESIAN_POINT('',(-0.0154126800030738,0.00431967325431816,0.0964744502810935));
#308=CARTESIAN_POINT('',(-0.0179391917725512,0.00394499476832298,0.0998962163910127));
#309=CARTESIAN_POINT('',(-0.0191972056760354,0.00375843290448656,0.1016));
#310=CARTESIAN_POINT('',(0.0110144195882979,0.00341846040651523,0.00456970655162303));
#311=CARTESIAN_POINT('',(0.00952166765289921,0.00478481402684936,0.00988078335328424));
#312=CARTESIAN_POINT('',(0.00758301100808397,0.00657255848983664,0.0169388734777623));
#313=CARTESIAN_POINT('',(0.00689506370972938,0.00769526279347731,0.0253625260060431));
#314=CARTESIAN_POINT('',(0.00645847288433691,0.00814365761888734,0.0304685347358335));
#315=CARTESIAN_POINT('',(0.00593742766132102,0.0087304204387713,0.0355383598640033));
#316=CARTESIAN_POINT('',(0.00553564527799191,0.00891644226792255,0.0406334176693161));
#317=CARTESIAN_POINT('',(0.0049874564872826,0.00865868972038954,0.0457195645463604));
#318=CARTESIAN_POINT('',(0.00406857455131326,0.00848659648132279,0.050804787568379));
#319=CARTESIAN_POINT('',(0.00296891059675156,0.00803845302667912,0.055879486151123));
#320=CARTESIAN_POINT('',(0.00173256395518487,0.00764253377509924,0.0609710102012904));
#321=CARTESIAN_POINT('',(0.000184192744873004,0.0072915025399786,0.0660530145044917));
#322=CARTESIAN_POINT('',(-0.00163265234081117,0.00691596235650516,0.0711349457013771));
#323=CARTESIAN_POINT('',(-0.00354713058154496,0.00641775107130465,0.0762201677227365));
#324=CARTESIAN_POINT('',(-0.0058345460569122,0.0059827058951909,0.0813055581060264));
#325=CARTESIAN_POINT('',(-0.00846453896523631,0.00553851702049123,0.0863809737304305));
#326=CARTESIAN_POINT('',(-0.0110920314382148,0.00493327313590371,0.0916151117300128));
#327=CARTESIAN_POINT('',(-0.0154949441104509,0.00438776825685912,0.0964744502810934));
#328=CARTESIAN_POINT('',(-0.0179901387817321,0.00400772827863998,0.0998962163910126));
#329=CARTESIAN_POINT('',(-0.0192325591125191,0.00381849679266183,0.1016));
#330=CARTESIAN_POINT('',(0.0109967242427398,0.00348921641388746,0.00456970655162303));
#331=CARTESIAN_POINT('',(0.00948226751826842,0.00485845475924103,0.00988078335328423));
#332=CARTESIAN_POINT('',(0.00751440034814395,0.00664973437105003,0.0169388734777623));
#333=CARTESIAN_POINT('',(0.00677839473342582,0.00776590254542307,0.0253625260060432));
#334=CARTESIAN_POINT('',(0.00631959502465409,0.00821321835653955,0.0304685347358333));
#335=CARTESIAN_POINT('',(0.00579061959827309,0.00878260645157551,0.0355383598640033));
#336=CARTESIAN_POINT('',(0.00537956618663299,0.00896758595182859,0.0406334176693161));
#337=CARTESIAN_POINT('',(0.00482600481544359,0.00871296285834268,0.0457195645463604));
#338=CARTESIAN_POINT('',(0.0039043691424119,0.00853622048508264,0.050804787568379));
#339=CARTESIAN_POINT('',(0.00280472392261836,0.00809210526584788,0.0558794861511231));
#340=CARTESIAN_POINT('',(0.00157004221374067,0.00769808896492625,0.0609710102012903));
#341=CARTESIAN_POINT('',(2.63914871557195E-5,0.00735033716539151,0.0660530145044917));
#342=CARTESIAN_POINT('',(-0.00178253601023846,0.0069739023793684,0.0711349457013771));
#343=CARTESIAN_POINT('',(-0.0036856289014407,0.00649290879281944,0.0762201677227366));
#344=CARTESIAN_POINT('',(-0.0059604894461532,0.00606145176343486,0.0813055581060265));
#345=CARTESIAN_POINT('',(-0.00857227488953288,0.00560965898461758,0.0863809737304306));
#346=CARTESIAN_POINT('',(-0.0111778379363552,0.00501488493869386,0.0916151117300128));
#347=CARTESIAN_POINT('',(-0.0155554731585938,0.00443314063450424,0.0964744502810934));
#348=CARTESIAN_POINT('',(-0.0180282632966714,0.00405022364321726,0.0998962163910126));
#349=CARTESIAN_POINT('',(-0.0192595278455571,0.00385955961990303,0.1016));
#350=CARTESIAN_POINT('',(0.01095846744843,0.00360726030508781,0.00456970655162304));
#351=CARTESIAN_POINT('',(0.00940368788766491,0.00497801318877968,0.00988078335328431));
#352=CARTESIAN_POINT('',(0.00738213764613856,0.00677058449036142,0.0169388734777625));
#353=CARTESIAN_POINT('',(0.00657858406869623,0.00786231207449923,0.0253625260060431));
#354=CARTESIAN_POINT('',(0.00609477185637892,0.00829937067862448,0.0304685347358336));
#355=CARTESIAN_POINT('',(0.00554243518099093,0.00884514673584462,0.0355383598640033));
#356=CARTESIAN_POINT('',(0.00511256380829197,0.00902997085187523,0.0406334176693161));
#357=CARTESIAN_POINT('',(0.00454856707086447,0.00878024714267631,0.0457195645463605));
#358=CARTESIAN_POINT('',(0.00361624161410697,0.0086034210466328,0.0508047875683789));
#359=CARTESIAN_POINT('',(0.00251625480863379,0.00816675538207629,0.0558794861511231));
#360=CARTESIAN_POINT('',(0.00128323679522416,0.00777803935271225,0.0609710102012902));
#361=CARTESIAN_POINT('',(-0.000251771332707177,0.00743537808253732,0.0660530145044918));
#362=CARTESIAN_POINT('',(-0.00204916101710926,0.00706144367866864,0.0711349457013769));
#363=CARTESIAN_POINT('',(-0.00392329401881558,0.00659258596729601,0.0762201677227363));
#364=CARTESIAN_POINT('',(-0.00617407658679693,0.00616613394598341,0.0813055581060265));
#365=CARTESIAN_POINT('',(-0.00875910086375351,0.00570917046323656,0.0863809737304307));
#366=CARTESIAN_POINT('',(-0.0113226361371333,0.00512654052499238,0.0916151117300127));
#367=CARTESIAN_POINT('',(-0.0156660342084012,0.00450823119503291,0.0964744502810935));
#368=CARTESIAN_POINT('',(-0.0180977473382588,0.00411939555939256,0.0998962163910127));
#369=CARTESIAN_POINT('',(-0.0193085586091988,0.00392578449384551,0.1016));
#370=CARTESIAN_POINT('',(0.0109011334385831,0.00373873184091512,0.00456970655162304));
#371=CARTESIAN_POINT('',(0.00930330502405082,0.00510326298148539,0.00988078335328427));
#372=CARTESIAN_POINT('',(0.0072244122364817,0.0068866979543272,0.0169388734777624));
#373=CARTESIAN_POINT('',(0.00634761831648541,0.00793624293564249,0.0253625260060432));
#374=CARTESIAN_POINT('',(0.00583017669260798,0.00835991497422811,0.0304685347358335));
#375=CARTESIAN_POINT('',(0.00524381473142082,0.00889007856330683,0.0355383598640033));
#376=CARTESIAN_POINT('',(0.00479257203729749,0.00907426193157167,0.040633417669316));
#377=CARTESIAN_POINT('',(0.00421419511895912,0.00883163200867127,0.0457195645463605));
#378=CARTESIAN_POINT('',(0.00327221990827874,0.00865562307321948,0.0508047875683789));
#379=CARTESIAN_POINT('',(0.00217144955478126,0.00822794433082954,0.0558794861511231));
#380=CARTESIAN_POINT('',(0.000940759888246165,0.00784589417773782,0.06097101020129));
#381=CARTESIAN_POINT('',(-0.000584740052632883,0.0075097147214952,0.0660530145044918));
#382=CARTESIAN_POINT('',(-0.00236773114465781,0.00713953962165394,0.071134945701377));
#383=CARTESIAN_POINT('',(-0.00421586258251432,0.00668573410518838,0.0762201677227366));
#384=CARTESIAN_POINT('',(-0.00643651068060174,0.00626299917640198,0.0813055581060264));
#385=CARTESIAN_POINT('',(-0.00898935717050286,0.00580438016582134,0.0863809737304308));
#386=CARTESIAN_POINT('',(-0.0115035377468953,0.00522916923010321,0.0916151117300129));
#387=CARTESIAN_POINT('',(-0.0157999720531871,0.00458611842184253,0.0964744502810933));
#388=CARTESIAN_POINT('',(-0.018184111913035,0.00419215693835931,0.0998962163910127));
#389=CARTESIAN_POINT('',(-0.0193712352535131,0.00399599358394848,0.1016));
#390=CARTESIAN_POINT('',(0.0108122713824626,0.00389052743646314,0.00456970655162304));
#391=CARTESIAN_POINT('',(0.00916551153312441,0.00523698656500309,0.00988078335328425));
#392=CARTESIAN_POINT('',(0.00702131416751857,0.00699580308528917,0.0169388734777623));
#393=CARTESIAN_POINT('',(0.00605657230242131,0.00799427833601203,0.0253625260060432));
#394=CARTESIAN_POINT('',(0.00550181284123068,0.00840158276480427,0.0304685347358335));
#395=CARTESIAN_POINT('',(0.00488589539874924,0.00891631313663985,0.0355383598640033));
#396=CARTESIAN_POINT('',(0.00441089238360525,0.00910006192869752,0.0406334176693161));
#397=CARTESIAN_POINT('',(0.00381633804363684,0.00886560787932254,0.0457195645463605));
#398=CARTESIAN_POINT('',(0.00286562243917232,0.00869223350518641,0.0508047875683789));
#399=CARTESIAN_POINT('',(0.00176338403773235,0.008275204085526,0.0558794861511232));
#400=CARTESIAN_POINT('',(0.000535417717041303,0.0079016255126596,0.0609710102012902));
#401=CARTESIAN_POINT('',(-0.000979819521530901,0.00757343447947811,0.0660530145044917));
#402=CARTESIAN_POINT('',(-0.00274526242543812,0.00720926640609953,0.0711349457013773));
#403=CARTESIAN_POINT('',(-0.00456956909870532,0.00677106665140507,0.0762201677227363));
#404=CARTESIAN_POINT('',(-0.00675768388775656,0.00635458415207691,0.0813055581060265));
#405=CARTESIAN_POINT('',(-0.00927066073586816,0.00589674593397881,0.0863809737304307));
#406=CARTESIAN_POINT('',(-0.011735737011601,0.00533126790852441,0.0916151117300127));
#407=CARTESIAN_POINT('',(-0.0159610705940919,0.00466905567270699,0.0964744502810935));
#408=CARTESIAN_POINT('',(-0.0182926524288408,0.00427107476891338,0.0998962163910126));
#409=CARTESIAN_POINT('',(-0.0194536058036323,0.00407291004380026,0.1016));
#410=CARTESIAN_POINT('',(0.0107075642760276,0.00403621317196703,0.00456970655162303));
#411=CARTESIAN_POINT('',(0.00901468150607051,0.00535749874729828,0.00988078335328423));
#412=CARTESIAN_POINT('',(0.00680908143190109,0.00708263190285567,0.0169388734777623));
#413=CARTESIAN_POINT('',(0.00576715729479455,0.00803264488572412,0.0253625260060432));
#414=CARTESIAN_POINT('',(0.00517916559769276,0.00842496909773342,0.0304685347358334));
#415=CARTESIAN_POINT('',(0.00453494201826814,0.00892406992119518,0.0355383598640033));
#416=CARTESIAN_POINT('',(0.00403604303736703,0.00910653894018261,0.0406334176693161));
#417=CARTESIAN_POINT('',(0.00342520327281476,0.00887972642878285,0.0457195645463604));
#418=CARTESIAN_POINT('',(0.00246428745720661,0.00870898759731095,0.0508047875683791));
#419=CARTESIAN_POINT('',(0.0013600411524205,0.00830262143140834,0.0558794861511231));
#420=CARTESIAN_POINT('',(0.000134053908898029,0.00793769705712224,0.0609710102012903));
#421=CARTESIAN_POINT('',(-0.00137131296442754,0.00761775088286634,0.0660530145044918));
#422=CARTESIAN_POINT('',(-0.00312033549805677,0.00726016345979692,0.0711349457013773));
#423=CARTESIAN_POINT('',(-0.00491898026306417,0.00683744441273228,0.0762201677227366));
#424=CARTESIAN_POINT('',(-0.0070756817318403,0.00642828658767463,0.0813055581060262));
#425=CARTESIAN_POINT('',(-0.00955012188163853,0.00597297731521732,0.0863809737304308));
#426=CARTESIAN_POINT('',(-0.0119673253959342,0.00541881928043181,0.0916151117300126));
#427=CARTESIAN_POINT('',(-0.0161245813082777,0.00474145780070395,0.0964744502810937));
#428=CARTESIAN_POINT('',(-0.018403956221442,0.00434258143262743,0.0998962163910128));
#429=CARTESIAN_POINT('',(-0.0195389144538379,0.00414397083327315,0.1016));
#430=CARTESIAN_POINT('',(0.0105794197388397,0.00418333871250804,0.00456970655162304));
#431=CARTESIAN_POINT('',(0.00884526518708525,0.00547372908420386,0.00988078335328432));
#432=CARTESIAN_POINT('',(0.00658450757276025,0.00715766440276116,0.0169388734777625));
#433=CARTESIAN_POINT('',(0.00546558672359595,0.00805346266618581,0.025362526006043));
#434=CARTESIAN_POINT('',(0.00484306178541228,0.00842764777236427,0.0304685347358336));
#435=CARTESIAN_POINT('',(0.00416878854822322,0.00891067815508872,0.0355383598640033));
#436=CARTESIAN_POINT('',(0.00364466857996355,0.00909228022234749,0.040633417669316));
#437=CARTESIAN_POINT('',(0.00301616763811918,0.0088736494974696,0.0457195645463606));
#438=CARTESIAN_POINT('',(0.00204440618328136,0.00870695188266799,0.0508047875683787));
#439=CARTESIAN_POINT('',(0.000937567583902261,0.00831206626606734,0.0558794861511233));
#440=CARTESIAN_POINT('',(-0.000286723153980154,0.0079567118404832,0.0609710102012901));
#441=CARTESIAN_POINT('',(-0.00178215968638021,0.00764565830098777,0.0660530145044919));
#442=CARTESIAN_POINT('',(-0.00351432567720126,0.00729565959193488,0.0711349457013768));
#443=CARTESIAN_POINT('',(-0.00528726998506543,0.0068875933676962,0.0762201677227368));
#444=CARTESIAN_POINT('',(-0.00741127132999615,0.00648682842537176,0.0813055581060262));
#445=CARTESIAN_POINT('',(-0.00984592964219486,0.00603563010134537,0.0863809737304307));
#446=CARTESIAN_POINT('',(-0.012213209908097,0.00549434158145842,0.0916151117300129));
#447=CARTESIAN_POINT('',(-0.0163000924363382,0.00480584432586198,0.0964744502810933));
#448=CARTESIAN_POINT('',(-0.0185244963742305,0.00440939732147709,0.0998962163910125));
#449=CARTESIAN_POINT('',(-0.0196320831722181,0.00421199636354924,0.1016));
#450=CARTESIAN_POINT('',(0.0103690648803836,0.00438584532137002,0.00456970655162303));
#451=CARTESIAN_POINT('',(0.00858616638751172,0.00562457027271385,0.00988078335328424));
#452=CARTESIAN_POINT('',(0.00625981498542112,0.00723985093769202,0.0169388734777623));
#453=CARTESIAN_POINT('',(0.00503320089687606,0.00805390873690846,0.0253625260060432));
#454=CARTESIAN_POINT('',(0.00436264515272925,0.00840381293510925,0.0304685347358334));
#455=CARTESIAN_POINT('',(0.00364696567621389,0.00886967147062205,0.0355383598640033));
#456=CARTESIAN_POINT('',(0.00308709502252235,0.0090510847372873,0.0406334176693161));
#457=CARTESIAN_POINT('',(0.0024330435793696,0.00884470929016604,0.0457195645463605));
#458=CARTESIAN_POINT('',(0.00144592824648196,0.00868535893225386,0.0508047875683789));
#459=CARTESIAN_POINT('',(0.000334897371065926,0.00830703274961209,0.0558794861511231));
#460=CARTESIAN_POINT('',(-0.000887312948652171,0.00796583131669057,0.0609710102012902));
#461=CARTESIAN_POINT('',(-0.00236903709537554,0.00766761718285661,0.0660530145044917));
#462=CARTESIAN_POINT('',(-0.00407734311541805,0.00732942388870632,0.0711349457013772));
#463=CARTESIAN_POINT('',(-0.00581530777374018,0.00694003441890259,0.0762201677227365));
#464=CARTESIAN_POINT('',(-0.00789379919873965,0.0065510851555175,0.0813055581060263));
#465=CARTESIAN_POINT('',(-0.0102716581979178,0.00610783116643213,0.0863809737304307));
#466=CARTESIAN_POINT('',(-0.0125709700985166,0.0055818541064865,0.0916151117300127));
#467=CARTESIAN_POINT('',(-0.0165534566178809,0.00488811858155161,0.0964744502810935));
#468=CARTESIAN_POINT('',(-0.0187019985573518,0.00449496959562836,0.0998962163910127));
#469=CARTESIAN_POINT('',(-0.0197718117538415,0.00429921080423573,0.1016));
#470=CARTESIAN_POINT('',(0.0100826236967758,0.00460426391038767,0.00456970655162304));
#471=CARTESIAN_POINT('',(0.00826079582958724,0.00577017077437784,0.00988078335328431));
#472=CARTESIAN_POINT('',(0.00588124160091834,0.00728960246713318,0.0169388734777625));
#473=CARTESIAN_POINT('',(0.00453822859077868,0.00802248092073894,0.0253625260060431));
#474=CARTESIAN_POINT('',(0.00381473550526412,0.0083462537036553,0.0304685347358336));
#475=CARTESIAN_POINT('',(0.00305245509731895,0.00879276244521738,0.0355383598640033));
#476=CARTESIAN_POINT('',(0.002451433190959,0.00897332465068349,0.0406334176693161));
#477=CARTESIAN_POINT('',(0.00176738280046665,0.00878087253424654,0.0457195645463605));
#478=CARTESIAN_POINT('',(0.000762130137919498,0.0086296870682469,0.0508047875683789));
#479=CARTESIAN_POINT('',(-0.000354573270020265,0.00827056417551059,0.0558794861511231));
#480=CARTESIAN_POINT('',(-0.00157515087907674,0.00794587136291304,0.0609710102012901));
#481=CARTESIAN_POINT('',(-0.00304181547094334,0.00766292274788558,0.0660530145044917));
#482=CARTESIAN_POINT('',(-0.00472349397283235,0.00733886347239612,0.0711349457013772));
#483=CARTESIAN_POINT('',(-0.00642209627467504,0.00697249227054077,0.0762201677227366));
#484=CARTESIAN_POINT('',(-0.00844920858857762,0.00659848520553112,0.0813055581060264));
#485=CARTESIAN_POINT('',(-0.0107626960641431,0.00616620717434239,0.0863809737304307));
#486=CARTESIAN_POINT('',(-0.0129854941998469,0.00566009601724382,0.0916151117300127));
#487=CARTESIAN_POINT('',(-0.0168489253390841,0.00496399229378065,0.0964744502810935));
#488=CARTESIAN_POINT('',(-0.0189122721387357,0.00457844524032984,0.0998962163910127));
#489=CARTESIAN_POINT('',(-0.0199396645273364,0.00438647164276026,0.1016));
#490=CARTESIAN_POINT('',(0.00953816820889569,0.00492809351609289,0.00456970655162304));
#491=CARTESIAN_POINT('',(0.00769042728262829,0.00596627109954137,0.00988078335328427));
#492=CARTESIAN_POINT('',(0.00527263608724492,0.00731768605679874,0.0169388734777624));
#493=CARTESIAN_POINT('',(0.00374705273986039,0.00791229099670384,0.0253625260060432));
#494=CARTESIAN_POINT('',(0.0029411099729575,0.00819206544475058,0.0304685347358334));
#495=CARTESIAN_POINT('',(0.00210447188606606,0.0086080832471048,0.0355383598640033));
#496=CARTESIAN_POINT('',(0.00143633277355975,0.0087881330058725,0.040633417669316));
#497=CARTESIAN_POINT('',(0.000702109887536961,0.00861857693857092,0.0457195645463605));
#498=CARTESIAN_POINT('',(-0.000333534496074653,0.00848192936819242,0.0508047875683789));
#499=CARTESIAN_POINT('',(-0.00146114281904067,0.00815435942625295,0.0558794861511232));
#500=CARTESIAN_POINT('',(-0.00268054126944129,0.00785710774062375,0.0609710102012903));
#501=CARTESIAN_POINT('',(-0.00412419144345634,0.00759958564609288,0.0660530145044918));
#502=CARTESIAN_POINT('',(-0.00576412169059112,0.00729964542512721,0.0711349457013769));
#503=CARTESIAN_POINT('',(-0.00740118720157074,0.00697013384464937,0.0762201677227365));
#504=CARTESIAN_POINT('',(-0.00934700764192949,0.0066222164065168,0.0813055581060265));
#505=CARTESIAN_POINT('',(-0.0115580934464307,0.00621062194945573,0.0863809737304306));
#506=CARTESIAN_POINT('',(-0.0136600398145347,0.00574069578525733,0.0916151117300129));
#507=CARTESIAN_POINT('',(-0.0173329859444672,0.00504655053211486,0.0964744502810934));
#508=CARTESIAN_POINT('',(-0.0192614591349328,0.00468243135177218,0.0998962163910127));
#509=CARTESIAN_POINT('',(-0.0202216945533508,0.00450112723242067,0.1016));
#510=CARTESIAN_POINT('',(0.00883514749328524,0.00522548590436916,0.00456970655162303));
#511=CARTESIAN_POINT('',(0.0070164237162448,0.00610486155610564,0.0098807833532842));
#512=CARTESIAN_POINT('',(0.00463085161357266,0.00724838458956788,0.0169388734777622));
#513=CARTESIAN_POINT('',(0.0029151583115749,0.00770823830290337,0.0253625260060433));
#514=CARTESIAN_POINT('',(0.00202368048407378,0.00794428734799255,0.0304685347358335));
#515=CARTESIAN_POINT('',(0.00110702564205496,0.00833392040355386,0.0355383598640033));
#516=CARTESIAN_POINT('',(0.000365698015243439,0.00851492124515397,0.0406334176693161));
#517=CARTESIAN_POINT('',(-0.000424708624109396,0.00837067677333042,0.0457195645463604));
#518=CARTESIAN_POINT('',(-0.00149448656978026,0.00825167581180176,0.050804787568379));
#519=CARTESIAN_POINT('',(-0.00263601920501422,0.00795847863115876,0.055879486151123));
#520=CARTESIAN_POINT('',(-0.00385603853864183,0.0076917358443124,0.0609710102012906));
#521=CARTESIAN_POINT('',(-0.00527665708965378,0.00746217658351081,0.0660530145044915));
#522=CARTESIAN_POINT('',(-0.00687341740779627,0.00718989186404391,0.0711349457013774));
#523=CARTESIAN_POINT('',(-0.00844702918721347,0.00689856140566217,0.0762201677227363));
#524=CARTESIAN_POINT('',(-0.0103078544887612,0.00658022717618391,0.0813055581060264));
#525=CARTESIAN_POINT('',(-0.0124109565645241,0.00619486456351634,0.0863809737304307));
#526=CARTESIAN_POINT('',(-0.0143875670768428,0.00576410448110559,0.0916151117300127));
#527=CARTESIAN_POINT('',(-0.0178568363040174,0.00508566344422173,0.0964744502810936));
#528=CARTESIAN_POINT('',(-0.019647316388801,0.00474830873649382,0.0998962163910128));
#529=CARTESIAN_POINT('',(-0.0205388415610883,0.0045803313227906,0.1016));
#530=CARTESIAN_POINT('',(0.00770437648402709,0.00554471808484947,0.00456970655162304));
#531=CARTESIAN_POINT('',(0.00601129355635391,0.00619238257157395,0.0098807833532843));
#532=CARTESIAN_POINT('',(0.00378020320854662,0.00703325258716669,0.0169388734777624));
#533=CARTESIAN_POINT('',(0.0017989139081148,0.00732203994045183,0.0253625260060431));
#534=CARTESIAN_POINT('',(0.000791710892782167,0.00749993251100304,0.0304685347358334));
#535=CARTESIAN_POINT('',(-0.000236923569473128,0.00785552147598674,0.0355383598640033));
#536=CARTESIAN_POINT('',(-0.00108199720256096,0.0080387482486448,0.040633417669316));
#537=CARTESIAN_POINT('',(-0.00195391600078123,0.00792989917895574,0.0457195645463605));
#538=CARTESIAN_POINT('',(-0.00307346269550758,0.00783618527921331,0.0508047875683791));
#539=CARTESIAN_POINT('',(-0.004237551288024,0.00759100699839885,0.055879486151123));
#540=CARTESIAN_POINT('',(-0.00546120749455302,0.00736726605321017,0.0609710102012902));
#541=CARTESIAN_POINT('',(-0.00685228478135774,0.00717759472267294,0.0660530145044918));
#542=CARTESIAN_POINT('',(-0.00839155940507807,0.00694501622703282,0.0711349457013771));
#543=CARTESIAN_POINT('',(-0.00988024193632643,0.00670802407486968,0.0762201677227367));
#544=CARTESIAN_POINT('',(-0.0116260548034083,0.00643325479448781,0.0813055581060262));
#545=CARTESIAN_POINT('',(-0.0135823220646276,0.00608825786219716,0.0863809737304308));
#546=CARTESIAN_POINT('',(-0.0153898957682737,0.00571718148934748,0.0916151117300127));
#547=CARTESIAN_POINT('',(-0.0185798958391855,0.00506734679026241,0.0964744502810936));
#548=CARTESIAN_POINT('',(-0.0201863193529771,0.00477377009039914,0.0998962163910126));
#549=CARTESIAN_POINT('',(-0.020986198118494,0.00462759085045704,0.1016));
#550=CARTESIAN_POINT('',(0.0064170533317048,0.00574829660889329,0.00456970655162303));
#551=CARTESIAN_POINT('',(0.00494108957816337,0.00615736098700124,0.00988078335328423));
#552=CARTESIAN_POINT('',(0.00298190614989445,0.00668722935743582,0.0169388734777623));
#553=CARTESIAN_POINT('',(0.00072584419573868,0.00682404284268959,0.0253625260060432));
#554=CARTESIAN_POINT('',(-0.000396278779927971,0.00694749888335383,0.0304685347358335));
#555=CARTESIAN_POINT('',(-0.00154033225489936,0.00727390735967104,0.0355383598640033));
#556=CARTESIAN_POINT('',(-0.00249264899513715,0.00746069417350682,0.0406334176693162));
#557=CARTESIAN_POINT('',(-0.003450601481759,0.00738775152863424,0.0457195645463605));
#558=CARTESIAN_POINT('',(-0.00462306157173107,0.00732100714350215,0.0508047875683789));
#559=CARTESIAN_POINT('',(-0.00581325943947752,0.00712431966637953,0.0558794861511231));
#560=CARTESIAN_POINT('',(-0.00704354996300587,0.00694464716677511,0.0609710102012903));
#561=CARTESIAN_POINT('',(-0.00840740191093077,0.00679579015956891,0.0660530145044917));
#562=CARTESIAN_POINT('',(-0.00989140445863245,0.00660478951436535,0.0711349457013772));
#563=CARTESIAN_POINT('',(-0.0112976953567452,0.00642184803884457,0.0762201677227365));
#564=CARTESIAN_POINT('',(-0.0129308386522669,0.00619312641348215,0.0813055581060265));
#565=CARTESIAN_POINT('',(-0.0147425112094213,0.0058928883183339,0.0863809737304306));
#566=CARTESIAN_POINT('',(-0.0163849871653573,0.00558430060696729,0.0916151117300128));
#567=CARTESIAN_POINT('',(-0.0192974395354283,0.00497486250208586,0.0964744502810934));
#568=CARTESIAN_POINT('',(-0.0207255294051806,0.00472694660627656,0.0998962163910127));
#569=CARTESIAN_POINT('',(-0.0214366113535322,0.0046035030317836,0.1016));
#570=CARTESIAN_POINT('',(0.00533177279375798,0.00578514278727834,0.00456970655162304));
#571=CARTESIAN_POINT('',(0.00408777198879045,0.00602740397949054,0.00988078335328427));
#572=CARTESIAN_POINT('',(0.00242093289229773,0.00633990312714114,0.0169388734777624));
#573=CARTESIAN_POINT('',(-5.98910860977587E-5,0.00637230559180648,0.0253625260060431));
#574=CARTESIAN_POINT('',(-0.00127059804703168,0.00645673534236447,0.0304685347358335));
#575=CARTESIAN_POINT('',(-0.00250662571354183,0.00676424060163984,0.0355383598640033));
#576=CARTESIAN_POINT('',(-0.00354384717926792,0.00695419013249696,0.0406334176693161));
#577=CARTESIAN_POINT('',(-0.00457093009569022,0.00690861150041212,0.0457195645463604));
#578=CARTESIAN_POINT('',(-0.00578626717144,0.0068635803135861,0.050804787568379));
#579=CARTESIAN_POINT('',(-0.00699887043283877,0.0067041192481216,0.0558794861511231));
#580=CARTESIAN_POINT('',(-0.00823626562031688,0.00655870063182089,0.0609710102012903));
#581=CARTESIAN_POINT('',(-0.00958078705467694,0.00644167318854467,0.0660530145044917));
#582=CARTESIAN_POINT('',(-0.0110238716849565,0.00628377169173649,0.0711349457013772));
#583=CARTESIAN_POINT('',(-0.0123684620976408,0.00614146372689827,0.0762201677227366));
#584=CARTESIAN_POINT('',(-0.0139166878408045,0.00594938064487722,0.0813055581060264));
#585=CARTESIAN_POINT('',(-0.0156189402145776,0.00568674090877207,0.0863809737304306));
#586=CARTESIAN_POINT('',(-0.0171372033356006,0.00542648348850549,0.0916151117300128));
#587=CARTESIAN_POINT('',(-0.0198377957259278,0.00485894847393074,0.0964744502810934));
#588=CARTESIAN_POINT('',(-0.021131123591599,0.00464506340335685,0.0998962163910126));
#589=CARTESIAN_POINT('',(-0.0217751041407631,0.00453856463466704,0.1016));
#590=CARTESIAN_POINT('',(0.00459669464261584,0.00577074022123653,0.00456970655162304));
#591=CARTESIAN_POINT('',(0.00351973267944949,0.00591367957233913,0.00988078335328425));
#592=CARTESIAN_POINT('',(0.00206366072366948,0.00609657353238181,0.0169388734777623));
#593=CARTESIAN_POINT('',(-0.000569819094335603,0.00606032235069792,0.0253625260060432));
#594=CARTESIAN_POINT('',(-0.001839397669121,0.00611965546034572,0.0304685347358334));
#595=CARTESIAN_POINT('',(-0.00313748742057941,0.00641531401495686,0.0355383598640033));
#596=CARTESIAN_POINT('',(-0.00423147548696632,0.00660746999131113,0.0406334176693161));
#597=CARTESIAN_POINT('',(-0.00530492633289748,0.0065799312492826,0.0457195645463604));
#598=CARTESIAN_POINT('',(-0.0065492631379847,0.00654952377491036,0.050804787568379));
#599=CARTESIAN_POINT('',(-0.00777715472526291,0.00641466061695456,0.0558794861511231));
#600=CARTESIAN_POINT('',(-0.00901969002079085,0.0062919833421382,0.0609710102012903));
#601=CARTESIAN_POINT('',(-0.0103517201628189,0.00619604678746959,0.0660530145044917));
#602=CARTESIAN_POINT('',(-0.0117681146809355,0.00606025450131862,0.0711349457013772));
#603=CARTESIAN_POINT('',(-0.0130718419694362,0.00594439121154441,0.0762201677227366));
#604=CARTESIAN_POINT('',(-0.0145641762198565,0.00577669709934689,0.0813055581060264));
#605=CARTESIAN_POINT('',(-0.0161945442252125,0.00553954001032027,0.0863809737304306));
#606=CARTESIAN_POINT('',(-0.0176307123976841,0.00531104918485956,0.0916151117300128));
#607=CARTESIAN_POINT('',(-0.0201926060957058,0.00477371202026801,0.0964744502810935));
#608=CARTESIAN_POINT('',(-0.0213965832149403,0.0045821082807852,0.0998962163910126));
#609=CARTESIAN_POINT('',(-0.0219960737749178,0.00448670394855888,0.1016));
#610=CARTESIAN_POINT('',(0.00373514671570946,0.0057313964550023,0.00456970655162304));
#611=CARTESIAN_POINT('',(0.0028537488394979,0.00576234439993591,0.00988078335328431));
#612=CARTESIAN_POINT('',(0.0016443598564365,0.00579899644902171,0.0169388734777625));
#613=CARTESIAN_POINT('',(-0.00117070770769062,0.00568145522413513,0.0253625260060432));
#614=CARTESIAN_POINT('',(-0.00251076012493575,0.00571137976553437,0.0304685347358334));
#615=CARTESIAN_POINT('',(-0.00388329743112869,0.00599347643156658,0.0355383598640033));
#616=CARTESIAN_POINT('',(-0.00504522490469866,0.00618839164740861,0.0406334176693159));
#617=CARTESIAN_POINT('',(-0.0061741917461401,0.00618229350727466,0.0457195645463607));
#618=CARTESIAN_POINT('',(-0.00745344234295267,0.00616953858286622,0.0508047875683787));
#619=CARTESIAN_POINT('',(-0.00869978272345954,0.00606393114467737,0.0558794861511232));
#620=CARTESIAN_POINT('',(-0.00994868798542517,0.00596838081699227,0.0609710102012902));
#621=CARTESIAN_POINT('',(-0.0112660157169124,0.0058975455256012,0.0660530145044918));
#622=CARTESIAN_POINT('',(-0.0126508791583272,0.00578821529261775,0.0711349457013772));
#623=CARTESIAN_POINT('',(-0.0139058758526137,0.00570333798067353,0.0762201677227363));
#624=CARTESIAN_POINT('',(-0.0153318812931638,0.00556471432577393,0.0813055581060265));
#625=CARTESIAN_POINT('',(-0.0168770095578404,0.00535826854193357,0.0863809737304307));
#626=CARTESIAN_POINT('',(-0.0182155711889478,0.00516723061291258,0.0916151117300127));
#627=CARTESIAN_POINT('',(-0.0206132708928441,0.00466777723630889,0.0964744502810935));
#628=CARTESIAN_POINT('',(-0.0217108869204547,0.00450224044751437,0.0998962163910126));
#629=CARTESIAN_POINT('',(-0.0222574176115454,0.0044198155071846,0.1016));
#630=CARTESIAN_POINT('',(0.00288265795740469,0.00560965006184067,0.00456970655162304));
#631=CARTESIAN_POINT('',(0.00218914155324906,0.00554747691163042,0.00988078335328426));
#632=CARTESIAN_POINT('',(0.00121629189960671,0.00546203584335873,0.0169388734777624));
#633=CARTESIAN_POINT('',(-0.00179008868172931,0.00525856128937525,0.0253625260060432));
#634=CARTESIAN_POINT('',(-0.00320641736801318,0.00525877402373137,0.0304685347358335));
#635=CARTESIAN_POINT('',(-0.00465838561908334,0.0055269860266563,0.0355383598640025));
#636=CARTESIAN_POINT('',(-0.0058930506544339,0.00572473163007929,0.0406334176693164));
#637=CARTESIAN_POINT('',(-0.00708188848584635,0.00574123356533732,0.0457195645463604));
#638=CARTESIAN_POINT('',(-0.0083984295103319,0.00574697892450074,0.050804787568379));
#639=CARTESIAN_POINT('',(-0.00966510065004205,0.00567222986371041,0.055879486151123));
#640=CARTESIAN_POINT('',(-0.0109213650783025,0.00560536851359341,0.0609710102012902));
#641=CARTESIAN_POINT('',(-0.0122237192134273,0.00556119760547422,0.066053014504492));
#642=CARTESIAN_POINT('',(-0.0135756202153418,0.00547996961013998,0.0711349457013765));
#643=CARTESIAN_POINT('',(-0.0147805008121868,0.00542866644233724,0.0762201677227367));
#644=CARTESIAN_POINT('',(-0.0161368247477824,0.00532116778137104,0.0813055581060263));
#645=CARTESIAN_POINT('',(-0.0175921876186866,0.00514788524215164,0.0863809737304307));
#646=CARTESIAN_POINT('',(-0.0188287348371839,0.00499746276003586,0.0916151117300126));
#647=CARTESIAN_POINT('',(-0.0210519293803173,0.00453876959078074,0.0964744502810937));
#648=CARTESIAN_POINT('',(-0.0220379848815287,0.00440219118089711,0.099896216391013));
#649=CARTESIAN_POINT('',(-0.0225289667740799,0.00433418534746895,0.1016));
#650=CARTESIAN_POINT('',(0.00174999690225468,0.00535855412218387,0.00456970655162304));
#651=CARTESIAN_POINT('',(0.00129276206573409,0.00518623052272103,0.00988078335328426));
#652=CARTESIAN_POINT('',(0.000616742381473576,0.00495560356361556,0.0169388734777624));
#653=CARTESIAN_POINT('',(-0.00265421729365081,0.00462199349571055,0.0253625260060432));
#654=CARTESIAN_POINT('',(-0.00418054760486348,0.00457909990603516,0.0304685347358333));
#655=CARTESIAN_POINT('',(-0.00574460033945712,0.00482508023386327,0.0355383598640043));
#656=CARTESIAN_POINT('',(-0.00708406196330271,0.00502561900372383,0.0406334176693156));
#657=CARTESIAN_POINT('',(-0.0083598138134337,0.00507324067176012,0.0457195645463606));
#658=CARTESIAN_POINT('',(-0.00973014374556815,0.00510447827651361,0.0508047875683788));
#659=CARTESIAN_POINT('',(-0.0110272591197311,0.00507344230565458,0.0558794861511233));
#660=CARTESIAN_POINT('',(-0.0122951577530269,0.00504741106583876,0.0609710102012902));
#661=CARTESIAN_POINT('',(-0.0135772554676021,0.00504182910992881,0.0660530145044914));
#662=CARTESIAN_POINT('',(-0.0148829112763386,0.00500134407355856,0.0711349457013781));
#663=CARTESIAN_POINT('',(-0.0160185631028239,0.00500015681269976,0.0762201677227362));
#664=CARTESIAN_POINT('',(-0.0172767090782551,0.00493912337204491,0.0813055581060264));
#665=CARTESIAN_POINT('',(-0.0186046145488885,0.00481515618984763,0.0863809737304306));
#666=CARTESIAN_POINT('',(-0.0196980164301822,0.0047269844734223,0.0916151117300128));
#667=CARTESIAN_POINT('',(-0.0216711475179412,0.00432859874026524,0.0964744502810933));
#668=CARTESIAN_POINT('',(-0.0224990620249282,0.00423771473169604,0.0998962163910123));
#669=CARTESIAN_POINT('',(-0.0229113015297144,0.00419246129264,0.1016));
#670=CARTESIAN_POINT('',(0.00117544118683636,0.00517694074300201,0.00456970655162303));
#671=CARTESIAN_POINT('',(0.000831660807226893,0.00495527916342993,0.00988078335328424));
#672=CARTESIAN_POINT('',(0.00029775553103871,0.0046591925712256,0.0169388734777623));
#673=CARTESIAN_POINT('',(-0.00311563442313414,0.00425133063754407,0.0253625260060431));
#674=CARTESIAN_POINT('',(-0.00470342855159771,0.00418441110098283,0.0304685347358335));
#675=CARTESIAN_POINT('',(-0.00633132438776639,0.00441823996168654,0.035538359864003));
#676=CARTESIAN_POINT('',(-0.00772969142154149,0.0046199553675576,0.0406334176693162));
#677=CARTESIAN_POINT('',(-0.00905418492786027,0.00468412373508082,0.0457195645463604));
#678=CARTESIAN_POINT('',(-0.0104560343692554,0.00472987248251103,0.050804787568379));
#679=CARTESIAN_POINT('',(-0.0117707332058595,0.00472283695176218,0.0558794861511229));
#680=CARTESIAN_POINT('',(-0.0130459701753153,0.00471951402492775,0.0609710102012905));
#681=CARTESIAN_POINT('',(-0.0143173431379527,0.00473540405549956,0.0660530145044913));
#682=CARTESIAN_POINT('',(-0.0155984371198562,0.00471814943579467,0.0711349457013779));
#683=CARTESIAN_POINT('',(-0.0166940367217781,0.00474335220929932,0.0762201677227364));
#684=CARTESIAN_POINT('',(-0.0178985653544055,0.00470873789636712,0.0813055581060263));
#685=CARTESIAN_POINT('',(-0.01915741727573,0.00461376156602184,0.0863809737304308));
#686=CARTESIAN_POINT('',(-0.0201708680751508,0.00455979297862165,0.0916151117300125));
#687=CARTESIAN_POINT('',(-0.0220116828017488,0.00420166291521323,0.096474450281094));
#688=CARTESIAN_POINT('',(-0.0227506649260879,0.00413591455531261,0.0998962163910127));
#689=CARTESIAN_POINT('',(-0.0231186227555649,0.00410317678939934,0.1016));
#690=CARTESIAN_POINT('',(0.000258285019327194,0.00478479588835066,0.00456970655162304));
#691=CARTESIAN_POINT('',(6.45438110282204E-5,0.0044948287697288,0.00988078335328427));
#692=CARTESIAN_POINT('',(-0.000283517581541712,0.0041073037656332,0.0169388734777624));
#693=CARTESIAN_POINT('',(-0.00396333215935626,0.0035663636484808,0.0253625260060432));
#694=CARTESIAN_POINT('',(-0.00567172005905269,0.00345871313585918,0.0304685347358334));
#695=CARTESIAN_POINT('',(-0.00742629586157287,0.00367532885062115,0.0355383598640037));
#696=CARTESIAN_POINT('',(-0.00893747354860533,0.00388243762520355,0.040633417669316));
#697=CARTESIAN_POINT('',(-0.0103540449987549,0.00397974878605654,0.0457195645463605));
#698=CARTESIAN_POINT('',(-0.0118171780712933,0.0040553225654934,0.0508047875683789));
#699=CARTESIAN_POINT('',(-0.0131643976482813,0.00409385519326336,0.0558794861511234));
#700=CARTESIAN_POINT('',(-0.0144532472600919,0.00413350897752434,0.0609710102012899));
#701=CARTESIAN_POINT('',(-0.0157035877494278,0.00418869096358208,0.0660530145044922));
#702=CARTESIAN_POINT('',(-0.0169384813040487,0.00421408670995504,0.0711349457013763));
#703=CARTESIAN_POINT('',(-0.0179540559611043,0.00428326917878503,0.0762201677227367));
#704=CARTESIAN_POINT('',(-0.0190563598085421,0.00429454388026026,0.0813055581060264));
#705=CARTESIAN_POINT('',(-0.020185973801783,0.00425138019055274,0.0863809737304304));
#706=CARTESIAN_POINT('',(-0.0210457958439879,0.00425446275046041,0.091615111730013));
#707=CARTESIAN_POINT('',(-0.0226421324526469,0.00397064366825798,0.0964744502810929));
#708=CARTESIAN_POINT('',(-0.0232131476746866,0.00394714187051187,0.0998962163910125));
#709=CARTESIAN_POINT('',(-0.0234974705490565,0.00393543973293283,0.1016));
#710=CARTESIAN_POINT('',(-0.000176019074743299,0.00453501632648958,0.00456970655162304));
#711=CARTESIAN_POINT('',(-0.000324096791086252,0.00422160422296973,0.0098807833532843));
#712=CARTESIAN_POINT('',(-0.000617383900553226,0.00380191800680348,0.0169388734777624));
#713=CARTESIAN_POINT('',(-0.00444477787880273,0.0031864053174403,0.0253625260060431));
#714=CARTESIAN_POINT('',(-0.00622436319101316,0.00305799176111677,0.0304685347358336));
#715=CARTESIAN_POINT('',(-0.00804547940071836,0.0032639940443329,0.0355383598640033));
#716=CARTESIAN_POINT('',(-0.00962010483848615,0.00347487485772352,0.0406334176693161));
#717=CARTESIAN_POINT('',(-0.0110894403469036,0.00359214086951651,0.0457195645463606));
#718=CARTESIAN_POINT('',(-0.0125831470884416,0.00368294744815126,0.050804787568379));
#719=CARTESIAN_POINT('',(-0.0139485882615175,0.00374730532174436,0.0558794861511231));
#720=CARTESIAN_POINT('',(-0.0152440623149271,0.00381064808210705,0.0609710102012905));
#721=CARTESIAN_POINT('',(-0.0164826004775345,0.00388784406990986,0.0660530145044913));
#722=CARTESIAN_POINT('',(-0.0176894560270674,0.00393549557367255,0.0711349457013774));
#723=CARTESIAN_POINT('',(-0.018668237952146,0.00403463949225952,0.0762201677227368));
#724=CARTESIAN_POINT('',(-0.0197122300477737,0.00407075857003693,0.0813055581060266));
#725=CARTESIAN_POINT('',(-0.0207657201589348,0.00405332318186631,0.0863809737304309));
#726=CARTESIAN_POINT('',(-0.0215447029862005,0.00409233001076786,0.0916151117300125));
#727=CARTESIAN_POINT('',(-0.0229833993837851,0.00383206906141629,0.0964744502810937));
#728=CARTESIAN_POINT('',(-0.0234666270326912,0.00383728260676142,0.0998962163910127));
#729=CARTESIAN_POINT('',(-0.0237072382612696,0.00383987856242245,0.1016));
#730=CARTESIAN_POINT('',(-0.000542586335055118,0.00423910586436002,0.00456970655162304));
#731=CARTESIAN_POINT('',(-0.000671942535372596,0.00390370943354891,0.00988078335328426));
#732=CARTESIAN_POINT('',(-0.000944309819497958,0.00345326041186993,0.0169388734777624));
#733=CARTESIAN_POINT('',(-0.00488942947288887,0.00274528762178347,0.0253625260060432));
#734=CARTESIAN_POINT('',(-0.00673335747150912,0.00258856085878747,0.0304685347358334));
#735=CARTESIAN_POINT('',(-0.00860513098402645,0.00277208382743486,0.0355383598640033));
#736=CARTESIAN_POINT('',(-0.0102388074950944,0.00297868580992456,0.0406334176693161));
#737=CARTESIAN_POINT('',(-0.0117605248124631,0.00310936923718611,0.0457195645463604));
#738=CARTESIAN_POINT('',(-0.013280864341415,0.00320875287520016,0.050804787568379));
#739=CARTESIAN_POINT('',(-0.0146671521287046,0.00329609548207784,0.0558794861511231));
#740=CARTESIAN_POINT('',(-0.0159713184022306,0.00338121854283004,0.0609710102012902));
#741=CARTESIAN_POINT('',(-0.0172021381360642,0.00348187200385936,0.0660530145044918));
#742=CARTESIAN_POINT('',(-0.0183838322723082,0.00355356888870287,0.071134945701377));
#743=CARTESIAN_POINT('',(-0.0193402585586751,0.00369406977021158,0.0762201677227365));
#744=CARTESIAN_POINT('',(-0.0203332893397776,0.00376335992861349,0.0813055581060264));
#745=CARTESIAN_POINT('',(-0.0213147768631602,0.00377881975671508,0.0863809737304306));
#746=CARTESIAN_POINT('',(-0.0220265599841113,0.00387003174198909,0.0916151117300128));
#747=CARTESIAN_POINT('',(-0.023307724954825,0.00364217406133892,0.0964744502810934));
#748=CARTESIAN_POINT('',(-0.0237106691652159,0.00369053048976734,0.0998962163910127));
#749=CARTESIAN_POINT('',(-0.023911305245809,0.00371460837454932,0.1016));
#750=CARTESIAN_POINT('',(-0.00082787020235408,0.00399069083378651,0.00456970655162304));
#751=CARTESIAN_POINT('',(-0.000947046359116029,0.00363766208413652,0.00988078335328426));
#752=CARTESIAN_POINT('',(-0.0012086642306781,0.00316240240358015,0.0169388734777624));
#753=CARTESIAN_POINT('',(-0.00524110281694777,0.00237514860850296,0.0253625260060432));
#754=CARTESIAN_POINT('',(-0.00713501840861759,0.00219364188915751,0.0304685347358334));
#755=CARTESIAN_POINT('',(-0.00904873320824671,0.00235818116054293,0.0355383598640033));
#756=CARTESIAN_POINT('',(-0.0107312683647082,0.00256067415275589,0.0406334176693161));
#757=CARTESIAN_POINT('',(-0.0122951644012306,0.00270098973205239,0.0457195645463605));
#758=CARTESIAN_POINT('',(-0.0138400010057194,0.00280811932282055,0.050804787568379));
#759=CARTESIAN_POINT('',(-0.0152436330340439,0.00291382191561818,0.0558794861511231));
#760=CARTESIAN_POINT('',(-0.0165558837521121,0.0030168721295085,0.0609710102012902));
#761=CARTESIAN_POINT('',(-0.017780733179211,0.00313668807428017,0.0660530145044917));
#762=CARTESIAN_POINT('',(-0.0189437205408273,0.00322922555171452,0.0711349457013772));
#763=CARTESIAN_POINT('',(-0.0198770715154958,0.00340026605426138,0.0762201677227365));
#764=CARTESIAN_POINT('',(-0.0208299081463661,0.00349776275550552,0.0813055581060264));
#765=CARTESIAN_POINT('',(-0.0217551457692912,0.00354237825228209,0.0863809737304307));
#766=CARTESIAN_POINT('',(-0.0224108037670915,0.00367557091407577,0.0916151117300128));
#767=CARTESIAN_POINT('',(-0.0235744276024262,0.00348423595642772,0.0964744502810935));
#768=CARTESIAN_POINT('',(-0.0239094408723701,0.00356676369104034,0.0998962163910127));
#769=CARTESIAN_POINT('',(-0.0240762524251729,0.00360785633063141,0.1016));
#770=CARTESIAN_POINT('',(-0.00103896617041568,0.00372042032938987,0.00456970655162303));
#771=CARTESIAN_POINT('',(-0.00115919077189404,0.00334635552568737,0.00988078335328424));
#772=CARTESIAN_POINT('',(-0.00142460567360167,0.00284200686706171,0.0169388734777623));
#773=CARTESIAN_POINT('',(-0.00554819239792448,0.00197919562586892,0.0253625260060432));
#774=CARTESIAN_POINT('',(-0.00749265536492863,0.00177137924052306,0.0304685347358334));
#775=CARTESIAN_POINT('',(-0.00947022306968613,0.0019242199503592,0.0355383598640033));
#776=CARTESIAN_POINT('',(-0.0112037717989302,0.00212237223598037,0.040633417669316));
#777=CARTESIAN_POINT('',(-0.0128095196674637,0.00227053899752042,0.0457195645463605));
#778=CARTESIAN_POINT('',(-0.0143903259147019,0.00239055238352647,0.050804787568379));
#779=CARTESIAN_POINT('',(-0.0158118671580143,0.00251442946839078,0.0558794861511231));
#780=CARTESIAN_POINT('',(-0.0171351318484694,0.00263680159148087,0.0609710102012902));
#781=CARTESIAN_POINT('',(-0.0183536807375587,0.00277546129023115,0.0660530145044917));
#782=CARTESIAN_POINT('',(-0.0195032112996804,0.00289259240501001,0.0711349457013772));
#783=CARTESIAN_POINT('',(-0.0203909291675293,0.00307889079637592,0.0762201677227365));
#784=CARTESIAN_POINT('',(-0.0213036261349036,0.00320437358369052,0.0813055581060264));
#785=CARTESIAN_POINT('',(-0.022181951577035,0.00328577244834694,0.0863809737304307));
#786=CARTESIAN_POINT('',(-0.0227648975340488,0.00344788498579602,0.0916151117300128));
#787=CARTESIAN_POINT('',(-0.0238585404376269,0.00333360438149125,0.0964744502810935));
#788=CARTESIAN_POINT('',(-0.0241110218944535,0.00343965914262712,0.0998962163910127));
#789=CARTESIAN_POINT('',(-0.024236738776875,0.00349246648184138,0.1016));
#790=CARTESIAN_POINT('',(-0.0011716239133048,0.00344789840486707,0.00456970655162304));
#791=CARTESIAN_POINT('',(-0.00134813358462138,0.00306703816406289,0.00988078335328425));
#792=CARTESIAN_POINT('',(-0.00169001029289353,0.00255250738907666,0.0169388734777623));
#793=CARTESIAN_POINT('',(-0.00596475795757663,0.00163605383221008,0.0253625260060432));
#794=CARTESIAN_POINT('',(-0.00798919827622574,0.00141524036613122,0.0304685347358334));
#795=CARTESIAN_POINT('',(-0.0100726595428809,0.00157864525206801,0.0355383598640033));
#796=CARTESIAN_POINT('',(-0.0118773506861937,0.00178957708062173,0.040633417669316));
#797=CARTESIAN_POINT('',(-0.0135344449824094,0.00196134547060114,0.0457195645463605));
#798=CARTESIAN_POINT('',(-0.0151665778961161,0.00211090766385321,0.050804787568379));
#799=CARTESIAN_POINT('',(-0.0166046500762555,0.00226240108294792,0.0558794861511231));
#800=CARTESIAN_POINT('',(-0.0179371464603873,0.00241158417885441,0.0609710102012903));
#801=CARTESIAN_POINT('',(-0.0191400838833349,0.00256914448735611,0.0660530145044917));
#802=CARTESIAN_POINT('',(-0.0202671772279754,0.00271032754632084,0.0711349457013772));
#803=CARTESIAN_POINT('',(-0.0210716166813426,0.00289028016238954,0.0762201677227365));
#804=CARTESIAN_POINT('',(-0.0219226478698294,0.00303083064205832,0.0813055581060263));
#805=CARTESIAN_POINT('',(-0.0227362250658049,0.00313857614393603,0.0863809737304307));
#806=CARTESIAN_POINT('',(-0.0232043922127749,0.00329864113252951,0.0916151117300128));
#807=CARTESIAN_POINT('',(-0.0242235651348861,0.00326140841158813,0.0964744502810935));
#808=CARTESIAN_POINT('',(-0.0243572121633095,0.00335966831395945,0.0998962163910127));
#809=CARTESIAN_POINT('',(-0.0244237583880084,0.00340859439648614,0.1016));
#810=CARTESIAN_POINT('',(-0.00120701768953175,0.00336455440901128,0.00456970655162303));
#811=CARTESIAN_POINT('',(-0.00140473211852081,0.00298269539451603,0.00988078335328424));
#812=CARTESIAN_POINT('',(-0.00177522591919198,0.00246647532674745,0.0169388734777623));
#813=CARTESIAN_POINT('',(-0.00609988489816818,0.00153496171564132,0.0253625260060432));
#814=CARTESIAN_POINT('',(-0.00815056338218502,0.00131099035136089,0.0304685347358334));
#815=CARTESIAN_POINT('',(-0.0102726102177784,0.00148053661060356,0.0355383598640033));
#816=CARTESIAN_POINT('',(-0.0120997224458361,0.00169637875059398,0.040633417669316));
#817=CARTESIAN_POINT('',(-0.0137737510877434,0.00187687603484085,0.0457195645463605));
#818=CARTESIAN_POINT('',(-0.0154209999241703,0.00203587412976481,0.050804787568379));
#819=CARTESIAN_POINT('',(-0.0168637831886417,0.0021963728001262,0.0558794861511231));
#820=CARTESIAN_POINT('',(-0.0181984275350194,0.00235397767987111,0.0609710102012903));
#821=CARTESIAN_POINT('',(-0.0193958518858471,0.00251728075050866,0.0660530145044917));
#822=CARTESIAN_POINT('',(-0.0205149257571619,0.00266540782090733,0.0711349457013772));
#823=CARTESIAN_POINT('',(-0.0212945249423746,0.00284417364558389,0.0762201677227365));
#824=CARTESIAN_POINT('',(-0.0221237721501653,0.00298751252274126,0.0813055581060264));
#825=CARTESIAN_POINT('',(-0.0229159420025884,0.00310226322620387,0.0863809737304307));
#826=CARTESIAN_POINT('',(-0.0233475927224121,0.00326098065056071,0.0916151117300127));
#827=CARTESIAN_POINT('',(-0.0243318622381266,0.00323729141033728,0.0964744502810935));
#828=CARTESIAN_POINT('',(-0.0244328928197659,0.00333628470902831,0.0998962163910127));
#829=CARTESIAN_POINT('',(-0.0244831984933491,0.00338557596807154,0.1016));
#830=CARTESIAN_POINT('',(-0.0012543479263865,0.00323009037038855,0.00456970655162304));
#831=CARTESIAN_POINT('',(-0.00149301789332321,0.00284837958005108,0.00988078335328426));
#832=CARTESIAN_POINT('',(-0.00191876078249163,0.00233184153626672,0.0169388734777624));
#833=CARTESIAN_POINT('',(-0.00633896877263483,0.00138139224309722,0.0253625260060432));
#834=CARTESIAN_POINT('',(-0.0084384586856873,0.00115530737346099,0.0304685347358334));
#835=CARTESIAN_POINT('',(-0.0105991411767321,0.00132605222127512,0.0355383598640033));
#836=CARTESIAN_POINT('',(-0.0124578852351845,0.0015478227476097,0.040633417669316));
#837=CARTESIAN_POINT('',(-0.0141601475418022,0.00174312117369358,0.0457195645463605));
#838=CARTESIAN_POINT('',(-0.0158170025456274,0.00190950974975057,0.0508047875683789));
#839=CARTESIAN_POINT('',(-0.0172674713178013,0.00208391512884505,0.0558794861511231));
#840=CARTESIAN_POINT('',(-0.018602658120373,0.00225280306726146,0.0609710102012903));
#841=CARTESIAN_POINT('',(-0.0197927087294721,0.00242590065055199,0.0660530145044917));
#842=CARTESIAN_POINT('',(-0.0208934207926725,0.00258091220780334,0.0711349457013772));
#843=CARTESIAN_POINT('',(-0.0216639114715127,0.00277860950981093,0.0762201677227365));
#844=CARTESIAN_POINT('',(-0.0224590157609285,0.00292764168648739,0.0813055581060264));
#845=CARTESIAN_POINT('',(-0.0232081516208015,0.00304698641054108,0.0863809737304307));
#846=CARTESIAN_POINT('',(-0.0236014032294998,0.00322018750959477,0.0916151117300128));
#847=CARTESIAN_POINT('',(-0.0244781250215162,0.00317581766580071,0.0964744502810935));
#848=CARTESIAN_POINT('',(-0.0245456072035518,0.00329175563440575,0.0998962163910126));
#849=CARTESIAN_POINT('',(-0.0245792082832158,0.00334948407177496,0.1016));
#850=CARTESIAN_POINT('',(-0.00128513464252035,0.00310849265097304,0.00456970655162303));
#851=CARTESIAN_POINT('',(-0.00158395706755135,0.00273441708777995,0.00988078335328424));
#852=CARTESIAN_POINT('',(-0.00208842812023184,0.00222684787915916,0.0169388734777623));
#853=CARTESIAN_POINT('',(-0.00655896908537893,0.00124465746076459,0.0253625260060432));
#854=CARTESIAN_POINT('',(-0.00869206344685708,0.00101311304988686,0.0304685347358334));
#855=CARTESIAN_POINT('',(-0.0108449250244886,0.0011672842857403,0.0355383598640033));
#856=CARTESIAN_POINT('',(-0.012722837083207,0.00138806768184952,0.040633417669316));
#857=CARTESIAN_POINT('',(-0.0144485177035306,0.00159301628787733,0.0457195645463605));
#858=CARTESIAN_POINT('',(-0.0160941444687179,0.00175320025293747,0.0508047875683789));
#859=CARTESIAN_POINT('',(-0.0175519833627839,0.0019368421120792,0.0558794861511231));
#860=CARTESIAN_POINT('',(-0.0188850312020839,0.00211133282935083,0.0609710102012903));
#861=CARTESIAN_POINT('',(-0.0200726363994371,0.00229372879383978,0.0660530145044917));
#862=CARTESIAN_POINT('',(-0.0211535050699181,0.00245037480393532,0.0711349457013772));
#863=CARTESIAN_POINT('',(-0.0219593185771697,0.00269320341507431,0.0762201677227366));
#864=CARTESIAN_POINT('',(-0.022731505225048,0.00285261867428893,0.0813055581060264));
#865=CARTESIAN_POINT('',(-0.023436635115385,0.00297073515795576,0.0863809737304307));
#866=CARTESIAN_POINT('',(-0.0238322095194576,0.0031857288799934,0.0916151117300128));
#867=CARTESIAN_POINT('',(-0.0245530121728354,0.00307241230057702,0.0964744502810936));
#868=CARTESIAN_POINT('',(-0.0246228283331645,0.00323071269030432,0.0998962163910127));
#869=CARTESIAN_POINT('',(-0.0246575915594605,0.00330953444510861,0.1016));
#870=CARTESIAN_POINT('',(-0.00129988195667299,0.00300048395525148,0.00456970655162303));
#871=CARTESIAN_POINT('',(-0.00165215830658764,0.00263094127192314,0.00988078335328424));
#872=CARTESIAN_POINT('',(-0.00222501704454882,0.00212793161600261,0.0169388734777623));
#873=CARTESIAN_POINT('',(-0.0066817126937154,0.00109841540916754,0.0253625260060431));
#874=CARTESIAN_POINT('',(-0.00882301581574365,0.000853329011786973,0.0304685347358335));
#875=CARTESIAN_POINT('',(-0.010923639754462,0.000971893314461934,0.0355383598640032));
#876=CARTESIAN_POINT('',(-0.0128017760654942,0.00117895454322929,0.0406334176693162));
#877=CARTESIAN_POINT('',(-0.0145410396778796,0.00138132125830836,0.0457195645463604));
#878=CARTESIAN_POINT('',(-0.0161582389724713,0.00152019806942909,0.050804787568379));
#879=CARTESIAN_POINT('',(-0.0176234001098834,0.00170462550568634,0.0558794861511232));
#880=CARTESIAN_POINT('',(-0.0189543190267692,0.00187724318662368,0.0609710102012903));
#881=CARTESIAN_POINT('',(-0.0201473109900975,0.00206768498419024,0.0660530145044916));
#882=CARTESIAN_POINT('',(-0.0212147510609626,0.00222359471819803,0.0711349457013775));
#883=CARTESIAN_POINT('',(-0.0220943841958604,0.00253133328238504,0.0762201677227365));
#884=CARTESIAN_POINT('',(-0.0228633355135423,0.00270942600827772,0.0813055581060261));
#885=CARTESIAN_POINT('',(-0.0235386321756873,0.00282957896219051,0.086380973730431));
#886=CARTESIAN_POINT('',(-0.0239790441596417,0.00311219653726107,0.0916151117300125));
#887=CARTESIAN_POINT('',(-0.0245398033814961,0.00291448847905231,0.0964744502810932));
#888=CARTESIAN_POINT('',(-0.0246492442749856,0.00314078824486758,0.0998962163910126));
#889=CARTESIAN_POINT('',(-0.0247037376548632,0.00325346860329302,0.1016));
#890=CARTESIAN_POINT('',(-0.00130487658744135,0.00294552157497197,0.00456970655162303));
#891=CARTESIAN_POINT('',(-0.00168341477028481,0.0025774444087925,0.00988078335328423));
#892=CARTESIAN_POINT('',(-0.00228953445074119,0.00207556836013625,0.0169388734777623));
#893=CARTESIAN_POINT('',(-0.00672685141010718,0.00101807398257486,0.0253625260060432));
#894=CARTESIAN_POINT('',(-0.0088675357476023,0.000764108907358228,0.0304685347358334));
#895=CARTESIAN_POINT('',(-0.0109326707367238,0.000860492195279415,0.0355383598640034));
#896=CARTESIAN_POINT('',(-0.0128070279427362,0.00105728059755362,0.0406334176693159));
#897=CARTESIAN_POINT('',(-0.0145515173678004,0.00125567205456108,0.0457195645463606));
#898=CARTESIAN_POINT('',(-0.0161505315412749,0.00138011364784342,0.0508047875683788));
#899=CARTESIAN_POINT('',(-0.0176197921625434,0.00156371440658494,0.0558794861511231));
#900=CARTESIAN_POINT('',(-0.0189497997553903,0.00173421935689284,0.0609710102012902));
#901=CARTESIAN_POINT('',(-0.0201472845769115,0.0019290454921431,0.0660530145044916));
#902=CARTESIAN_POINT('',(-0.0212088445338563,0.00208374479547026,0.0711349457013772));
#903=CARTESIAN_POINT('',(-0.0221345281370236,0.0024297921068808,0.0762201677227367));
#904=CARTESIAN_POINT('',(-0.0229054521876602,0.00261898234711535,0.0813055581060264));
#905=CARTESIAN_POINT('',(-0.0235682724933011,0.00274236753496994,0.0863809737304307));
#906=CARTESIAN_POINT('',(-0.0240390276951009,0.00306085501881587,0.0916151117300131));
#907=CARTESIAN_POINT('',(-0.0245199938724011,0.00283483138962916,0.0964744502810935));
#908=CARTESIAN_POINT('',(-0.0246548458583454,0.00309220594859239,0.0998962163910127));
#909=CARTESIAN_POINT('',(-0.024721992061771,0.00322035922992297,0.1016));
#910=CARTESIAN_POINT('',(-0.00130713399224652,0.00289410178834527,0.00456970655162304));
#911=CARTESIAN_POINT('',(-0.0017088132566896,0.00252630252276013,0.00988078335328426));
#912=CARTESIAN_POINT('',(-0.00234387532164107,0.00202396989544408,0.0169388734777624));
#913=CARTESIAN_POINT('',(-0.00675048773718508,0.000936170058757589,0.0253625260060432));
#914=CARTESIAN_POINT('',(-0.00888606236173605,0.000672546140187153,0.0304685347358335));
#915=CARTESIAN_POINT('',(-0.0109075620619798,0.000741152601143291,0.0355383598640033));
#916=CARTESIAN_POINT('',(-0.0127782891059736,0.000931824340378761,0.040633417669316));
#917=CARTESIAN_POINT('',(-0.0145250705105832,0.00112238598870881,0.0457195645463605));
#918=CARTESIAN_POINT('',(-0.0161105096573922,0.0012453579535907,0.050804787568379));
#919=CARTESIAN_POINT('',(-0.0175835174966575,0.00142785784404139,0.0558794861511231));
#920=CARTESIAN_POINT('',(-0.0189136912558564,0.00159890466884906,0.0609710102012903));
#921=CARTESIAN_POINT('',(-0.0201161234236717,0.00179654484915543,0.0660530145044917));
#922=CARTESIAN_POINT('',(-0.0211746091889076,0.00195504677777047,0.0711349457013772));
#923=CARTESIAN_POINT('',(-0.0221399992157366,0.00230756886051217,0.0762201677227365));
#924=CARTESIAN_POINT('',(-0.0229188388100023,0.00251549466270485,0.0813055581060264));
#925=CARTESIAN_POINT('',(-0.0235726325798434,0.00264361126480841,0.0863809737304307));
#926=CARTESIAN_POINT('',(-0.0240787596171482,0.0029948230184942,0.0916151117300127));
#927=CARTESIAN_POINT('',(-0.024490615825546,0.00277015386445465,0.0964744502810935));
#928=CARTESIAN_POINT('',(-0.024652866816357,0.00304665750043913,0.0998962163910127));
#929=CARTESIAN_POINT('',(-0.0247336556750356,0.00318433563146338,0.1016));
#930=CARTESIAN_POINT('',(-0.00130677586455732,0.00284250452708226,0.00456970655162304));
#931=CARTESIAN_POINT('',(-0.0017291732289736,0.0024728753720277,0.00988078335328427));
#932=CARTESIAN_POINT('',(-0.00238970024960618,0.00196729897679415,0.0169388734777624));
#933=CARTESIAN_POINT('',(-0.00675218128695547,0.000846369287264773,0.0253625260060431));
#934=CARTESIAN_POINT('',(-0.00887277963634026,0.000563937579911413,0.0304685347358335));
#935=CARTESIAN_POINT('',(-0.0108573490726203,0.000627161634936829,0.0355383598640033));
#936=CARTESIAN_POINT('',(-0.0127236175972113,0.000817098508105556,0.0406334176693161));
#937=CARTESIAN_POINT('',(-0.0144708083050897,0.000999677649625571,0.0457195645463604));
#938=CARTESIAN_POINT('',(-0.0160451446864843,0.0011341780712395,0.050804787568379));
#939=CARTESIAN_POINT('',(-0.0175209692211435,0.00131624183953641,0.0558794861511231));
#940=CARTESIAN_POINT('',(-0.0188513934578112,0.00149070910986428,0.0609710102012902));
#941=CARTESIAN_POINT('',(-0.0200586738133976,0.00168899028227013,0.0660530145044917));
#942=CARTESIAN_POINT('',(-0.0211156254947301,0.00185399997527814,0.0711349457013774));
#943=CARTESIAN_POINT('',(-0.0221172251086157,0.00218241965662648,0.0762201677227365));
#944=CARTESIAN_POINT('',(-0.0229061156227788,0.002404144190328,0.0813055581060264));
#945=CARTESIAN_POINT('',(-0.0235553125051646,0.00254394131021129,0.0863809737304306));
#946=CARTESIAN_POINT('',(-0.0240987206111008,0.00290621261722298,0.0916151117300128));
#947=CARTESIAN_POINT('',(-0.0244512606669558,0.00272590725111948,0.0964744502810934));
#948=CARTESIAN_POINT('',(-0.024643767961426,0.0030057863726215,0.0998962163910127));
#949=CARTESIAN_POINT('',(-0.0247396221964593,0.00314514524298104,0.1016));
#950=CARTESIAN_POINT('',(-0.00130457077453046,0.002800062907029,0.00456970655162303));
#951=CARTESIAN_POINT('',(-0.00174189782435326,0.00242755641889433,0.00988078335328424));
#952=CARTESIAN_POINT('',(-0.00242035003842122,0.00191744589279831,0.0169388734777623));
#953=CARTESIAN_POINT('',(-0.00673520292364574,0.000765508313125365,0.0253625260060432));
#954=CARTESIAN_POINT('',(-0.00884411437818151,0.000473541577962367,0.0304685347358335));
#955=CARTESIAN_POINT('',(-0.0108024177019808,0.000548322165158063,0.0355383598640033));
#956=CARTESIAN_POINT('',(-0.0126648062671214,0.000743124514246603,0.040633417669316));
#957=CARTESIAN_POINT('',(-0.0144113532082787,0.000922915935988831,0.0457195645463605));
#958=CARTESIAN_POINT('',(-0.0159783422776863,0.0010778557355709,0.050804787568379));
#959=CARTESIAN_POINT('',(-0.0174551243179079,0.00125866295601898,0.0558794861511231));
#960=CARTESIAN_POINT('',(-0.0187852613140716,0.00143649497114831,0.0609710102012903));
#961=CARTESIAN_POINT('',(-0.0199960117994341,0.00163260329781839,0.0660530145044917));
#962=CARTESIAN_POINT('',(-0.0210524935838776,0.00180671688456054,0.0711349457013772));
#963=CARTESIAN_POINT('',(-0.0220805740270158,0.00209142135900276,0.0762201677227365));
#964=CARTESIAN_POINT('',(-0.0228790879246697,0.00232001240992043,0.0813055581060264));
#965=CARTESIAN_POINT('',(-0.0235268617011174,0.00247179601591816,0.0863809737304307));
#966=CARTESIAN_POINT('',(-0.0241020201306426,0.0028259046867436,0.0916151117300127));
#967=CARTESIAN_POINT('',(-0.02441173781019,0.0027089877569456,0.0964744502810935));
#968=CARTESIAN_POINT('',(-0.024631129198006,0.00297837770515872,0.0998962163910127));
#969=CARTESIAN_POINT('',(-0.0247403697008651,0.00311251375170525,0.1016));
#970=CARTESIAN_POINT('',(-0.00129979943324808,0.00275046341462767,0.00456970655162304));
#971=CARTESIAN_POINT('',(-0.0017495544683445,0.00236952166402458,0.00988078335328426));
#972=CARTESIAN_POINT('',(-0.00244250589760224,0.00184795961489592,0.0169388734777624));
#973=CARTESIAN_POINT('',(-0.00670198883119037,0.000673649552548523,0.0253625260060432));
#974=CARTESIAN_POINT('',(-0.00879698519333919,0.00037530674222572,0.0304685347358334));
#975=CARTESIAN_POINT('',(-0.0107300577190444,0.000481783383930887,0.0355383598640033));
#976=CARTESIAN_POINT('',(-0.0125881280384957,0.000689678529633988,0.0406334176693161));
#977=CARTESIAN_POINT('',(-0.0143320880846744,0.00086698315368879,0.0457195645463605));
#978=CARTESIAN_POINT('',(-0.0158900767306142,0.00104249758414253,0.050804787568379));
#979=CARTESIAN_POINT('',(-0.0173669099534946,0.00122129152077318,0.0558794861511231));
#980=CARTESIAN_POINT('',(-0.018696190661002,0.00140195988231452,0.0609710102012902));
#981=CARTESIAN_POINT('',(-0.0199105984442649,0.00159504178869213,0.0660530145044917));
#982=CARTESIAN_POINT('',(-0.0209670648473257,0.00177682878769903,0.0711349457013772));
#983=CARTESIAN_POINT('',(-0.0220235961295104,0.00201675380245073,0.0762201677227365));
#984=CARTESIAN_POINT('',(-0.0228335982185325,0.00224047653495351,0.0813055581060263));
#985=CARTESIAN_POINT('',(-0.0234816398846798,0.00240650848148947,0.0863809737304307));
#986=CARTESIAN_POINT('',(-0.0240937910097673,0.00273417346029368,0.0916151117300128));
#987=CARTESIAN_POINT('',(-0.0243600761365619,0.00270602533769227,0.0964744502810934));
#988=CARTESIAN_POINT('',(-0.0246118413395975,0.00295298091864284,0.0998962163910126));
#989=CARTESIAN_POINT('',(-0.0247372015811997,0.00307594632815806,0.1016));
#990=CARTESIAN_POINT('',(-0.00129133308482875,0.00269456209797798,0.00456970655162304));
#991=CARTESIAN_POINT('',(-0.00174815573702315,0.00229776074097006,0.00988078335328426));
#992=CARTESIAN_POINT('',(-0.002448590535777,0.00175575943377996,0.0169388734777624));
#993=CARTESIAN_POINT('',(-0.00664821298126981,0.000580015730669923,0.0253625260060432));
#994=CARTESIAN_POINT('',(-0.00872766353169046,0.00028208816038646,0.0304685347358334));
#995=CARTESIAN_POINT('',(-0.0106413396408056,0.000455547326718467,0.0355383598640033));
#996=CARTESIAN_POINT('',(-0.0124904372582826,0.00066863125816877,0.0406334176693161));
#997=CARTESIAN_POINT('',(-0.0142298428638447,0.000846663448212286,0.0457195645463605));
#998=CARTESIAN_POINT('',(-0.0157773200459517,0.00104131409761561,0.050804787568379));
#999=CARTESIAN_POINT('',(-0.0172529436401005,0.00121763287920619,0.0558794861511231));
#1000=CARTESIAN_POINT('',(-0.0185806121662874,0.00140002265548052,0.0609710102012902));
#1001=CARTESIAN_POINT('',(-0.019798621271983,0.00158890779432368,0.0660530145044917));
#1002=CARTESIAN_POINT('',(-0.0208558153659705,0.00177616760711549,0.0711349457013772));
#1003=CARTESIAN_POINT('',(-0.02194085887346,0.00197140150860818,0.0762201677227365));
#1004=CARTESIAN_POINT('',(-0.022764260505924,0.00218674087003993,0.0813055581060263));
#1005=CARTESIAN_POINT('',(-0.0234148679987326,0.00236795183465325,0.0863809737304307));
#1006=CARTESIAN_POINT('',(-0.0240676440008233,0.00264533393330081,0.0916151117300127));
#1007=CARTESIAN_POINT('',(-0.0242952980728022,0.00272039263845707,0.0964744502810934));
#1008=CARTESIAN_POINT('',(-0.0245840600795605,0.00293269101038026,0.0998962163910127));
#1009=CARTESIAN_POINT('',(-0.0247278419624271,0.00303839972181115,0.1016));
#1010=CARTESIAN_POINT('',(-0.00127422836375544,0.0026168306422212,0.00456970655162304));
#1011=CARTESIAN_POINT('',(-0.00173048002197806,0.00219303114034542,0.00988078335328426));
#1012=CARTESIAN_POINT('',(-0.00242814754603024,0.00161744130989944,0.0169388734777624));
#1013=CARTESIAN_POINT('',(-0.00655209357434955,0.000484141317167272,0.0253625260060432));
#1014=CARTESIAN_POINT('',(-0.00861847349443064,0.000230721586089015,0.0304685347358334));
#1015=CARTESIAN_POINT('',(-0.0105029173750051,0.000475381880865492,0.0355383598640033));
#1016=CARTESIAN_POINT('',(-0.0123380017407068,0.000699082261891327,0.0406334176693161));
#1017=CARTESIAN_POINT('',(-0.0140676017618461,0.000878194114821595,0.0457195645463605));
#1018=CARTESIAN_POINT('',(-0.0156006252702322,0.00109379693168643,0.050804787568379));
#1019=CARTESIAN_POINT('',(-0.017072758987162,0.00126591559690271,0.0558794861511231));
#1020=CARTESIAN_POINT('',(-0.0183974378289029,0.00144842809153634,0.0609710102012903));
#1021=CARTESIAN_POINT('',(-0.019619714995375,0.0016304121548264,0.0660530145044917));
#1022=CARTESIAN_POINT('',(-0.0206791987786194,0.00182060024227525,0.0711349457013772));
#1023=CARTESIAN_POINT('',(-0.0217978789036848,0.00196363741370343,0.0762201677227365));
#1024=CARTESIAN_POINT('',(-0.0226403187914106,0.00216467068837287,0.0813055581060264));
#1025=CARTESIAN_POINT('',(-0.0232986697265223,0.0023571779136968,0.0863809737304307));
#1026=CARTESIAN_POINT('',(-0.0240033118249235,0.00257408659368224,0.0916151117300127));
#1027=CARTESIAN_POINT('',(-0.0241968861624432,0.00275509368107969,0.0964744502810935));
#1028=CARTESIAN_POINT('',(-0.0245355354727972,0.00291719683662809,0.0998962163910126));
#1029=CARTESIAN_POINT('',(-0.0247041575017849,0.00299791208440258,0.1016));
#1030=CARTESIAN_POINT('',(-0.0012419485248352,0.00250964753401328,0.00456970655162304));
#1031=CARTESIAN_POINT('',(-0.00168028042699449,0.00203932627102761,0.00988078335328426));
#1032=CARTESIAN_POINT('',(-0.00235295570460834,0.00140899794519025,0.0169388734777624));
#1033=CARTESIAN_POINT('',(-0.00640462526293676,0.000465710063337833,0.0253625260060432));
#1034=CARTESIAN_POINT('',(-0.00844645548320933,0.000251719919511812,0.0304685347358334));
#1035=CARTESIAN_POINT('',(-0.0102936508778477,0.0005809824458033,0.0355383598640033));
#1036=CARTESIAN_POINT('',(-0.0121065775777117,0.000816844394725611,0.0406334176693161));
#1037=CARTESIAN_POINT('',(-0.0138186977895142,0.000998485038231574,0.0457195645463605));
#1038=CARTESIAN_POINT('',(-0.0153329390942335,0.00123266982525297,0.050804787568379));
#1039=CARTESIAN_POINT('',(-0.0167981688100327,0.00139797397170469,0.0558794861511231));
#1040=CARTESIAN_POINT('',(-0.0181181030380073,0.00157718094192845,0.0609710102012903));
#1041=CARTESIAN_POINT('',(-0.0193452308775507,0.00174863199917047,0.0660530145044917));
#1042=CARTESIAN_POINT('',(-0.0204099011862922,0.00193620397599189,0.0711349457013772));
#1043=CARTESIAN_POINT('',(-0.0215646205775036,0.00202532133819277,0.0762201677227365));
#1044=CARTESIAN_POINT('',(-0.0224332913579163,0.00220397505970194,0.0813055581060264));
#1045=CARTESIAN_POINT('',(-0.0231082464119753,0.00239925220450481,0.0863809737304306));
#1046=CARTESIAN_POINT('',(-0.02387566059958,0.00254541485136313,0.0916151117300127));
#1047=CARTESIAN_POINT('',(-0.0240535398375754,0.00281630832077818,0.0964744502810935));
#1048=CARTESIAN_POINT('',(-0.0244540828303443,0.00291941978812875,0.0998962163910127));
#1049=CARTESIAN_POINT('',(-0.0246535232841485,0.00297076158716676,0.1016));
#1050=CARTESIAN_POINT('',(-0.00120000785733397,0.00241584424523735,0.00456970655162303));
#1051=CARTESIAN_POINT('',(-0.00161196496235544,0.0019586263590523,0.00988078335328424));
#1052=CARTESIAN_POINT('',(-0.00224910446463931,0.00134914773798264,0.0169388734777623));
#1053=CARTESIAN_POINT('',(-0.00624087496531882,0.000554562665555446,0.0253625260060432));
#1054=CARTESIAN_POINT('',(-0.00825696031986016,0.000376321824029923,0.0304685347358334));
#1055=CARTESIAN_POINT('',(-0.0100732170045256,0.000753937030830592,0.0355383598640033));
#1056=CARTESIAN_POINT('',(-0.0118635316416067,0.000997053468200187,0.040633417669316));
#1057=CARTESIAN_POINT('',(-0.0135556427907294,0.00118012713132557,0.0457195645463605));
#1058=CARTESIAN_POINT('',(-0.0150555798987678,0.00141596469069445,0.0508047875683789));
#1059=CARTESIAN_POINT('',(-0.0165129003303149,0.0015732555384556,0.0558794861511231));
#1060=CARTESIAN_POINT('',(-0.0178286988548283,0.00174472501964634,0.0609710102012903));
#1061=CARTESIAN_POINT('',(-0.0190594346001893,0.00190603289652234,0.0660530145044917));
#1062=CARTESIAN_POINT('',(-0.0201320464486643,0.00208355124002075,0.0711349457013772));
#1063=CARTESIAN_POINT('',(-0.0213054311581061,0.00215082873804276,0.0762201677227365));
#1064=CARTESIAN_POINT('',(-0.0221980877012003,0.00230789937113981,0.0813055581060264));
#1065=CARTESIAN_POINT('',(-0.0228960211652926,0.00249169307542955,0.0863809737304306));
#1066=CARTESIAN_POINT('',(-0.0237088182057709,0.00259381464342087,0.0916151117300127));
#1067=CARTESIAN_POINT('',(-0.0239141229796388,0.00287643407676675,0.0964744502810935));
#1068=CARTESIAN_POINT('',(-0.0243613458156081,0.00294360708137494,0.0998962163910126));
#1069=CARTESIAN_POINT('',(-0.0245840293401425,0.00297705421380345,0.1016));
#1070=CARTESIAN_POINT('',(-0.00115033913115254,0.00232879476331242,0.00456970655162304));
#1071=CARTESIAN_POINT('',(-0.00153207391140213,0.00191724551539635,0.00988078335328425));
#1072=CARTESIAN_POINT('',(-0.00212899204170823,0.00136938900757744,0.0169388734777623));
#1073=CARTESIAN_POINT('',(-0.00607067707750976,0.00068190865958683,0.0253625260060432));
#1074=CARTESIAN_POINT('',(-0.00806206658636494,0.000530371380118682,0.0304685347358334));
#1075=CARTESIAN_POINT('',(-0.00985485237098916,0.000923249499351081,0.0355383598640033));
#1076=CARTESIAN_POINT('',(-0.0116254593101812,0.00116545887532752,0.040633417669316));
#1077=CARTESIAN_POINT('',(-0.0132993373575477,0.00134633223940316,0.0457195645463605));
#1078=CARTESIAN_POINT('',(-0.0147912256291418,0.0015689227845813,0.0508047875683789));
#1079=CARTESIAN_POINT('',(-0.0162422052560228,0.00171761596624895,0.0558794861511232));
#1080=CARTESIAN_POINT('',(-0.0175560662926105,0.00187878805674384,0.0609710102012902));
#1081=CARTESIAN_POINT('',(-0.0187900238404117,0.00203234197771623,0.0660530145044918));
#1082=CARTESIAN_POINT('',(-0.0198728341350947,0.00219673557092018,0.0711349457013772));
#1083=CARTESIAN_POINT('',(-0.0210502673217953,0.00227191252053669,0.0762201677227365));
#1084=CARTESIAN_POINT('',(-0.0219635954145405,0.00241310350769808,0.0813055581060264));
#1085=CARTESIAN_POINT('',(-0.0226871995620762,0.0025806393101019,0.0863809737304307));
#1086=CARTESIAN_POINT('',(-0.0235291250974189,0.00266653811991795,0.0916151117300128));
#1087=CARTESIAN_POINT('',(-0.0237905827943004,0.00291124700763346,0.0964744502810935));
#1088=CARTESIAN_POINT('',(-0.0242693216117396,0.00296714543213274,0.0998962163910127));
#1089=CARTESIAN_POINT('',(-0.024507697737967,0.00299497866689242,0.1016));
#1090=CARTESIAN_POINT('',(-0.00111263953513099,0.00227192331314873,0.00456970655162304));
#1091=CARTESIAN_POINT('',(-0.00147230726499356,0.00190497061019048,0.00988078335328426));
#1092=CARTESIAN_POINT('',(-0.00204004978691299,0.00141585875780108,0.0169388734777624));
#1093=CARTESIAN_POINT('',(-0.00595232419840884,0.000779701247335365,0.0253625260060432));
#1094=CARTESIAN_POINT('',(-0.00792743238219242,0.000641964615486788,0.0304685347358334));
#1095=CARTESIAN_POINT('',(-0.00970905452376911,0.00102515345623586,0.0355383598640034));
#1096=CARTESIAN_POINT('',(-0.0114672021041253,0.00126572317415439,0.040633417669316));
#1097=CARTESIAN_POINT('',(-0.013129868472498,0.00144351346643814,0.0457195645463605));
#1098=CARTESIAN_POINT('',(-0.0146165825005237,0.00165782119120132,0.0508047875683789));
#1099=CARTESIAN_POINT('',(-0.0160636152131988,0.00180117626322525,0.0558794861511232));
#1100=CARTESIAN_POINT('',(-0.0173763459571375,0.00195600160477839,0.0609710102012902));
#1101=CARTESIAN_POINT('',(-0.0186126073721185,0.00210476570170173,0.0660530145044917));
#1102=CARTESIAN_POINT('',(-0.0197023258685374,0.00226087636137253,0.0711349457013772));
#1103=CARTESIAN_POINT('',(-0.0208833426513777,0.00234041735899307,0.0762201677227365));
#1104=CARTESIAN_POINT('',(-0.0218078913719862,0.0024766026160039,0.0813055581060264));
#1105=CARTESIAN_POINT('',(-0.0225500543036465,0.00263153449619943,0.0863809737304306));
#1106=CARTESIAN_POINT('',(-0.0234042684069622,0.00271993929814828,0.0916151117300128));
#1107=CARTESIAN_POINT('',(-0.0237123165662069,0.00292480081586074,0.0964744502810935));
#1108=CARTESIAN_POINT('',(-0.0242071338389076,0.00298198712137127,0.0998962163910126));
#1109=CARTESIAN_POINT('',(-0.0244535158333482,0.00301046162455398,0.1016));
#1110=CARTESIAN_POINT('',(-0.0010637722229969,0.00220712869563262,0.00456970655162304));
#1111=CARTESIAN_POINT('',(-0.00139699159714557,0.00190332034736289,0.00988078335328425));
#1112=CARTESIAN_POINT('',(-0.00192993017050884,0.00149630717875852,0.0169388734777623));
#1113=CARTESIAN_POINT('',(-0.00581307246329763,0.000892685549016855,0.0253625260060432));
#1114=CARTESIAN_POINT('',(-0.00777243587406885,0.000755612359988685,0.0304685347358334));
#1115=CARTESIAN_POINT('',(-0.00954102812243711,0.00112950793492908,0.0355383598640033));
#1116=CARTESIAN_POINT('',(-0.0112849001993395,0.00136867924695898,0.040633417669316));
#1117=CARTESIAN_POINT('',(-0.0129352712832146,0.00154234559247502,0.0457195645463605));
#1118=CARTESIAN_POINT('',(-0.0144162778657682,0.0017473150342034,0.0508047875683789));
#1119=CARTESIAN_POINT('',(-0.0158592737211785,0.00188433231057562,0.0558794861511232));
#1120=CARTESIAN_POINT('',(-0.017171054274926,0.00203196625193057,0.0609710102012903));
#1121=CARTESIAN_POINT('',(-0.0184102117684087,0.00217547169015378,0.0660530145044917));
#1122=CARTESIAN_POINT('',(-0.0195078530441816,0.00232290782275572,0.0711349457013772));
#1123=CARTESIAN_POINT('',(-0.0206935505345349,0.00240722603281478,0.0762201677227365));
#1124=CARTESIAN_POINT('',(-0.021631646483499,0.00253737315400937,0.0813055581060264));
#1125=CARTESIAN_POINT('',(-0.0223947200969293,0.00267965845026933,0.0863809737304307));
#1126=CARTESIAN_POINT('',(-0.0232637788809928,0.00277087362092219,0.0916151117300128));
#1127=CARTESIAN_POINT('',(-0.0236229889858165,0.00293578887902758,0.0964744502810935));
#1128=CARTESIAN_POINT('',(-0.0241354372860564,0.00299673280912009,0.0998962163910127));
#1129=CARTESIAN_POINT('',(-0.0243905982135877,0.00302707832831203,0.1016));
#1130=CARTESIAN_POINT('',(-0.000894971133520607,0.00200734914225394,0.00456970655162304));
#1131=CARTESIAN_POINT('',(-0.0011438941312919,0.00193214949469838,0.00988078335328426));
#1132=CARTESIAN_POINT('',(-0.00156654580600342,0.00181872233211128,0.0169388734777624));
#1133=CARTESIAN_POINT('',(-0.00538068173116255,0.00119719036035782,0.0253625260060432));
#1134=CARTESIAN_POINT('',(-0.00728773123484657,0.00107756365001339,0.0304685347358334));
#1135=CARTESIAN_POINT('',(-0.00901679672060257,0.00141866112474884,0.0355383598640033));
#1136=CARTESIAN_POINT('',(-0.0107171397491808,0.00165282259207158,0.040633417669316));
#1137=CARTESIAN_POINT('',(-0.0123311083259672,0.00181165809280052,0.0457195645463605));
#1138=CARTESIAN_POINT('',(-0.0137949469297199,0.00198854654463972,0.0508047875683789));
#1139=CARTESIAN_POINT('',(-0.0152266807903987,0.00210567508419809,0.0558794861511232));
#1140=CARTESIAN_POINT('',(-0.0165363739578397,0.00223155769926582,0.0609710102012903));
#1141=CARTESIAN_POINT('',(-0.017785215399684,0.00235948401986334,0.0660530145044917));
#1142=CARTESIAN_POINT('',(-0.0189075018255874,0.00248222635221403,0.0711349457013772));
#1143=CARTESIAN_POINT('',(-0.0201098660520905,0.00257976954944011,0.0762201677227365));
#1144=CARTESIAN_POINT('',(-0.0210901705587226,0.00269371958808495,0.0813055581060264));
#1145=CARTESIAN_POINT('',(-0.021917222132782,0.00280155052467846,0.0863809737304307));
#1146=CARTESIAN_POINT('',(-0.0228339780799035,0.00290219957492014,0.0916151117300128));
#1147=CARTESIAN_POINT('',(-0.0233463472559035,0.00295779428077993,0.0964744502810935));
#1148=CARTESIAN_POINT('',(-0.0239148475877886,0.00303120526033295,0.0998962163910127));
#1149=CARTESIAN_POINT('',(-0.0241979182349499,0.00306775843774609,0.1016));
#1150=CARTESIAN_POINT('',(-0.000643072897197755,0.00178544242330872,0.00456970655162304));
#1151=CARTESIAN_POINT('',(-0.00084550967103892,0.00188389481483232,0.00988078335328426));
#1152=CARTESIAN_POINT('',(-0.00120600782212907,0.00199323449356238,0.0169388734777624));
#1153=CARTESIAN_POINT('',(-0.00493240788766127,0.00134908092310616,0.0253625260060432));
#1154=CARTESIAN_POINT('',(-0.00678937167077818,0.00123360278458921,0.0304685347358334));
#1155=CARTESIAN_POINT('',(-0.00847718609232183,0.00155064143255953,0.0355383598640033));
#1156=CARTESIAN_POINT('',(-0.0101385188348095,0.00177152192897056,0.040633417669316));
#1157=CARTESIAN_POINT('',(-0.0117237379779546,0.00190792217403729,0.0457195645463605));
#1158=CARTESIAN_POINT('',(-0.0131721996821963,0.00206247835748682,0.0508047875683789));
#1159=CARTESIAN_POINT('',(-0.0145983736244933,0.00215884690493232,0.0558794861511231));
#1160=CARTESIAN_POINT('',(-0.015909730366714,0.00226594096222235,0.0609710102012903));
#1161=CARTESIAN_POINT('',(-0.0171715872996041,0.00238144948051802,0.0660530145044917));
#1162=CARTESIAN_POINT('',(-0.0183185136916646,0.00249035767946615,0.0711349457013772));
#1163=CARTESIAN_POINT('',(-0.0195496478255374,0.00258953970423093,0.0762201677227365));
#1164=CARTESIAN_POINT('',(-0.020573421984492,0.00269851291422963,0.0813055581060263));
#1165=CARTESIAN_POINT('',(-0.0214598314379464,0.00279509967724361,0.0863809737304307));
#1166=CARTESIAN_POINT('',(-0.022434153245834,0.00290489423892254,0.0916151117300127));
#1167=CARTESIAN_POINT('',(-0.0230696838823228,0.00292646771876691,0.0964744502810935));
#1168=CARTESIAN_POINT('',(-0.0237018231963537,0.00301413046166644,0.0998962163910127));
#1169=CARTESIAN_POINT('',(-0.0240165812970667,0.00305777995133733,0.1016));
#1170=CARTESIAN_POINT('',(-0.000316221024670484,0.00156950225980768,0.00456970655162304));
#1171=CARTESIAN_POINT('',(-0.000504772475178395,0.0018189168800905,0.00988078335328425));
#1172=CARTESIAN_POINT('',(-0.000844523287042229,0.0021231312396867,0.0169388734777623));
#1173=CARTESIAN_POINT('',(-0.00446347690523747,0.00150454800938822,0.0253625260060432));
#1174=CARTESIAN_POINT('',(-0.00626676802042603,0.00140604215549115,0.0304685347358334));
#1175=CARTESIAN_POINT('',(-0.00790116689452116,0.00173735862336862,0.0355383598640033));
#1176=CARTESIAN_POINT('',(-0.00951655298553571,0.00195503609163424,0.040633417669316));
#1177=CARTESIAN_POINT('',(-0.011067386581596,0.00207274986943763,0.0457195645463606));
#1178=CARTESIAN_POINT('',(-0.0124913909161276,0.00222022848548447,0.0508047875683789));
#1179=CARTESIAN_POINT('',(-0.0139083373658609,0.00229531161518837,0.0558794861511232));
#1180=CARTESIAN_POINT('',(-0.015217793976479,0.00238489179898808,0.0609710102012903));
#1181=CARTESIAN_POINT('',(-0.0164931191665773,0.00248355677546132,0.0660530145044917));
#1182=CARTESIAN_POINT('',(-0.0176634357416551,0.00257896778987448,0.0711349457013772));
#1183=CARTESIAN_POINT('',(-0.0189405276263594,0.00264566594160447,0.0762201677227365));
#1184=CARTESIAN_POINT('',(-0.0200143965590949,0.00273961172252018,0.0813055581060264));
#1185=CARTESIAN_POINT('',(-0.0209611605077075,0.00282564088448561,0.0863809737304307));
#1186=CARTESIAN_POINT('',(-0.0220152225045351,0.00290981266276393,0.0916151117300127));
#1187=CARTESIAN_POINT('',(-0.0227511185806261,0.00294221049152089,0.0964744502810935));
#1188=CARTESIAN_POINT('',(-0.023468115309165,0.00301387373755141,0.0998962163910127));
#1189=CARTESIAN_POINT('',(-0.0238251260558204,0.00304955667438327,0.1016));
#1190=CARTESIAN_POINT('',(5.55077244219837E-5,0.00134650825795609,0.00456970655162304));
#1191=CARTESIAN_POINT('',(-0.000129806835819783,0.00174992230196375,0.00988078335328425));
#1192=CARTESIAN_POINT('',(-0.000462119429272378,0.00225373650448873,0.0169388734777623));
#1193=CARTESIAN_POINT('',(-0.00395917029063804,0.00169118780722153,0.0253625260060432));
#1194=CARTESIAN_POINT('',(-0.00570374705459648,0.00161766689862835,0.0304685347358334));
#1195=CARTESIAN_POINT('',(-0.00727940636110085,0.00196763487412639,0.0355383598640033));
#1196=CARTESIAN_POINT('',(-0.00884447418131393,0.00218254757223899,0.040633417669316));
#1197=CARTESIAN_POINT('',(-0.0103565846180724,0.00228185484791377,0.0457195645463605));
#1198=CARTESIAN_POINT('',(-0.0117541741702777,0.00241962291948519,0.0508047875683789));
#1199=CARTESIAN_POINT('',(-0.0131602206345231,0.00247169305137543,0.0558794861511231));
#1200=CARTESIAN_POINT('',(-0.0144671287467195,0.00254149112876146,0.0609710102012903));
#1201=CARTESIAN_POINT('',(-0.0157564646311137,0.0026213967031806,0.0660530145044917));
#1202=CARTESIAN_POINT('',(-0.0169522878523377,0.00270000417658872,0.0711349457013772));
#1203=CARTESIAN_POINT('',(-0.0182759639107957,0.00273566639661748,0.0762201677227365));
#1204=CARTESIAN_POINT('',(-0.0194044127887833,0.00281030063192056,0.0813055581060264));
#1205=CARTESIAN_POINT('',(-0.0204171589669258,0.00288117568723534,0.0863809737304307));
#1206=CARTESIAN_POINT('',(-0.02155692217997,0.00293577398891282,0.0916151117300127));
#1207=CARTESIAN_POINT('',(-0.0224068628681746,0.00296661098761926,0.0964744502810935));
#1208=CARTESIAN_POINT('',(-0.0232144940211105,0.00302061441386124,0.0998962163910127));
#1209=CARTESIAN_POINT('',(-0.0236166339325705,0.00304750408121563,0.1016));
#1210=CARTESIAN_POINT('',(0.000527242027156811,0.00113504605639838,0.00456970655162304));
#1211=CARTESIAN_POINT('',(0.000317848658023375,0.00171681330462959,0.00988078335328432));
#1212=CARTESIAN_POINT('',(-4.17821169966479E-5,0.00245188297914227,0.0169388734777625));
#1213=CARTESIAN_POINT('',(-0.00340275725152514,0.00195759958041309,0.025362526006043));
#1214=CARTESIAN_POINT('',(-0.00508267395298209,0.00191644947093879,0.0304685347358336));
#1215=CARTESIAN_POINT('',(-0.00659367351055994,0.00228336087278583,0.035538359864003));
#1216=CARTESIAN_POINT('',(-0.00810115650466522,0.00249898435171973,0.0406334176693163));
#1217=CARTESIAN_POINT('',(-0.00956716609686778,0.00258130316946939,0.0457195645463606));
#1218=CARTESIAN_POINT('',(-0.0109348868537441,0.00270572747522338,0.0508047875683788));
#1219=CARTESIAN_POINT('',(-0.0123266016239613,0.00273268551695051,0.0558794861511233));
#1220=CARTESIAN_POINT('',(-0.0136292826460529,0.00277927392466642,0.060971010201291));
#1221=CARTESIAN_POINT('',(-0.0149329087988009,0.00283707368307348,0.0660530145044908));
#1222=CARTESIAN_POINT('',(-0.0161572781218078,0.00289237251503742,0.0711349457013774));
#1223=CARTESIAN_POINT('',(-0.0175274567107201,0.00289912160080373,0.0762201677227365));
#1224=CARTESIAN_POINT('',(-0.0187161776257467,0.00294762418874445,0.0813055581060264));
#1225=CARTESIAN_POINT('',(-0.0198045198466614,0.00299169471464685,0.0863809737304306));
#1226=CARTESIAN_POINT('',(-0.0210350779615992,0.00301457611755745,0.0916151117300127));
#1227=CARTESIAN_POINT('',(-0.0220260010798698,0.00300980447832676,0.0964744502810924));
#1228=CARTESIAN_POINT('',(-0.0229308155771034,0.00304454372082535,0.0998962163910122));
#1229=CARTESIAN_POINT('',(-0.0233813455256851,0.00306184126544307,0.1016));
#1230=CARTESIAN_POINT('',(0.00137954773540913,0.000852931337001083,0.00456970655162304));
#1231=CARTESIAN_POINT('',(0.00108424908486351,0.00169664953933846,0.00988078335328427));
#1232=CARTESIAN_POINT('',(0.000619988816891023,0.00277099758759933,0.0169388734777624));
#1233=CARTESIAN_POINT('',(-0.00252233263703122,0.0023631574399583,0.0253625260060432));
#1234=CARTESIAN_POINT('',(-0.0041032774820305,0.00236549202681306,0.0304685347358334));
#1235=CARTESIAN_POINT('',(-0.00551768086740599,0.00273879960692281,0.0355383598640033));
#1236=CARTESIAN_POINT('',(-0.00693773217290336,0.00295026568710818,0.040633417669316));
#1237=CARTESIAN_POINT('',(-0.00833398655058329,0.00300352905988907,0.0457195645463605));
#1238=CARTESIAN_POINT('',(-0.00965925980527986,0.00309915739748857,0.0508047875683789));
#1239=CARTESIAN_POINT('',(-0.0110306082978759,0.00308665704163623,0.0558794861511232));
#1240=CARTESIAN_POINT('',(-0.0123288392995079,0.00309598127375896,0.0609710102012903));
#1241=CARTESIAN_POINT('',(-0.0136553334066646,0.00312121783871255,0.0660530145044917));
#1242=CARTESIAN_POINT('',(-0.0149261321397851,0.0031396689120439,0.0711349457013772));
#1243=CARTESIAN_POINT('',(-0.0163620768117009,0.00311804799389782,0.0762201677227365));
#1244=CARTESIAN_POINT('',(-0.0176433710422487,0.00313134245437114,0.0813055581060264));
#1245=CARTESIAN_POINT('',(-0.0188518609047236,0.0031332582850261,0.0863809737304307));
#1246=CARTESIAN_POINT('',(-0.020215909319706,0.00312468825883515,0.0916151117300127));
#1247=CARTESIAN_POINT('',(-0.0214420270163004,0.00304410321172315,0.0964744502810935));
#1248=CARTESIAN_POINT('',(-0.0224917690266696,0.00306348124083355,0.0998962163910126));
#1249=CARTESIAN_POINT('',(-0.0230144620376699,0.0030731300500485,0.1016));
#1250=CARTESIAN_POINT('',(0.00196910959618347,0.000712434131363679,0.00456970655162303));
#1251=CARTESIAN_POINT('',(0.0015894070729738,0.00169173202392336,0.0098807833532842));
#1252=CARTESIAN_POINT('',(0.00102033850329896,0.00294191123592673,0.0169388734777622));
#1253=CARTESIAN_POINT('',(-0.00198188473836968,0.00258732272742261,0.0253625260060432));
#1254=CARTESIAN_POINT('',(-0.00350389281962147,0.00261334197094468,0.0304685347358336));
#1255=CARTESIAN_POINT('',(-0.00485922293060595,0.0029919838223222,0.0355383598640031));
#1256=CARTESIAN_POINT('',(-0.00622684476721065,0.00319975633704693,0.0406334176693161));
#1257=CARTESIAN_POINT('',(-0.00758187767026056,0.00323409448020196,0.0457195645463604));
#1258=CARTESIAN_POINT('',(-0.00888156628313697,0.00331331834704524,0.0508047875683791));
#1259=CARTESIAN_POINT('',(-0.0102414098356061,0.00327663548922955,0.055879486151123));
#1260=CARTESIAN_POINT('',(-0.0115375041511251,0.00326376251557527,0.0609710102012903));
#1261=CARTESIAN_POINT('',(-0.0128784394449081,0.00326961849729584,0.0660530145044918));
#1262=CARTESIAN_POINT('',(-0.0141774492307847,0.00326739182808676,0.0711349457013768));
#1263=CARTESIAN_POINT('',(-0.0156554888477429,0.00322612706643569,0.0762201677227367));
#1264=CARTESIAN_POINT('',(-0.0169933053778983,0.00321969032727596,0.0813055581060263));
#1265=CARTESIAN_POINT('',(-0.0182741732335431,0.00319961256521036,0.0863809737304308));
#1266=CARTESIAN_POINT('',(-0.0197211095663909,0.00317147951729062,0.0916151117300128));
#1267=CARTESIAN_POINT('',(-0.0210852289189134,0.0030575455542029,0.0964744502810933));
#1268=CARTESIAN_POINT('',(-0.0222246214470401,0.00306721601482095,0.0998962163910128));
#1269=CARTESIAN_POINT('',(-0.022791953710925,0.00307203118095537,0.1016));
#1270=CARTESIAN_POINT('',(0.00318872872040359,0.00050617629297878,0.00456970655162305));
#1271=CARTESIAN_POINT('',(0.0026083977991308,0.00171309814593914,0.00988078335328435));
#1272=CARTESIAN_POINT('',(0.00178874130423692,0.00325918122238174,0.0169388734777625));
#1273=CARTESIAN_POINT('',(-0.000934750049010976,0.00302012825434501,0.0253625260060431));
#1274=CARTESIAN_POINT('',(-0.00234380962608636,0.00309250720368645,0.0304685347358332));
#1275=CARTESIAN_POINT('',(-0.00358342111513489,0.00348739477333104,0.0355383598640036));
#1276=CARTESIAN_POINT('',(-0.00484917833884878,0.0036893247953054,0.0406334176693159));
#1277=CARTESIAN_POINT('',(-0.00612405725720433,0.00368753536115808,0.0457195645463607));
#1278=CARTESIAN_POINT('',(-0.0073731928146206,0.00373748787290743,0.0508047875683787));
#1279=CARTESIAN_POINT('',(-0.00871040297838556,0.0036540348721481,0.0558794861511233));
#1280=CARTESIAN_POINT('',(-0.0100019089574333,0.00359854882816685,0.0609710102012902));
#1281=CARTESIAN_POINT('',(-0.01137077798325,0.00356640433643868,0.0660530145044917));
#1282=CARTESIAN_POINT('',(-0.0127239380601354,0.00352451997846624,0.0711349457013779));
#1283=CARTESIAN_POINT('',(-0.0142857290100825,0.00344003162426419,0.0762201677227362));
#1284=CARTESIAN_POINT('',(-0.0157334305871263,0.00339414859484584,0.0813055581060265));
#1285=CARTESIAN_POINT('',(-0.0171538822524067,0.0033320728156123,0.0863809737304306));
#1286=CARTESIAN_POINT('',(-0.0187636611603737,0.00326119484734143,0.0916151117300127));
#1287=CARTESIAN_POINT('',(-0.020390900692067,0.00308968297192071,0.0964744502810936));
#1288=CARTESIAN_POINT('',(-0.0217057319377912,0.00307669821577592,0.0998962163910124));
#1289=CARTESIAN_POINT('',(-0.0223604195619848,0.00307023277834521,0.1016));
#1290=CARTESIAN_POINT('',(0.00403013314016996,0.000441410668047651,0.00456970655162303));
#1291=CARTESIAN_POINT('',(0.00328920476850812,0.0017607082402054,0.00988078335328424));
#1292=CARTESIAN_POINT('',(0.00226784388510296,0.00345357947735338,0.0169388734777623));
#1293=CARTESIAN_POINT('',(-0.000274066546951557,0.00329774849238862,0.0253625260060432));
#1294=CARTESIAN_POINT('',(-0.0016129676345303,0.00340002109558249,0.0304685347358334));
#1295=CARTESIAN_POINT('',(-0.00277970803497336,0.00380647949671603,0.0355383598640033));
#1296=CARTESIAN_POINT('',(-0.00398119840460148,0.00400534931658004,0.040633417669316));
#1297=CARTESIAN_POINT('',(-0.00520512224694743,0.00398152836810596,0.0457195645463605));
#1298=CARTESIAN_POINT('',(-0.00642248715314941,0.00401298807969491,0.0508047875683789));
#1299=CARTESIAN_POINT('',(-0.00774513326811636,0.00390019092016744,0.0558794861511231));
#1300=CARTESIAN_POINT('',(-0.00903359272351351,0.00381775061469636,0.0609710102012903));
#1301=CARTESIAN_POINT('',(-0.010419901239568,0.00376146214870332,0.0660530145044917));
#1302=CARTESIAN_POINT('',(-0.011807302051634,0.00369396164719066,0.0711349457013772));
#1303=CARTESIAN_POINT('',(-0.0134209223592175,0.00358253097276916,0.0762201677227365));
#1304=CARTESIAN_POINT('',(-0.0149379378712678,0.00351081080751608,0.0813055581060263));
#1305=CARTESIAN_POINT('',(-0.0164467573482228,0.00342114368154563,0.0863809737304306));
#1306=CARTESIAN_POINT('',(-0.0181586340253099,0.00332224014576247,0.0916151117300128));
#1307=CARTESIAN_POINT('',(-0.0199541161102465,0.00311199990116942,0.0964744502810934));
#1308=CARTESIAN_POINT('',(-0.0213789996899164,0.00308390350831823,0.0998962163910127));
#1309=CARTESIAN_POINT('',(-0.0220884851456053,0.00306991360600646,0.1016));
#1310=CARTESIAN_POINT('',(0.00535621755343216,0.000458306853780113,0.00456970655162304));
#1311=CARTESIAN_POINT('',(0.00434429229631342,0.0018941554052777,0.00988078335328426));
#1312=CARTESIAN_POINT('',(0.00298180555231301,0.00374047193791684,0.0169388734777624));
#1313=CARTESIAN_POINT('',(0.00071786124957156,0.00371575132784034,0.0253625260060432));
#1314=CARTESIAN_POINT('',(-0.000516603243175232,0.00386019184099713,0.0304685347358334));
#1315=CARTESIAN_POINT('',(-0.00157386391325605,0.004282555366308,0.0355383598640033));
#1316=CARTESIAN_POINT('',(-0.00267900795866178,0.00447615446711147,0.040633417669316));
#1317=CARTESIAN_POINT('',(-0.00382664272984346,0.00441886603728261,0.0457195645463605));
#1318=CARTESIAN_POINT('',(-0.00499642534637145,0.004422046156513,0.0508047875683789));
#1319=CARTESIAN_POINT('',(-0.00629736919486583,0.00426511502890527,0.0558794861511231));
#1320=CARTESIAN_POINT('',(-0.00758138376557025,0.00414220584941224,0.0609710102012903));
#1321=CARTESIAN_POINT('',(-0.00899391742062619,0.00404982680667075,0.0660530145044917));
#1322=CARTESIAN_POINT('',(-0.0104327265447952,0.00394406704428833,0.0711349457013772));
#1323=CARTESIAN_POINT('',(-0.012124132537211,0.00379311453460063,0.0762201677227365));
#1324=CARTESIAN_POINT('',(-0.0137450189904946,0.00368332904057774,0.0813055581060263));
#1325=CARTESIAN_POINT('',(-0.0153864118343221,0.00355248429171647,0.0863809737304307));
#1326=CARTESIAN_POINT('',(-0.0172512220544146,0.00341321828865956,0.0916151117300128));
#1327=CARTESIAN_POINT('',(-0.0192988952067496,0.00314368861317973,0.0964744502810934));
#1328=CARTESIAN_POINT('',(-0.020888817341708,0.00309424970112002,0.0998962163910126));
#1329=CARTESIAN_POINT('',(-0.0216804796547035,0.00306963282044856,0.1016));
#1330=CARTESIAN_POINT('',(0.00649788033036032,0.000532102633279096,0.00456970655162303));
#1331=CARTESIAN_POINT('',(0.00526060424771853,0.0020433095449676,0.00988078335328424));
#1332=CARTESIAN_POINT('',(0.00361477585785533,0.00398979053813853,0.0169388734777623));
#1333=CARTESIAN_POINT('',(0.00159410659707019,0.00408525854282121,0.0253625260060432));
#1334=CARTESIAN_POINT('',(0.000452382930178376,0.00426591472803658,0.0304685347358335));
#1335=CARTESIAN_POINT('',(-0.000508018382367022,0.00470212808873523,0.0355383598640033));
#1336=CARTESIAN_POINT('',(-0.00152802414461614,0.00489087477060786,0.0406334176693161));
#1337=CARTESIAN_POINT('',(-0.00260832729591949,0.0048039480256881,0.0457195645463605));
#1338=CARTESIAN_POINT('',(-0.00373600886666211,0.00478197608065235,0.050804787568379));
#1339=CARTESIAN_POINT('',(-0.00501783472686185,0.00458602558029107,0.0558794861511231));
#1340=CARTESIAN_POINT('',(-0.00629794981877263,0.00442733858343828,0.0609710102012901));
#1341=CARTESIAN_POINT('',(-0.00773369424181202,0.00430310269373273,0.0660530145044918));
#1342=CARTESIAN_POINT('',(-0.00921791288221651,0.00416354585677159,0.071134945701377));
#1343=CARTESIAN_POINT('',(-0.0109782726822827,0.00397799525727347,0.0762201677227367));
#1344=CARTESIAN_POINT('',(-0.0126909587788669,0.00383475636490304,0.0813055581060264));
#1345=CARTESIAN_POINT('',(-0.0144494211768733,0.00366749276282919,0.0863809737304308));
#1346=CARTESIAN_POINT('',(-0.016449559366154,0.00349330207861099,0.0916151117300126));
#1347=CARTESIAN_POINT('',(-0.0187195345784354,0.00316995362787346,0.0964744502810933));
#1348=CARTESIAN_POINT('',(-0.0204554776200227,0.00310222031490659,0.0998962163910127));
#1349=CARTESIAN_POINT('',(-0.0213198474236216,0.0030684941908209,0.1016));
#1350=CARTESIAN_POINT('',(0.00783046653428723,0.000788563259480709,0.00456970655162303));
#1351=CARTESIAN_POINT('',(0.00637196193584685,0.00231386103230191,0.00988078335328424));
#1352=CARTESIAN_POINT('',(0.00444967053889307,0.00428309929501825,0.0169388734777623));
#1353=CARTESIAN_POINT('',(0.00273094651352229,0.00455099659856889,0.0253625260060432));
#1354=CARTESIAN_POINT('',(0.00171092341824077,0.00477639247814428,0.0304685347358334));
#1355=CARTESIAN_POINT('',(0.000875028036092219,0.00523146611789482,0.0355383598640033));
#1356=CARTESIAN_POINT('',(-3.52926917587946E-5,0.0054141013698462,0.040633417669316));
#1357=CARTESIAN_POINT('',(-0.00102915583473115,0.00528897239292985,0.0457195645463606));
#1358=CARTESIAN_POINT('',(-0.00210275803435183,0.00523475479509721,0.050804787568379));
#1359=CARTESIAN_POINT('',(-0.00336032810376998,0.00498847950136805,0.0558794861511232));
#1360=CARTESIAN_POINT('',(-0.00463574748114335,0.0047835974586808,0.0609710102012902));
#1361=CARTESIAN_POINT('',(-0.00610181158448295,0.00461835233320479,0.0660530145044916));
#1362=CARTESIAN_POINT('',(-0.0076449877165131,0.00443530402478485,0.0711349457013774));
#1363=CARTESIAN_POINT('',(-0.0094949422810587,0.00420496238293582,0.0762201677227365));
#1364=CARTESIAN_POINT('',(-0.011326611486934,0.00401878120051877,0.0813055581060264));
#1365=CARTESIAN_POINT('',(-0.0132366798485373,0.00380506945310157,0.0863809737304306));
#1366=CARTESIAN_POINT('',(-0.0154121743478825,0.00358537686974272,0.0916151117300128));
#1367=CARTESIAN_POINT('',(-0.0179701726341039,0.00319692090539491,0.0964744502810937));
#1368=CARTESIAN_POINT('',(-0.0198952090701218,0.00310551268753205,0.0998962163910127));
#1369=CARTESIAN_POINT('',(-0.0208537332418597,0.00305999823145336,0.1016));
#1370=CARTESIAN_POINT('',(0.00863996597450921,0.00105119439190381,0.00456970655162304));
#1371=CARTESIAN_POINT('',(0.00708612995143806,0.00254785420450634,0.00988078335328426));
#1372=CARTESIAN_POINT('',(0.00504660702352984,0.00448371135997275,0.0169388734777624));
#1373=CARTESIAN_POINT('',(0.00352878375313894,0.00488030078453956,0.0253625260060431));
#1374=CARTESIAN_POINT('',(0.00259615384669267,0.0051360242895605,0.0304685347358334));
#1375=CARTESIAN_POINT('',(0.0018471556276011,0.00560494323240228,0.0355383598640033));
#1376=CARTESIAN_POINT('',(0.00101419254915079,0.00578306727668715,0.0406334176693161));
#1377=CARTESIAN_POINT('',(8.11405000282477E-5,0.00563109660311661,0.0457195645463605));
#1378=CARTESIAN_POINT('',(-0.000954427585500612,0.00555416634275783,0.0508047875683789));
#1379=CARTESIAN_POINT('',(-0.00219490037588992,0.00527248239654923,0.0558794861511232));
#1380=CARTESIAN_POINT('',(-0.00346700624647331,0.00503514667003036,0.0609710102012902));
#1381=CARTESIAN_POINT('',(-0.00495436036805772,0.00484102116623765,0.0660530145044918));
#1382=CARTESIAN_POINT('',(-0.00653900347722303,0.00462736747330369,0.0711349457013771));
#1383=CARTESIAN_POINT('',(-0.00845182940368347,0.00436547834251488,0.0762201677227366));
#1384=CARTESIAN_POINT('',(-0.0103671437667828,0.00414901755850972,0.0813055581060264));
#1385=CARTESIAN_POINT('',(-0.0123838619580433,0.00390247781557996,0.0863809737304307));
#1386=CARTESIAN_POINT('',(-0.0146826670329863,0.00365184581741004,0.0916151117300128));
#1387=CARTESIAN_POINT('',(-0.0174430069559002,0.00321288713164617,0.0964744502810934));
#1388=CARTESIAN_POINT('',(-0.0195011424351607,0.00310519236989142,0.0998962163910126));
#1389=CARTESIAN_POINT('',(-0.0205259399759611,0.00305156843302454,0.1016));
#1390=CARTESIAN_POINT('',(0.00914669345430696,0.00124568373184724,0.00456970655162304));
#1391=CARTESIAN_POINT('',(0.00754667260714397,0.00271335218014892,0.00988078335328425));
#1392=CARTESIAN_POINT('',(0.00545127761804957,0.00461429054652273,0.0169388734777623));
#1393=CARTESIAN_POINT('',(0.00406513105724178,0.0050992510298707,0.0253625260060432));
#1394=CARTESIAN_POINT('',(0.00319163879385011,0.00537516477229903,0.0304685347358334));
#1395=CARTESIAN_POINT('',(0.00250101329947648,0.00585295873194358,0.0355383598640033));
#1396=CARTESIAN_POINT('',(0.00171988852708036,0.00602815054112861,0.040633417669316));
#1397=CARTESIAN_POINT('',(0.000827520915480632,0.00585823278025275,0.0457195645463605));
#1398=CARTESIAN_POINT('',(-0.000182534554853755,0.00576590593537731,0.0508047875683789));
#1399=CARTESIAN_POINT('',(-0.0014116332269727,0.00546047958973396,0.0558794861511231));
#1400=CARTESIAN_POINT('',(-0.0026815851527221,0.00520133111382193,0.0609710102012903));
#1401=CARTESIAN_POINT('',(-0.00418330237766019,0.00498786044842568,0.0660530145044917));
#1402=CARTESIAN_POINT('',(-0.00579582922549086,0.00475359007883738,0.0711349457013773));
#1403=CARTESIAN_POINT('',(-0.00775102739236691,0.00447101222808411,0.0762201677227365));
#1404=CARTESIAN_POINT('',(-0.00972255956781017,0.00423430325160973,0.0813055581060265));
#1405=CARTESIAN_POINT('',(-0.0118109232109187,0.00396575522208141,0.0863809737304306));
#1406=CARTESIAN_POINT('',(-0.014192573699638,0.0036939222157953,0.091615111730013));
#1407=CARTESIAN_POINT('',(-0.0170890550523619,0.00322400020880129,0.0964744502810934));
#1408=CARTESIAN_POINT('',(-0.0192365346937866,0.00310553707755173,0.0998962163910126));
#1409=CARTESIAN_POINT('',(-0.0203058189452985,0.00304655129804237,0.1016));
#1410=CARTESIAN_POINT('',(0.0095994789504816,0.00144983406875165,0.00456970655162304));
#1411=CARTESIAN_POINT('',(0.00797215592519604,0.00288020365623385,0.00988078335328427));
#1412=CARTESIAN_POINT('',(0.00584496190558636,0.00473550822642667,0.0169388734777624));
#1413=CARTESIAN_POINT('',(0.00458243758089539,0.00530776785445256,0.0253625260060431));
#1414=CARTESIAN_POINT('',(0.00376654545359394,0.005602435058501,0.0304685347358335));
#1415=CARTESIAN_POINT('',(0.00313113718662628,0.00609090946589846,0.0355383598640033));
#1416=CARTESIAN_POINT('',(0.00240009968059985,0.00626288550490036,0.0406334176693161));
#1417=CARTESIAN_POINT('',(0.00154696059245061,0.00607528161615612,0.0457195645463604));
#1418=CARTESIAN_POINT('',(0.000561183187214042,0.00596900115514364,0.0508047875683791));
#1419=CARTESIAN_POINT('',(-0.000656954542355157,0.00564058489158721,0.055879486151123));
#1420=CARTESIAN_POINT('',(-0.00192490008074629,0.00536060979733154,0.0609710102012904));
#1421=CARTESIAN_POINT('',(-0.00344046654922258,0.00512847339023469,0.0660530145044917));
#1422=CARTESIAN_POINT('',(-0.00507997821948275,0.00487503355471262,0.0711349457013775));
#1423=CARTESIAN_POINT('',(-0.0070756227872385,0.00457021787936214,0.0762201677227364));
#1424=CARTESIAN_POINT('',(-0.00910137869497789,0.00431402030546558,0.0813055581060262));
#1425=CARTESIAN_POINT('',(-0.0112589501078644,0.00402589545455579,0.0863809737304308));
#1426=CARTESIAN_POINT('',(-0.0137201878003154,0.00373055879081685,0.0916151117300126));
#1427=CARTESIAN_POINT('',(-0.0167486713785793,0.00324160087825288,0.0964744502810939));
#1428=CARTESIAN_POINT('',(-0.0189818925637451,0.00311161757263017,0.0998962163910127));
#1429=CARTESIAN_POINT('',(-0.0200938696914332,0.00304689560787637,0.1016));
#1430=CARTESIAN_POINT('',(0.0101181409420981,0.00176365481684381,0.00456970655162304));
#1431=CARTESIAN_POINT('',(0.00849389709442537,0.00313917353193905,0.00988078335328428));
#1432=CARTESIAN_POINT('',(0.00637494380940216,0.0049270476729292,0.0169388734777624));
#1433=CARTESIAN_POINT('',(0.00527175073352234,0.00561568567789798,0.0253625260060432));
#1434=CARTESIAN_POINT('',(0.00453567570235036,0.00593496622187883,0.0304685347358335));
#1435=CARTESIAN_POINT('',(0.00397510201516839,0.00643845875545265,0.0355383598640032));
#1436=CARTESIAN_POINT('',(0.00331300664323921,0.00660575655267127,0.040633417669316));
#1437=CARTESIAN_POINT('',(0.00251415142415146,0.00639403339059873,0.0457195645463607));
#1438=CARTESIAN_POINT('',(0.00156197693166884,0.00626895004204936,0.0508047875683785));
#1439=CARTESIAN_POINT('',(0.000359596311891273,0.00590921603091365,0.0558794861511233));
#1440=CARTESIAN_POINT('',(-0.000904907742406432,0.00560090316991033,0.0609710102012901));
#1441=CARTESIAN_POINT('',(-0.00243866561806659,0.00534315957765305,0.0660530145044917));
#1442=CARTESIAN_POINT('',(-0.00411423332747838,0.00506351845615857,0.0711349457013766));
#1443=CARTESIAN_POINT('',(-0.00616397734115033,0.00472736756021557,0.0762201677227368));
#1444=CARTESIAN_POINT('',(-0.00826271901429658,0.00444396072262096,0.0813055581060268));
#1445=CARTESIAN_POINT('',(-0.0105135663229171,0.00412868631444159,0.0863809737304305));
#1446=CARTESIAN_POINT('',(-0.0130821021020053,0.0038004646490108,0.091615111730013));
#1447=CARTESIAN_POINT('',(-0.0162880806217481,0.00328195891048709,0.096474450281093));
#1448=CARTESIAN_POINT('',(-0.0186368431952552,0.00313510315935644,0.0998962163910127));
#1449=CARTESIAN_POINT('',(-0.0198063512930015,0.00306197997862921,0.1016));
#1450=CARTESIAN_POINT('',(0.0104924171213339,0.00206899470654495,0.00456970655162303));
#1451=CARTESIAN_POINT('',(0.00890743463465021,0.00339404685154149,0.00988078335328424));
#1452=CARTESIAN_POINT('',(0.00684259507826036,0.00511972011286568,0.0169388734777623));
#1453=CARTESIAN_POINT('',(0.00587381389691042,0.00590946832065665,0.0253625260060431));
#1454=CARTESIAN_POINT('',(0.00521025078585454,0.00624984703555314,0.0304685347358335));
#1455=CARTESIAN_POINT('',(0.00471600763393767,0.00676702661511676,0.0355383598640033));
#1456=CARTESIAN_POINT('',(0.00411603290107602,0.00692979381784171,0.0406334176693161));
#1457=CARTESIAN_POINT('',(0.00336628629597748,0.00669640129169845,0.0457195645463604));
#1458=CARTESIAN_POINT('',(0.00244440371831716,0.00655485084707073,0.0508047875683791));
#1459=CARTESIAN_POINT('',(0.00125672877223836,0.00616718146466949,0.0558794861511231));
#1460=CARTESIAN_POINT('',(-4.15278811709015E-6,0.0058336195318595,0.0609710102012903));
#1461=CARTESIAN_POINT('',(-0.00155359093732531,0.00555290984292705,0.0660530145044917));
#1462=CARTESIAN_POINT('',(-0.00326080687487495,0.00525008887934863,0.0711349457013773));
#1463=CARTESIAN_POINT('',(-0.0053578394841013,0.00488482729712683,0.0762201677227365));
#1464=CARTESIAN_POINT('',(-0.00752093302208546,0.00457663050206539,0.0813055581060262));
#1465=CARTESIAN_POINT('',(-0.00985435753855768,0.00423771104272378,0.086380973730431));
#1466=CARTESIAN_POINT('',(-0.0125168922049541,0.00387563684510809,0.0916151117300126));
#1467=CARTESIAN_POINT('',(-0.0158823763971405,0.00334331757818365,0.0964744502810935));
#1468=CARTESIAN_POINT('',(-0.0183333153217548,0.00318087905683812,0.0998962163910126));
#1469=CARTESIAN_POINT('',(-0.0195536996005872,0.00309999682197865,0.1016));
#1470=CARTESIAN_POINT('',(0.010734647992443,0.00233914400282473,0.00456970655162302));
#1471=CARTESIAN_POINT('',(0.00920526236096176,0.00363108154979746,0.00988078335328413));
#1472=CARTESIAN_POINT('',(0.00721483957804666,0.0053162472815396,0.0169388734777621));
#1473=CARTESIAN_POINT('',(0.00635404389351842,0.00618376085089325,0.0253625260060433));
#1474=CARTESIAN_POINT('',(0.00575271302137646,0.00654037996788576,0.0304685347358334));
#1475=CARTESIAN_POINT('',(0.00531292173321837,0.00707119164906352,0.0355383598640034));
#1476=CARTESIAN_POINT('',(0.00476621836753769,0.0072296247859464,0.0406334176693162));
#1477=CARTESIAN_POINT('',(0.00405898767024613,0.00697780036054462,0.0457195645463601));
#1478=CARTESIAN_POINT('',(0.00316286366994898,0.00682369503844597,0.0508047875683792));
#1479=CARTESIAN_POINT('',(0.00198868877413394,0.00641270048091851,0.0558794861511226));
#1480=CARTESIAN_POINT('',(0.000731764085195331,0.00605830252870043,0.0609710102012902));
#1481=CARTESIAN_POINT('',(-0.000829877142513325,0.00575818112134556,0.0660530145044915));
#1482=CARTESIAN_POINT('',(-0.00256283652059148,0.00543656398896395,0.0711349457013773));
#1483=CARTESIAN_POINT('',(-0.00469744975370979,0.00504343676961589,0.0762201677227371));
#1484=CARTESIAN_POINT('',(-0.00691325400623839,0.004713782544206,0.0813055581060263));
#1485=CARTESIAN_POINT('',(-0.00931487925046783,0.00435618225526604,0.0863809737304313));
#1486=CARTESIAN_POINT('',(-0.012053551009364,0.00396140481011804,0.0916151117300128));
#1487=CARTESIAN_POINT('',(-0.0155528580688635,0.00342516846335066,0.0964744502810936));
#1488=CARTESIAN_POINT('',(-0.0180882879564107,0.00325043821304697,0.0998962163910128));
#1489=CARTESIAN_POINT('',(-0.0193507424157079,0.00316343561646426,0.1016));
#1490=CARTESIAN_POINT('',(0.0108715148849005,0.00254823983372043,0.00456970655162305));
#1491=CARTESIAN_POINT('',(0.00939358145902253,0.00382622480346675,0.00988078335328438));
#1492=CARTESIAN_POINT('',(0.00747152343893956,0.00549477299752963,0.0169388734777626));
#1493=CARTESIAN_POINT('',(0.00669188651715333,0.00641180472346041,0.025362526006043));
#1494=CARTESIAN_POINT('',(0.00613856572925454,0.00677886217168727,0.0304685347358335));
#1495=CARTESIAN_POINT('',(0.00573813953777253,0.00732168536109563,0.0355383598640033));
#1496=CARTESIAN_POINT('',(0.00523241320641082,0.0074755279856275,0.0406334176693162));
#1497=CARTESIAN_POINT('',(0.00455797968999879,0.00720907617538573,0.0457195645463606));
#1498=CARTESIAN_POINT('',(0.00368104200553701,0.00704670818223647,0.0508047875683783));
#1499=CARTESIAN_POINT('',(0.00251780860216909,0.00661821649592603,0.0558794861511245));
#1500=CARTESIAN_POINT('',(0.00126449291661919,0.00624854613616922,0.0609710102012897));
#1501=CARTESIAN_POINT('',(-0.000305453216760156,0.00593399139609543,0.0660530145044918));
#1502=CARTESIAN_POINT('',(-0.00205700900410211,0.00559949372339082,0.0711349457013772));
#1503=CARTESIAN_POINT('',(-0.00421748290320868,0.00518210628356812,0.0762201677227359));
#1504=CARTESIAN_POINT('',(-0.00647131170040344,0.0048359734632787,0.081305558106025));
#1505=CARTESIAN_POINT('',(-0.00892377901835851,0.0044679235439253,0.0863809737304314));
#1506=CARTESIAN_POINT('',(-0.0117145734263017,0.00403731158971952,0.091615111730012));
#1507=CARTESIAN_POINT('',(-0.0153236751428188,0.00353833616580058,0.0964744502810932));
#1508=CARTESIAN_POINT('',(-0.0179259540049722,0.00334969558054508,0.0998962163910126));
#1509=CARTESIAN_POINT('',(-0.0192216942539912,0.00325576667750977,0.1016));
#1510=CARTESIAN_POINT('',(0.0109439088826969,0.0026973146234173,0.00456970655162303));
#1511=CARTESIAN_POINT('',(0.00949918863825019,0.00397814866500542,0.00988078335328424));
#1512=CARTESIAN_POINT('',(0.00762152144624739,0.00565114455154614,0.0169388734777623));
#1513=CARTESIAN_POINT('',(0.00690396542537105,0.00659731960662904,0.0253625260060432));
#1514=CARTESIAN_POINT('',(0.00638658585819662,0.00697055899887461,0.0304685347358335));
#1515=CARTESIAN_POINT('',(0.00601179353737106,0.00752625280588381,0.0355383598640033));
#1516=CARTESIAN_POINT('',(0.00553755662774789,0.00767671160752909,0.0406334176693161));
#1517=CARTESIAN_POINT('',(0.00488858582794579,0.00739964500407341,0.0457195645463605));
#1518=CARTESIAN_POINT('',(0.0040253798235221,0.00723393252380547,0.0508047875683789));
#1519=CARTESIAN_POINT('',(0.00287144137393618,0.0067931530810751,0.0558794861511231));
#1520=CARTESIAN_POINT('',(0.00162163647426276,0.00641329671689712,0.0609710102012903));
#1521=CARTESIAN_POINT('',(4.66646683293202E-5,0.00608827323152907,0.0660530145044917));
#1522=CARTESIAN_POINT('',(-0.00171794204501429,0.00574597165340423,0.0711349457013772));
#1523=CARTESIAN_POINT('',(-0.00389377590242754,0.00530510061927698,0.0762201677227364));
#1524=CARTESIAN_POINT('',(-0.00617353274206007,0.00494644597786787,0.0813055581060265));
#1525=CARTESIAN_POINT('',(-0.00866311970370006,0.0045737386362266,0.0863809737304306));
#1526=CARTESIAN_POINT('',(-0.01148364915159,0.00410993740885498,0.0916151117300127));
#1527=CARTESIAN_POINT('',(-0.0151904997006422,0.00365641965530211,0.0964744502810935));
#1528=CARTESIAN_POINT('',(-0.0178417797581165,0.00344925969077748,0.0998962163910126));
#1529=CARTESIAN_POINT('',(-0.0191619189376078,0.00334610952192978,0.1016));
#1530=CARTESIAN_POINT('',(0.0109881742526991,0.00281465150348639,0.00456970655162303));
#1531=CARTESIAN_POINT('',(0.0095641133150101,0.00410451112344684,0.00988078335328423));
#1532=CARTESIAN_POINT('',(0.00771441430162932,0.0057897016121057,0.0169388734777623));
#1533=CARTESIAN_POINT('',(0.0070487321842441,0.00675764366610231,0.0253625260060432));
#1534=CARTESIAN_POINT('',(0.00656131692541851,0.00713578455105532,0.0304685347358333));
#1535=CARTESIAN_POINT('',(0.0062046570771491,0.00770186229619449,0.0355383598640035));
#1536=CARTESIAN_POINT('',(0.00575621565399018,0.00784971213361786,0.040633417669316));
#1537=CARTESIAN_POINT('',(0.00512871911060078,0.00756474891003519,0.0457195645463607));
#1538=CARTESIAN_POINT('',(0.00427529317213614,0.00739637686590852,0.0508047875683788));
#1539=CARTESIAN_POINT('',(0.00312949096017791,0.00694628854146544,0.0558794861511234));
#1540=CARTESIAN_POINT('',(0.00188274741296972,0.00655862356270351,0.0609710102012901));
#1541=CARTESIAN_POINT('',(0.000304573848045184,0.00622543332248388,0.0660530145044921));
#1542=CARTESIAN_POINT('',(-0.00147054043582956,0.0058770806401276,0.071134945701377));
#1543=CARTESIAN_POINT('',(-0.00365356654223068,0.00541792178469229,0.0762201677227367));
#1544=CARTESIAN_POINT('',(-0.0059523887714387,0.0050482529595272,0.0813055581060261));
#1545=CARTESIAN_POINT('',(-0.00847421688829375,0.00467481355581533,0.0863809737304311));
#1546=CARTESIAN_POINT('',(-0.0113058193494978,0.00417434768991996,0.0916151117300124));
#1547=CARTESIAN_POINT('',(-0.0151289542651074,0.00379361084421263,0.0964744502810935));
#1548=CARTESIAN_POINT('',(-0.0178034145417717,0.00354796848495303,0.0998962163910129));
#1549=CARTESIAN_POINT('',(-0.0191350957367718,0.00342565696162412,0.1016));
#1550=CARTESIAN_POINT('',(0.011010938711392,0.00289798273641902,0.00456970655162303));
#1551=CARTESIAN_POINT('',(0.00959479867462411,0.00419927166785006,0.00988078335328422));
#1552=CARTESIAN_POINT('',(0.00775644528548837,0.00589956305586698,0.0169388734777623));
#1553=CARTESIAN_POINT('',(0.00713382477252726,0.00688235865944615,0.0253625260060432));
#1554=CARTESIAN_POINT('',(0.00667005270969314,0.00726156674770421,0.0304685347358334));
#1555=CARTESIAN_POINT('',(0.00632211846321412,0.00783936476877223,0.0355383598640033));
#1556=CARTESIAN_POINT('',(0.00589414134521115,0.00798294260538231,0.0406334176693159));
#1557=CARTESIAN_POINT('',(0.00528265232019956,0.00768971590789127,0.0457195645463606));
#1558=CARTESIAN_POINT('',(0.00443509388482562,0.00752269711613104,0.0508047875683789));
#1559=CARTESIAN_POINT('',(0.00329564795053364,0.00706554108606672,0.0558794861511229));
#1560=CARTESIAN_POINT('',(0.00205132851644019,0.00667330759780447,0.0609710102012904));
#1561=CARTESIAN_POINT('',(0.00047166482396854,0.00633493529736226,0.0660530145044917));
#1562=CARTESIAN_POINT('',(-0.00131064732920023,0.00598590070682047,0.0711349457013774));
#1563=CARTESIAN_POINT('',(-0.00349589806362721,0.00550502219811983,0.0762201677227365));
#1564=CARTESIAN_POINT('',(-0.00580636978199116,0.00513006823066053,0.0813055581060264));
#1565=CARTESIAN_POINT('',(-0.00835365477189244,0.00475754821774143,0.0863809737304306));
#1566=CARTESIAN_POINT('',(-0.0111822951613905,0.00423056104171402,0.0916151117300128));
#1567=CARTESIAN_POINT('',(-0.0151227301674067,0.00390360013547786,0.0964744502810934));
#1568=CARTESIAN_POINT('',(-0.0177966473203277,0.00362344085503827,0.0998962163910127));
#1569=CARTESIAN_POINT('',(-0.0191280580803239,0.0034839424864809,0.1016));
#1570=CARTESIAN_POINT('',(0.0110302218145412,0.00299598822389062,0.00456970655162303));
#1571=CARTESIAN_POINT('',(0.00961424632332538,0.00431250626754658,0.00988078335328424));
#1572=CARTESIAN_POINT('',(0.00777727947508567,0.0060332801722034,0.0169388734777623));
#1573=CARTESIAN_POINT('',(0.007198397331657,0.00704931266624767,0.0253625260060432));
#1574=CARTESIAN_POINT('',(0.00676686006619454,0.00743327371140123,0.0304685347358335));
#1575=CARTESIAN_POINT('',(0.00642014373125718,0.00803926701243094,0.0355383598640033));
#1576=CARTESIAN_POINT('',(0.00602282252032317,0.00818457119826066,0.040633417669316));
#1577=CARTESIAN_POINT('',(0.00543729703141312,0.00788242709728721,0.0457195645463605));
#1578=CARTESIAN_POINT('',(0.00459601179528071,0.00772651860536711,0.0508047875683789));
#1579=CARTESIAN_POINT('',(0.00346804372276043,0.00726153959246729,0.0558794861511231));
#1580=CARTESIAN_POINT('',(0.00222825035771899,0.00686584679331274,0.0609710102012902));
#1581=CARTESIAN_POINT('',(0.000647494502734801,0.006519339379529,0.0660530145044918));
#1582=CARTESIAN_POINT('',(-0.00114604609294819,0.00617273906750322,0.0711349457013772));
#1583=CARTESIAN_POINT('',(-0.0033263151858235,0.0056417598595713,0.0762201677227365));
#1584=CARTESIAN_POINT('',(-0.00565164796394262,0.0052589229276683,0.0813055581060263));
#1585=CARTESIAN_POINT('',(-0.00823285003708171,0.00489100916839581,0.0863809737304307));
#1586=CARTESIAN_POINT('',(-0.0110512553002353,0.00433254048720501,0.0916151117300128));
#1587=CARTESIAN_POINT('',(-0.0151527900990705,0.00402149529432003,0.0964744502810934));
#1588=CARTESIAN_POINT('',(-0.0178073823454447,0.00370743208148407,0.0998962163910126));
#1589=CARTESIAN_POINT('',(-0.0191291707472897,0.00355105209026706,0.1016));
#1590=CARTESIAN_POINT('',(0.0110384888828505,0.00306602328780097,0.00456970655162304));
#1591=CARTESIAN_POINT('',(0.0096170027885325,0.00439402944353363,0.00988078335328425));
#1592=CARTESIAN_POINT('',(0.00777350931628058,0.00613047034939805,0.0169388734777623));
#1593=CARTESIAN_POINT('',(0.00721554373160072,0.00717961537832809,0.0253625260060432));
#1594=CARTESIAN_POINT('',(0.00680784541141184,0.00757801488002796,0.0304685347358335));
#1595=CARTESIAN_POINT('',(0.00645344163706145,0.00819884586645819,0.0355383598640033));
#1596=CARTESIAN_POINT('',(0.00607847360980621,0.00835317858502021,0.0406334176693161));
#1597=CARTESIAN_POINT('',(0.00551907491610473,0.00805402412667786,0.0457195645463605));
#1598=CARTESIAN_POINT('',(0.00467404817198473,0.00790159015694216,0.0508047875683789));
#1599=CARTESIAN_POINT('',(0.00355715894613081,0.00743420525592292,0.0558794861511231));
#1600=CARTESIAN_POINT('',(0.00231975273532509,0.00703572323447554,0.0609710102012902));
#1601=CARTESIAN_POINT('',(0.000739662173658337,0.00668335809950249,0.0660530145044918));
#1602=CARTESIAN_POINT('',(-0.00106902547051683,0.00633240991648055,0.0711349457013772));
#1603=CARTESIAN_POINT('',(-0.00321517773313245,0.00578018404013262,0.0762201677227366));
#1604=CARTESIAN_POINT('',(-0.00555602924656512,0.00538570652837165,0.0813055581060263));
#1605=CARTESIAN_POINT('',(-0.00816993592843666,0.00500910851027813,0.0863809737304307));
#1606=CARTESIAN_POINT('',(-0.0109730036222517,0.00443114094195558,0.0916151117300128));
#1607=CARTESIAN_POINT('',(-0.0152006213222342,0.00409619784360695,0.0964744502810934));
#1608=CARTESIAN_POINT('',(-0.017828344272056,0.00376357097062066,0.0998962163910126));
#1609=CARTESIAN_POINT('',(-0.0191367537737715,0.00359794766502419,0.1016));
#1610=CARTESIAN_POINT('',(0.0110416080628732,0.00314471762243764,0.00456970655162303));
#1611=CARTESIAN_POINT('',(0.00960959706205457,0.00448443644716444,0.00988078335328423));
#1612=CARTESIAN_POINT('',(0.00775255091091636,0.00623677910175351,0.0169388734777623));
#1613=CARTESIAN_POINT('',(0.00719405908716078,0.00731702234981654,0.0253625260060432));
#1614=CARTESIAN_POINT('',(0.00680195624786016,0.00773349149855268,0.0304685347358334));
#1615=CARTESIAN_POINT('',(0.00641244726481306,0.00835446205053548,0.0355383598640033));
#1616=CARTESIAN_POINT('',(0.00604461860284741,0.00851943608414814,0.0406334176693161));
#1617=CARTESIAN_POINT('',(0.00550624563448171,0.00822986567701108,0.0457195645463605));
#1618=CARTESIAN_POINT('',(0.00463446100568494,0.00807411723494421,0.050804787568379));
#1619=CARTESIAN_POINT('',(0.00352611228243735,0.00760889823313336,0.0558794861511232));
#1620=CARTESIAN_POINT('',(0.00228646612011355,0.00720906811977166,0.0609710102012903));
#1621=CARTESIAN_POINT('',(0.000711931587320205,0.00685364521727787,0.0660530145044918));
#1622=CARTESIAN_POINT('',(-0.00111412556370498,0.0064955370139971,0.0711349457013771));
#1623=CARTESIAN_POINT('',(-0.00317390491231953,0.00594199554754226,0.0762201677227365));
#1624=CARTESIAN_POINT('',(-0.00552291576597302,0.00553373822677209,0.0813055581060264));
#1625=CARTESIAN_POINT('',(-0.00816532536494338,0.005141369594249,0.0863809737304306));
#1626=CARTESIAN_POINT('',(-0.0109336392478206,0.00454833807449791,0.0916151117300127));
#1627=CARTESIAN_POINT('',(-0.0152647966281457,0.00417182370111925,0.0964744502810935));
#1628=CARTESIAN_POINT('',(-0.0178594707178955,0.00382287708748568,0.0998962163910127));
#1629=CARTESIAN_POINT('',(-0.0191514243590181,0.00364912777159964,0.1016));
#1630=CARTESIAN_POINT('',(0.0110415657060964,0.00317657437667948,0.00456970655162304));
#1631=CARTESIAN_POINT('',(0.00960445621774767,0.00452063205710108,0.00988078335328426));
#1632=CARTESIAN_POINT('',(0.00774069382200377,0.00627883389235587,0.0169388734777624));
#1633=CARTESIAN_POINT('',(0.00717632416856729,0.00736942515851207,0.0253625260060431));
#1634=CARTESIAN_POINT('',(0.00678649581289206,0.00779239407393093,0.0304685347358335));
#1635=CARTESIAN_POINT('',(0.00637897766137535,0.00841105273436933,0.0355383598640033));
#1636=CARTESIAN_POINT('',(0.00601077068394797,0.00858030534571747,0.0406334176693161));
#1637=CARTESIAN_POINT('',(0.00547619806811876,0.00829475812806808,0.0457195645463605));
#1638=CARTESIAN_POINT('',(0.00459456653509151,0.00813803472841353,0.0508047875683789));
#1639=CARTESIAN_POINT('',(0.00348845359772092,0.00767436406386214,0.0558794861511231));
#1640=CARTESIAN_POINT('',(0.00224821866022766,0.00727461680048473,0.0609710102012903));
#1641=CARTESIAN_POINT('',(0.000676670615164636,0.00691863020978229,0.0660530145044918));
#1642=CARTESIAN_POINT('',(-0.00115304142035973,0.00655795051361435,0.0711349457013771));
#1643=CARTESIAN_POINT('',(-0.00318244163172445,0.00600572068322518,0.0762201677227365));
#1644=CARTESIAN_POINT('',(-0.00552871611218502,0.00559275753113304,0.0813055581060264));
#1645=CARTESIAN_POINT('',(-0.00817909253969554,0.00519341290393449,0.0863809737304306));
#1646=CARTESIAN_POINT('',(-0.0109302332535888,0.00459564331591115,0.0916151117300128));
#1647=CARTESIAN_POINT('',(-0.0152916963745337,0.00420086564171116,0.0964744502810935));
#1648=CARTESIAN_POINT('',(-0.0178731814584232,0.00384613842098341,0.0998962163910126));
#1649=CARTESIAN_POINT('',(-0.0191585679610326,0.00366951079509584,0.1016));
#1650=CARTESIAN_POINT('',(0.0110397252897355,0.00324880850595463,0.00456970655162303));
#1651=CARTESIAN_POINT('',(0.00958991663629967,0.00460182082729082,0.00988078335328424));
#1652=CARTESIAN_POINT('',(0.00770927580499471,0.00637208316644945,0.0169388734777623));
#1653=CARTESIAN_POINT('',(0.00712468878124578,0.00748284625316692,0.0253625260060432));
#1654=CARTESIAN_POINT('',(0.0067341316776555,0.00791874628300711,0.0304685347358334));
#1655=CARTESIAN_POINT('',(0.00628703676687673,0.00853205456522737,0.0355383598640033));
#1656=CARTESIAN_POINT('',(0.00591408222025948,0.00870994611586069,0.040633417669316));
#1657=CARTESIAN_POINT('',(0.00538429058027911,0.00843377286577393,0.0457195645463605));
#1658=CARTESIAN_POINT('',(0.00448148838020252,0.00827453185443585,0.0508047875683789));
#1659=CARTESIAN_POINT('',(0.00337940004645961,0.00781496083164367,0.0558794861511231));
#1660=CARTESIAN_POINT('',(0.00213818163708743,0.00741586727392622,0.0609710102012902));
#1661=CARTESIAN_POINT('',(0.000573844479463126,0.00705932847832506,0.0660530145044917));
#1662=CARTESIAN_POINT('',(-0.00126081756576055,0.00669315488348353,0.0711349457013772));
#1663=CARTESIAN_POINT('',(-0.00322750981276754,0.00614666540333493,0.0762201677227365));
#1664=CARTESIAN_POINT('',(-0.00556479694224721,0.00572351714817499,0.0813055581060264));
#1665=CARTESIAN_POINT('',(-0.00822530900682405,0.00530892783235448,0.0863809737304307));
#1666=CARTESIAN_POINT('',(-0.0109373694073642,0.00470184789742356,0.0916151117300128));
#1667=CARTESIAN_POINT('',(-0.0153529854436593,0.00426452177046683,0.0964744502810935));
#1668=CARTESIAN_POINT('',(-0.0179053079278501,0.0038978434823166,0.0998962163910127));
#1669=CARTESIAN_POINT('',(-0.0191761736368791,0.0037152651186725,0.1016));
#1670=CARTESIAN_POINT('',(0.0101353275877399,0.00421223711357865,0.00778588676245653));
#1671=CARTESIAN_POINT('',(0.0102154937212001,0.00399027876686261,0.00767933943075783));
#1672=CARTESIAN_POINT('',(0.0102174926256849,0.0037198724887009,0.00767701571357248));
#1673=CARTESIAN_POINT('',(0.0101004220110371,0.00353484466521682,0.00783140425454951));
#1674=CARTESIAN_POINT('',(0.0099601499033153,0.00341598102943074,0.00800283238869538));
#1675=CARTESIAN_POINT('',(0.00975631257272088,0.00328894689459698,0.00823516315818436));
#1676=CARTESIAN_POINT('',(0.00947566797134739,0.00316299857966864,0.0085219237351444));
#1677=CARTESIAN_POINT('',(0.00899285918146923,0.00299160260327375,0.00894650922995106));
#1678=CARTESIAN_POINT('',(0.00833317367094765,0.00280737826294148,0.00940898804078647));
#1679=CARTESIAN_POINT('',(0.0074468877955314,0.00260467682684533,0.009848306627241));
#1680=CARTESIAN_POINT('',(0.00652361731317409,0.00240127852668217,0.0101439227614183));
#1681=CARTESIAN_POINT('',(0.00522669730442178,0.00212644701888418,0.0103537970775731));
#1682=CARTESIAN_POINT('',(0.00359038296784906,0.00179963811590842,0.0102466535715366));
#1683=CARTESIAN_POINT('',(0.0017228857504419,0.00154655346049145,0.00953124689421845));
#1684=CARTESIAN_POINT('',(0.000408573101107524,0.00149237339412598,0.00848580758887833));
#1685=CARTESIAN_POINT('',(-0.000418184867580765,0.00166909702043653,0.00743545014988386));
#1686=CARTESIAN_POINT('',(-0.000815438465915798,0.00186060794628315,0.00673431153167763));
#1687=CARTESIAN_POINT('',(-0.00107002816874753,0.00204421251176342,0.00614185849434081));
#1688=CARTESIAN_POINT('',(-0.00122512328069053,0.00220578332063516,0.00568848738059734));
#1689=CARTESIAN_POINT('',(-0.00131419049385659,0.00243428397580549,0.00535220471361784));
#1690=CARTESIAN_POINT('',(-0.00136160334781943,0.00272328113171171,0.00513463314290306));
#1691=CARTESIAN_POINT('',(-0.00134541901706195,0.00298994296350949,0.00521153536100517));
#1692=CARTESIAN_POINT('',(-0.00129972858019343,0.00315246663633984,0.0054058162730419));
#1693=CARTESIAN_POINT('',(-0.0012273806104924,0.00334616080637266,0.00567175364316324));
#1694=CARTESIAN_POINT('',(-0.00111360532825298,0.00354563243964363,0.00602315858464193));
#1695=CARTESIAN_POINT('',(-0.000943245457233088,0.00376758023877891,0.00644525493002398));
#1696=CARTESIAN_POINT('',(-0.000675527445312246,0.00404300781891106,0.00699400620912762));
#1697=CARTESIAN_POINT('',(-0.000266063264434669,0.00435647853067287,0.00764879659588334));
#1698=CARTESIAN_POINT('',(0.000346126565913188,0.00472394356897622,0.00836979091721414));
#1699=CARTESIAN_POINT('',(0.00104216556833037,0.00508023281337592,0.008984459706232));
#1700=CARTESIAN_POINT('',(0.00210312395763416,0.00553368254375788,0.00967895908963532));
#1701=CARTESIAN_POINT('',(0.00360527824200373,0.00600273235138014,0.0102497843086703));
#1702=CARTESIAN_POINT('',(0.00529403478074574,0.00623705968993764,0.0103551198677359));
#1703=CARTESIAN_POINT('',(0.00662310673389595,0.00616500362152067,0.0101206259022333));
#1704=CARTESIAN_POINT('',(0.00756160338389973,0.00598157577587178,0.00980050704292692));
#1705=CARTESIAN_POINT('',(0.00841539397760754,0.00567351124850086,0.00935730407066562));
#1706=CARTESIAN_POINT('',(0.00904189422997219,0.00532967323939488,0.00890564766747899));
#1707=CARTESIAN_POINT('',(0.00947902479625509,0.00500117468215466,0.00851697069764863));
#1708=CARTESIAN_POINT('',(0.00977499455151828,0.00472834634084644,0.00821661509658077));
#1709=CARTESIAN_POINT('',(0.00999151367717045,0.00446072717621459,0.0079665652311581));
#1710=CARTESIAN_POINT('',(0.0101353275877399,0.00421223711357865,0.00778588676245653));
#1711=CARTESIAN_POINT('',(0.0102154937212001,0.00399027876686261,0.00767933943075783));
#1712=CARTESIAN_POINT('',(0.0102174926256849,0.0037198724887009,0.00767701571357248));
#1713=CARTESIAN_POINT('',(0.0102024658497042,0.00398220411162166,0.00769671003317672));
#1714=CARTESIAN_POINT('',(0.005,-0.0004,0.0038));
#1715=CARTESIAN_POINT('',(-0.00021729632922373,0.00371793822194149,-7.72975433068883E-5));
#1716=CARTESIAN_POINT('',(-0.000215372668995713,0.0039912604784429,-7.94924921071101E-5));
#1717=CARTESIAN_POINT('',(-0.000136008093018323,0.00421024453401671,-0.000184992687326298));
#1718=CARTESIAN_POINT('',(6.04424154416827E-6,0.00445721059018242,-0.000363536058539182));
#1719=CARTESIAN_POINT('',(0.000218554334661237,0.00472119843427896,-0.000609531178782491));
#1720=CARTESIAN_POINT('',(0.000513297831600761,0.00499475956333709,-0.000909550409517346));
#1721=CARTESIAN_POINT('',(0.000943579941003803,0.00532002670066326,-0.00129381330419434));
#1722=CARTESIAN_POINT('',(0.00156556606373016,0.00566419196991841,-0.00174469417201822));
#1723=CARTESIAN_POINT('',(0.00239950961068123,0.00597044684400793,-0.00218336458634494));
#1724=CARTESIAN_POINT('',(0.00333768288902399,0.00615965705933083,-0.00250997271433863));
#1725=CARTESIAN_POINT('',(0.00463679173526377,0.00623879242509437,-0.00274915354219242));
#1726=CARTESIAN_POINT('',(0.00632172291555609,0.00602028224731318,-0.00266655154355879));
#1727=CARTESIAN_POINT('',(0.00783829927711063,0.00555431612967599,-0.00210669455799477));
#1728=CARTESIAN_POINT('',(0.00889668402443383,0.00510874639293894,-0.00143032968401039));
#1729=CARTESIAN_POINT('',(0.0096013548808465,0.00475270315954148,-0.000822541293909045));
#1730=CARTESIAN_POINT('',(0.0102153104181362,0.00438960359468663,-0.000116290927166873));
#1731=CARTESIAN_POINT('',(0.0106296955113687,0.00408145658035458,0.000526146227480291));
#1732=CARTESIAN_POINT('',(0.0109043321353055,0.00381130772218293,0.00106903306802522));
#1733=CARTESIAN_POINT('',(0.0110800781512048,0.00359375957321347,0.0014870164998626));
#1734=CARTESIAN_POINT('',(0.0111989470251186,0.00340139498012017,0.00183553391454951));
#1735=CARTESIAN_POINT('',(0.0112766380001338,0.00321891627176291,0.00210660475568119));
#1736=CARTESIAN_POINT('',(0.0113253738627857,0.00307057306888419,0.00229898450820652));
#1737=CARTESIAN_POINT('',(0.0113620763403577,0.00285716763008284,0.00246748041380537));
#1738=CARTESIAN_POINT('',(0.0113444148633023,0.00259155621453378,0.00238422151216538));
#1739=CARTESIAN_POINT('',(0.011302129525395,0.00241358868694018,0.00220398159777442));
#1740=CARTESIAN_POINT('',(0.0112285519508755,0.00222170942930017,0.00193117532070315));
#1741=CARTESIAN_POINT('',(0.0111065895366423,0.00207510008998646,0.00155522878029174));
#1742=CARTESIAN_POINT('',(0.0108597125452211,0.00188657314538269,0.000954589383203015));
#1743=CARTESIAN_POINT('',(0.0104716551787748,0.0016893538389045,0.000245615181855871));
#1744=CARTESIAN_POINT('',(0.00966049706863712,0.001493963059013,-0.000817802226465534));
#1745=CARTESIAN_POINT('',(0.00834605501960464,0.00154002350006438,-0.00189401368612411));
#1746=CARTESIAN_POINT('',(0.00646596262590656,0.00178917339948412,-0.00263694721306733));
#1747=CARTESIAN_POINT('',(0.00480811958944777,0.00211932484525622,-0.00275493053511684));
#1748=CARTESIAN_POINT('',(0.00351292471594177,0.00239331486001355,-0.00255288823954626));
#1749=CARTESIAN_POINT('',(0.00257390219265078,0.00260012323297532,-0.00225726123130093));
#1750=CARTESIAN_POINT('',(0.00168552408552601,0.002802700295021,-0.00181996781127067));
#1751=CARTESIAN_POINT('',(0.00102055937114108,0.00298730634839244,-0.0013574680107251));
#1752=CARTESIAN_POINT('',(0.000529290533106457,0.00316097285526386,-0.000926753226794232));
#1753=CARTESIAN_POINT('',(0.000247780342846102,0.00328672866174591,-0.000639669935153265));
#1754=CARTESIAN_POINT('',(4.05367735285725E-5,0.00341534744459654,-0.000403679071215693));
#1755=CARTESIAN_POINT('',(-9.93946126975935E-5,0.00353403318616905,-0.000232698598995748));
#1756=CARTESIAN_POINT('',(-0.00021729632922373,0.00371793822194149,-7.72975433068883E-5));
#1757=CARTESIAN_POINT('',(-0.000215372668995713,0.0039912604784429,-7.94924921071101E-5));
#1758=CARTESIAN_POINT('',(-0.000136008093018323,0.00421024453401671,-0.000184992687326298));
#1759=CARTESIAN_POINT('',(-0.000202465849704151,0.00398220411162163,-9.67100331769374E-5));
#1760=CARTESIAN_POINT('',(0.005,-0.0004,0.0038));
#1761=CARTESIAN_POINT('',(0.005,-0.0004,0.0103));
#1762=CARTESIAN_POINT('',(0.005,0.0066,0.0038));
#1763=CARTESIAN_POINT('',(0.005,0.0066,0.0103));
#1764=CARTESIAN_POINT('',(0.005,-0.0004,0.0038));
#1765=CARTESIAN_POINT('',(0.005,0.0066,0.0038));
#1766=CARTESIAN_POINT('',(0.005,0.0066,0.0038));
#1767=CARTESIAN_POINT('',(0.005,0.0066,0.008875));
#1768=CARTESIAN_POINT('',(0.0291649397844589,0.00368601429932996,-0.094));
#1769=CARTESIAN_POINT('',(0.0346208248820656,0.00333419439702279,-0.0939999999999996));
#1770=CARTESIAN_POINT('',(0.0347212039094282,0.00326229014838085,-0.0939999999999996));
#1771=CARTESIAN_POINT('',(0.034746966457414,0.00311362253430602,-0.0939999999999996));
#1772=CARTESIAN_POINT('',(0.0347229589042228,0.00301031481250082,-0.0939999999999996));
#1773=CARTESIAN_POINT('',(0.034662128246702,0.00296809145102979,-0.0939999999999996));
#1774=CARTESIAN_POINT('',(0.0345592480638222,0.00298231938024573,-0.0939999999999996));
#1775=CARTESIAN_POINT('',(0.0345267995411417,0.00299071702403213,-0.0939999999999996));
#1776=CARTESIAN_POINT('',(0.0344149892589816,0.00302078530230223,-0.0939999999999996));
#1777=CARTESIAN_POINT('',(0.034306335786286,0.0030472480255704,-0.0939999999999996));
#1778=CARTESIAN_POINT('',(0.0341584279716066,0.00305955335902085,-0.0939999999999997));
#1779=CARTESIAN_POINT('',(0.0340653970589847,0.00305915910094322,-0.0939999999999996));
#1780=CARTESIAN_POINT('',(0.0339590138585254,0.00305569939492748,-0.0939999999999997));
#1781=CARTESIAN_POINT('',(0.0338410100213173,0.00305033771790667,-0.0939999999999997));
#1782=CARTESIAN_POINT('',(0.0337412344968548,0.00304833150866109,-0.0939999999999997));
#1783=CARTESIAN_POINT('',(0.0336450274736074,0.00304992065883995,-0.0939999999999997));
#1784=CARTESIAN_POINT('',(0.033388351433254,0.00305982186975923,-0.0939999999999997));
#1785=CARTESIAN_POINT('',(0.0331972153080307,0.00306822980499251,-0.0939999999999997));
#1786=CARTESIAN_POINT('',(0.0329847504656565,0.00307187872919562,-0.0939999999999997));
#1787=CARTESIAN_POINT('',(0.0328857816165508,0.00307199571244362,-0.0939999999999998));
#1788=CARTESIAN_POINT('',(0.0326049916073776,0.00307133839025345,-0.0939999999999998));
#1789=CARTESIAN_POINT('',(0.032474204068371,0.0030707435444335,-0.0939999999999998));
#1790=CARTESIAN_POINT('',(0.0322442024934258,0.00307017284415907,-0.0939999999999998));
#1791=CARTESIAN_POINT('',(0.0318563211836362,0.00306989508036339,-0.0939999999999998));
#1792=CARTESIAN_POINT('',(0.0314850578158671,0.0030687801905843,-0.0939999999999998));
#1793=CARTESIAN_POINT('',(0.0309659575297152,0.00306195067050986,-0.0939999999999999));
#1794=CARTESIAN_POINT('',(0.0304889555815194,0.00304976381934392,-0.094));
#1795=CARTESIAN_POINT('',(0.030136459648701,0.00304537719028406,-0.0939999999999999));
#1796=CARTESIAN_POINT('',(0.0299241966510557,0.00305482117574152,-0.094));
#1797=CARTESIAN_POINT('',(0.0296972097744986,0.00307775784822917,-0.094));
#1798=CARTESIAN_POINT('',(0.0295411295289682,0.00310310740368348,-0.094));
#1799=CARTESIAN_POINT('',(0.0293130064548039,0.00318206696854919,-0.094));
#1800=CARTESIAN_POINT('',(0.0291857293417009,0.00328336205837005,-0.094));
#1801=CARTESIAN_POINT('',(0.0291096928211904,0.00348077170358407,-0.094));
#1802=CARTESIAN_POINT('',(0.0291657966402802,0.00374110873611987,-0.094));
#1803=CARTESIAN_POINT('',(0.0293570644403157,0.00400452525328342,-0.094));
#1804=CARTESIAN_POINT('',(0.0297600071970228,0.00432068646289283,-0.0939999999999999));
#1805=CARTESIAN_POINT('',(0.0303486689167115,0.00456949207732184,-0.0939999999999998));
#1806=CARTESIAN_POINT('',(0.0310103200101835,0.00463288918569046,-0.0939999999999998));
#1807=CARTESIAN_POINT('',(0.031481537022705,0.00459217150171239,-0.0939999999999998));
#1808=CARTESIAN_POINT('',(0.031894093979259,0.00451555201523574,-0.0939999999999997));
#1809=CARTESIAN_POINT('',(0.0322560066443229,0.00442039461574793,-0.0939999999999997));
#1810=CARTESIAN_POINT('',(0.0326516951635972,0.00429194189285284,-0.0939999999999997));
#1811=CARTESIAN_POINT('',(0.0329237686528596,0.00418535885903734,-0.0939999999999997));
#1812=CARTESIAN_POINT('',(0.0332680118709157,0.00403881474110323,-0.0939999999999996));
#1813=CARTESIAN_POINT('',(0.0335637529788187,0.00390360215632888,-0.0939999999999996));
#1814=CARTESIAN_POINT('',(0.0337088085044474,0.00383302191225163,-0.0939999999999996));
#1815=CARTESIAN_POINT('',(0.0338787339992568,0.00373575242347133,-0.0939999999999996));
#1816=CARTESIAN_POINT('',(0.0339440195115996,0.00369344752710227,-0.0939999999999996));
#1817=CARTESIAN_POINT('',(0.0340786669550962,0.00360367591121683,-0.0939999999999996));
#1818=CARTESIAN_POINT('',(0.0342427096823962,0.0034990020461108,-0.0939999999999996));
#1819=CARTESIAN_POINT('',(0.0343523449975489,0.003438468598648,-0.0939999999999996));
#1820=CARTESIAN_POINT('',(0.0344751394329675,0.00338806925172204,-0.0939999999999996));
#1821=CARTESIAN_POINT('',(0.0346208248820656,0.00333419439702279,-0.0939999999999996));
#1822=CARTESIAN_POINT('',(0.0347212039094282,0.00326229014838085,-0.0939999999999996));
#1823=CARTESIAN_POINT('',(0.034746966457414,0.00311362253430602,-0.0939999999999996));
#1824=CARTESIAN_POINT('',(0.0347226998218423,0.00321551186936665,-0.094));
#1825=CARTESIAN_POINT('',(-0.00104162391515479,0.00317651993662208,0.00303050856955003));
#1826=CARTESIAN_POINT('',(0.000395505967148455,0.00452059638383112,-0.0022806401475602));
#1827=CARTESIAN_POINT('',(0.00225930158238155,0.00627882501176279,-0.00933880488466733));
#1828=CARTESIAN_POINT('',(0.00282367583143271,0.00736942515851207,-0.0177625260060431));
#1829=CARTESIAN_POINT('',(0.00321350418710794,0.00779239407393093,-0.0228685347358335));
#1830=CARTESIAN_POINT('',(0.00362102233862465,0.00841105273436933,-0.0279383598640033));
#1831=CARTESIAN_POINT('',(0.00398922931605203,0.00858030534571747,-0.0330334176693161));
#1832=CARTESIAN_POINT('',(0.00452380193188124,0.00829475812806808,-0.0381195645463605));
#1833=CARTESIAN_POINT('',(0.00540543346490849,0.00813803472841353,-0.0432047875683789));
#1834=CARTESIAN_POINT('',(0.00651154640227908,0.00767436406386214,-0.0482794861511231));
#1835=CARTESIAN_POINT('',(0.00775178133977234,0.00727461680048473,-0.0533710102012903));
#1836=CARTESIAN_POINT('',(0.00932332938483536,0.00691863020978229,-0.0584530145044918));
#1837=CARTESIAN_POINT('',(0.0111530414203597,0.00655795051361435,-0.0635349457013771));
#1838=CARTESIAN_POINT('',(0.0131824416317245,0.00600572068322518,-0.0686201677227365));
#1839=CARTESIAN_POINT('',(0.015528716112185,0.00559275753113304,-0.0737055581060264));
#1840=CARTESIAN_POINT('',(0.0181790925396955,0.00519341290393449,-0.0787809737304306));
#1841=CARTESIAN_POINT('',(0.0209302332535888,0.00459564331591115,-0.0840151117300128));
#1842=CARTESIAN_POINT('',(0.0252916963745337,0.00420086564171116,-0.0888744502810935));
#1843=CARTESIAN_POINT('',(0.0278731814584232,0.00384613842098341,-0.0922962163910127));
#1844=CARTESIAN_POINT('',(0.0291585679610326,0.00366951079509584,-0.094));
#1845=CARTESIAN_POINT('',(-0.001039784013164,0.00324875370319631,0.00303050856955004));
#1846=CARTESIAN_POINT('',(0.000410045206139993,0.0046017849093187,-0.00228064014756019));
#1847=CARTESIAN_POINT('',(0.00229071943476226,0.00637207412159894,-0.00933880488466731));
#1848=CARTESIAN_POINT('',(0.00287531121875422,0.00748284625316692,-0.0177625260060432));
#1849=CARTESIAN_POINT('',(0.00326586832234451,0.00791874628300711,-0.0228685347358334));
#1850=CARTESIAN_POINT('',(0.00371296323312327,0.00853205456522737,-0.0279383598640033));
#1851=CARTESIAN_POINT('',(0.00408591777974052,0.00870994611586069,-0.033033417669316));
#1852=CARTESIAN_POINT('',(0.00461570941972089,0.00843377286577393,-0.0381195645463605));
#1853=CARTESIAN_POINT('',(0.00551851161979748,0.00827453185443585,-0.0432047875683789));
#1854=CARTESIAN_POINT('',(0.0066205999535404,0.00781496083164367,-0.0482794861511231));
#1855=CARTESIAN_POINT('',(0.00786181836291257,0.00741586727392622,-0.0533710102012902));
#1856=CARTESIAN_POINT('',(0.00942615552053687,0.00705932847832506,-0.0584530145044917));
#1857=CARTESIAN_POINT('',(0.0112608175657605,0.00669315488348353,-0.0635349457013772));
#1858=CARTESIAN_POINT('',(0.0132275098127675,0.00614666540333493,-0.0686201677227365));
#1859=CARTESIAN_POINT('',(0.0155647969422472,0.00572351714817499,-0.0737055581060264));
#1860=CARTESIAN_POINT('',(0.018225309006824,0.00530892783235448,-0.0787809737304307));
#1861=CARTESIAN_POINT('',(0.0209373694073642,0.00470184789742356,-0.0840151117300128));
#1862=CARTESIAN_POINT('',(0.0253529854436593,0.00426452177046683,-0.0888744502810935));
#1863=CARTESIAN_POINT('',(0.0279053079278501,0.0038978434823166,-0.0922962163910127));
#1864=CARTESIAN_POINT('',(0.0291761736368791,0.0037152651186725,-0.094));
#1865=CARTESIAN_POINT('',(-0.00103313841094872,0.00331813178186503,0.00303050856955004));
#1866=CARTESIAN_POINT('',(0.000432170756024826,0.0046779935788404,-0.00228064014756019));
#1867=CARTESIAN_POINT('',(0.00233377529302363,0.00645736321737178,-0.00933880488466731));
#1868=CARTESIAN_POINT('',(0.00295626811137507,0.00757908156561497,-0.0177625260060432));
#1869=CARTESIAN_POINT('',(0.00336220634930672,0.00802327789686768,-0.0228685347358335));
#1870=CARTESIAN_POINT('',(0.00384820580625726,0.00862851183854652,-0.0279383598640033));
#1871=CARTESIAN_POINT('',(0.00423543750362743,0.0088126043510053,-0.033033417669316));
#1872=CARTESIAN_POINT('',(0.00477218796769318,0.00854585669838469,-0.0381195645463605));
#1873=CARTESIAN_POINT('',(0.00569120341942792,0.00838374170140471,-0.0432047875683789));
#1874=CARTESIAN_POINT('',(0.00679260254015305,0.00792971711717564,-0.0482794861511232));
#1875=CARTESIAN_POINT('',(0.00803366817668194,0.00753257895960474,-0.0533710102012902));
#1876=CARTESIAN_POINT('',(0.00958986908369225,0.00717748139912185,-0.0584530145044918));
#1877=CARTESIAN_POINT('',(0.0114198473696977,0.0068069910990167,-0.0635349457013773));
#1878=CARTESIAN_POINT('',(0.0133437104509105,0.00627354994689753,-0.0686201677227366));
#1879=CARTESIAN_POINT('',(0.0156609656858417,0.00584268436119906,-0.0737055581060264));
#1880=CARTESIAN_POINT('',(0.0183134482914925,0.00541383985362413,-0.0787809737304308));
#1881=CARTESIAN_POINT('',(0.0209851437287913,0.00480244777263339,-0.0840151117300127));
#1882=CARTESIAN_POINT('',(0.0254126800030738,0.00431967325431816,-0.0888744502810935));
#1883=CARTESIAN_POINT('',(0.0279391917725512,0.00394499476832298,-0.0922962163910127));
#1884=CARTESIAN_POINT('',(0.0291972056760353,0.00375843290448656,-0.094));
#1885=CARTESIAN_POINT('',(-0.00101448005111136,0.00341840506337751,0.00303050856955004));
#1886=CARTESIAN_POINT('',(0.000478293012426467,0.00478477775417146,-0.00228064014756019));
#1887=CARTESIAN_POINT('',(0.00241698339001896,0.00657254934774979,-0.0093388048846673));
#1888=CARTESIAN_POINT('',(0.00310493629027062,0.00769526279347731,-0.0177625260060431));
#1889=CARTESIAN_POINT('',(0.00354152711566309,0.00814365761888734,-0.0228685347358335));
#1890=CARTESIAN_POINT('',(0.00406257233867898,0.0087304204387713,-0.0279383598640033));
#1891=CARTESIAN_POINT('',(0.00446435472200809,0.00891644226792255,-0.0330334176693161));
#1892=CARTESIAN_POINT('',(0.0050125435127174,0.00865868972038954,-0.0381195645463604));
#1893=CARTESIAN_POINT('',(0.00593142544868674,0.00848659648132279,-0.043204787568379));
#1894=CARTESIAN_POINT('',(0.00703108940324844,0.00803845302667912,-0.048279486151123));
#1895=CARTESIAN_POINT('',(0.00826743604481513,0.00764253377509924,-0.0533710102012904));
#1896=CARTESIAN_POINT('',(0.009815807255127,0.0072915025399786,-0.0584530145044917));
#1897=CARTESIAN_POINT('',(0.0116326523408112,0.00691596235650516,-0.0635349457013771));
#1898=CARTESIAN_POINT('',(0.013547130581545,0.00641775107130465,-0.0686201677227365));
#1899=CARTESIAN_POINT('',(0.0158345460569122,0.0059827058951909,-0.0737055581060264));
#1900=CARTESIAN_POINT('',(0.0184645389652363,0.00553851702049123,-0.0787809737304305));
#1901=CARTESIAN_POINT('',(0.0210920314382149,0.00493327313590371,-0.0840151117300128));
#1902=CARTESIAN_POINT('',(0.0254949441104509,0.00438776825685912,-0.0888744502810934));
#1903=CARTESIAN_POINT('',(0.0279901387817321,0.00400772827863998,-0.0922962163910126));
#1904=CARTESIAN_POINT('',(0.0292325591125191,0.00381849679266183,-0.094));
#1905=CARTESIAN_POINT('',(-0.000996785584689257,0.003489160953906,0.00303050856955004));
#1906=CARTESIAN_POINT('',(0.000517692554388892,0.00485841841483554,-0.00228064014756017));
#1907=CARTESIAN_POINT('',(0.00248559365862415,0.00664972528218634,-0.00933880488466725));
#1908=CARTESIAN_POINT('',(0.00322160526657418,0.00776590254542307,-0.0177625260060432));
#1909=CARTESIAN_POINT('',(0.00368040497534591,0.00821321835653955,-0.0228685347358333));
#1910=CARTESIAN_POINT('',(0.00420938040172691,0.00878260645157551,-0.0279383598640033));
#1911=CARTESIAN_POINT('',(0.00462043381336701,0.00896758595182859,-0.0330334176693161));
#1912=CARTESIAN_POINT('',(0.00517399518455641,0.00871296285834268,-0.0381195645463604));
#1913=CARTESIAN_POINT('',(0.0060956308575881,0.00853622048508264,-0.043204787568379));
#1914=CARTESIAN_POINT('',(0.00719527607738164,0.00809210526584788,-0.0482794861511231));
#1915=CARTESIAN_POINT('',(0.00842995778625933,0.00769808896492625,-0.0533710102012903));
#1916=CARTESIAN_POINT('',(0.00997360851284428,0.00735033716539151,-0.0584530145044917));
#1917=CARTESIAN_POINT('',(0.0117825360102385,0.0069739023793684,-0.0635349457013771));
#1918=CARTESIAN_POINT('',(0.0136856289014407,0.00649290879281944,-0.0686201677227366));
#1919=CARTESIAN_POINT('',(0.0159604894461532,0.00606145176343486,-0.0737055581060265));
#1920=CARTESIAN_POINT('',(0.0185722748895329,0.00560965898461758,-0.0787809737304306));
#1921=CARTESIAN_POINT('',(0.0211778379363552,0.00501488493869386,-0.0840151117300128));
#1922=CARTESIAN_POINT('',(0.0255554731585938,0.00443314063450424,-0.0888744502810934));
#1923=CARTESIAN_POINT('',(0.0280282632966714,0.00405022364321726,-0.0922962163910126));
#1924=CARTESIAN_POINT('',(0.0292595278455571,0.00385955961990303,-0.094));
#1925=CARTESIAN_POINT('',(-0.000958530423625628,0.00360720478376082,0.00303050856955003));
#1926=CARTESIAN_POINT('',(0.00059627109578541,0.00497797681816419,-0.00228064014756026));
#1927=CARTESIAN_POINT('',(0.00261785581059216,0.0067705756005154,-0.00933880488466743));
#1928=CARTESIAN_POINT('',(0.00342141593130377,0.00786231207449923,-0.0177625260060431));
#1929=CARTESIAN_POINT('',(0.00390522814362108,0.00829937067862448,-0.0228685347358336));
#1930=CARTESIAN_POINT('',(0.00445756481900907,0.00884514673584462,-0.0279383598640033));
#1931=CARTESIAN_POINT('',(0.00488743619170803,0.00902997085187523,-0.0330334176693161));
#1932=CARTESIAN_POINT('',(0.00545143292913553,0.00878024714267631,-0.0381195645463605));
#1933=CARTESIAN_POINT('',(0.00638375838589303,0.0086034210466328,-0.0432047875683789));
#1934=CARTESIAN_POINT('',(0.00748374519136621,0.00816675538207629,-0.0482794861511231));
#1935=CARTESIAN_POINT('',(0.00871676320477584,0.00777803935271225,-0.0533710102012902));
#1936=CARTESIAN_POINT('',(0.0102517713327072,0.00743537808253732,-0.0584530145044918));
#1937=CARTESIAN_POINT('',(0.0120491610171093,0.00706144367866864,-0.0635349457013769));
#1938=CARTESIAN_POINT('',(0.0139232940188156,0.00659258596729601,-0.0686201677227364));
#1939=CARTESIAN_POINT('',(0.0161740765867969,0.00616613394598341,-0.0737055581060265));
#1940=CARTESIAN_POINT('',(0.0187591008637535,0.00570917046323656,-0.0787809737304307));
#1941=CARTESIAN_POINT('',(0.0213226361371333,0.00512654052499238,-0.0840151117300127));
#1942=CARTESIAN_POINT('',(0.0256660342084012,0.00450823119503291,-0.0888744502810935));
#1943=CARTESIAN_POINT('',(0.0280977473382588,0.00411939555939256,-0.0922962163910127));
#1944=CARTESIAN_POINT('',(0.0293085586091988,0.00392578449384551,-0.094));
#1945=CARTESIAN_POINT('',(-0.000901198157440193,0.0037386765715948,0.00303050856955003));
#1946=CARTESIAN_POINT('',(0.000696652795943401,0.00510322679623964,-0.00228064014756021));
#1947=CARTESIAN_POINT('',(0.00277558062385906,0.00688668940797057,-0.00933880488466733));
#1948=CARTESIAN_POINT('',(0.00365238168351459,0.00793624293564249,-0.0177625260060432));
#1949=CARTESIAN_POINT('',(0.00416982330739202,0.00835991497422811,-0.0228685347358335));
#1950=CARTESIAN_POINT('',(0.00475618526857918,0.00889007856330683,-0.0279383598640033));
#1951=CARTESIAN_POINT('',(0.00520742796270251,0.00907426193157167,-0.033033417669316));
#1952=CARTESIAN_POINT('',(0.00578580488104088,0.00883163200867127,-0.0381195645463605));
#1953=CARTESIAN_POINT('',(0.00672778009172126,0.00865562307321948,-0.0432047875683789));
#1954=CARTESIAN_POINT('',(0.00782855044521874,0.00822794433082954,-0.0482794861511231));
#1955=CARTESIAN_POINT('',(0.00905924011175384,0.00784589417773782,-0.05337101020129));
#1956=CARTESIAN_POINT('',(0.0105847400526329,0.0075097147214952,-0.0584530145044918));
#1957=CARTESIAN_POINT('',(0.0123677311446578,0.00713953962165394,-0.063534945701377));
#1958=CARTESIAN_POINT('',(0.0142158625825143,0.00668573410518838,-0.0686201677227366));
#1959=CARTESIAN_POINT('',(0.0164365106806017,0.00626299917640198,-0.0737055581060264));
#1960=CARTESIAN_POINT('',(0.0189893571705029,0.00580438016582134,-0.0787809737304308));
#1961=CARTESIAN_POINT('',(0.0215035377468953,0.00522916923010321,-0.0840151117300129));
#1962=CARTESIAN_POINT('',(0.0257999720531871,0.00458611842184253,-0.0888744502810933));
#1963=CARTESIAN_POINT('',(0.028184111913035,0.00419215693835931,-0.0922962163910127));
#1964=CARTESIAN_POINT('',(0.0293712352535131,0.00399599358394848,-0.094));
#1965=CARTESIAN_POINT('',(-0.000812338083250449,0.00389047289913584,0.00303050856955003));
#1966=CARTESIAN_POINT('',(0.000834444961867805,0.00523695087925375,-0.0022806401475602));
#1967=CARTESIAN_POINT('',(0.00297867797666945,0.00699579495478907,-0.00933880488466732));
#1968=CARTESIAN_POINT('',(0.00394342769757869,0.00799427833601203,-0.0177625260060432));
#1969=CARTESIAN_POINT('',(0.00449818715876932,0.00840158276480427,-0.0228685347358335));
#1970=CARTESIAN_POINT('',(0.00511410460125076,0.00891631313663985,-0.0279383598640033));
#1971=CARTESIAN_POINT('',(0.00558910761639475,0.00910006192869752,-0.0330334176693161));
#1972=CARTESIAN_POINT('',(0.00618366195636316,0.00886560787932254,-0.0381195645463605));
#1973=CARTESIAN_POINT('',(0.00713437756082769,0.00869223350518641,-0.0432047875683789));
#1974=CARTESIAN_POINT('',(0.00823661596226765,0.008275204085526,-0.0482794861511232));
#1975=CARTESIAN_POINT('',(0.0094645822829587,0.0079016255126596,-0.0533710102012902));
#1976=CARTESIAN_POINT('',(0.0109798195215309,0.00757343447947811,-0.0584530145044917));
#1977=CARTESIAN_POINT('',(0.0127452624254381,0.00720926640609953,-0.0635349457013773));
#1978=CARTESIAN_POINT('',(0.0145695690987053,0.00677106665140507,-0.0686201677227363));
#1979=CARTESIAN_POINT('',(0.0167576838877566,0.00635458415207691,-0.0737055581060265));
#1980=CARTESIAN_POINT('',(0.0192706607358682,0.00589674593397881,-0.0787809737304307));
#1981=CARTESIAN_POINT('',(0.021735737011601,0.00533126790852441,-0.0840151117300127));
#1982=CARTESIAN_POINT('',(0.0259610705940919,0.00466905567270699,-0.0888744502810935));
#1983=CARTESIAN_POINT('',(0.0282926524288408,0.00427107476891338,-0.0922962163910126));
#1984=CARTESIAN_POINT('',(0.0294536058036323,0.00407291004380026,-0.094));
#1985=CARTESIAN_POINT('',(-0.000707632844989641,0.00403615965427548,0.00303050856955004));
#1986=CARTESIAN_POINT('',(0.000985273743086514,0.00535746374496977,-0.00228064014756018));
#1987=CARTESIAN_POINT('',(0.00319091008379818,0.00708262416697975,-0.00933880488466726));
#1988=CARTESIAN_POINT('',(0.00423284270520545,0.00803264488572412,-0.0177625260060432));
#1989=CARTESIAN_POINT('',(0.00482083440230724,0.00842496909773342,-0.0228685347358334));
#1990=CARTESIAN_POINT('',(0.00546505798173186,0.00892406992119518,-0.0279383598640033));
#1991=CARTESIAN_POINT('',(0.00596395696263297,0.00910653894018261,-0.0330334176693161));
#1992=CARTESIAN_POINT('',(0.00657479672718524,0.00887972642878285,-0.0381195645463604));
#1993=CARTESIAN_POINT('',(0.00753571254279339,0.00870898759731095,-0.0432047875683791));
#1994=CARTESIAN_POINT('',(0.0086399588475795,0.00830262143140834,-0.0482794861511231));
#1995=CARTESIAN_POINT('',(0.00986594609110197,0.00793769705712224,-0.0533710102012903));
#1996=CARTESIAN_POINT('',(0.0113713129644275,0.00761775088286634,-0.0584530145044918));
#1997=CARTESIAN_POINT('',(0.0131203354980568,0.00726016345979692,-0.0635349457013773));
#1998=CARTESIAN_POINT('',(0.0149189802630642,0.00683744441273228,-0.0686201677227366));
#1999=CARTESIAN_POINT('',(0.0170756817318403,0.00642828658767463,-0.0737055581060262));
#2000=CARTESIAN_POINT('',(0.0195501218816385,0.00597297731521732,-0.0787809737304308));
#2001=CARTESIAN_POINT('',(0.0219673253959342,0.00541881928043181,-0.0840151117300126));
#2002=CARTESIAN_POINT('',(0.0261245813082777,0.00474145780070395,-0.0888744502810937));
#2003=CARTESIAN_POINT('',(0.028403956221442,0.00434258143262743,-0.0922962163910128));
#2004=CARTESIAN_POINT('',(0.0295389144538379,0.00414397083327315,-0.094));
#2005=CARTESIAN_POINT('',(-0.000579489979484097,0.00418328644620342,0.00303050856955003));
#2006=CARTESIAN_POINT('',(0.00115468894294906,0.00547369491776197,-0.00228064014756027));
#2007=CARTESIAN_POINT('',(0.00341548331596126,0.00715765710835114,-0.00933880488466744));
#2008=CARTESIAN_POINT('',(0.00453441327640405,0.00805346266618581,-0.017762526006043));
#2009=CARTESIAN_POINT('',(0.00515693821458772,0.00842764777236427,-0.0228685347358336));
#2010=CARTESIAN_POINT('',(0.00583121145177678,0.00891067815508872,-0.0279383598640033));
#2011=CARTESIAN_POINT('',(0.00635533142003645,0.00909228022234749,-0.033033417669316));
#2012=CARTESIAN_POINT('',(0.00698383236188082,0.0088736494974696,-0.0381195645463606));
#2013=CARTESIAN_POINT('',(0.00795559381671864,0.00870695188266799,-0.0432047875683787));
#2014=CARTESIAN_POINT('',(0.00906243241609774,0.00831206626606734,-0.0482794861511233));
#2015=CARTESIAN_POINT('',(0.0102867231539802,0.0079567118404832,-0.0533710102012901));
#2016=CARTESIAN_POINT('',(0.0117821596863802,0.00764565830098777,-0.0584530145044919));
#2017=CARTESIAN_POINT('',(0.0135143256772013,0.00729565959193488,-0.0635349457013768));
#2018=CARTESIAN_POINT('',(0.0152872699850654,0.0068875933676962,-0.0686201677227368));
#2019=CARTESIAN_POINT('',(0.0174112713299962,0.00648682842537176,-0.0737055581060262));
#2020=CARTESIAN_POINT('',(0.0198459296421949,0.00603563010134537,-0.0787809737304307));
#2021=CARTESIAN_POINT('',(0.022213209908097,0.00549434158145842,-0.0840151117300129));
#2022=CARTESIAN_POINT('',(0.0263000924363382,0.00480584432586198,-0.0888744502810933));
#2023=CARTESIAN_POINT('',(0.0285244963742305,0.00440939732147709,-0.0922962163910125));
#2024=CARTESIAN_POINT('',(0.0296320831722181,0.00421199636354924,-0.094));
#2025=CARTESIAN_POINT('',(-0.000369137095364377,0.00438579514773442,0.00303050856955004));
#2026=CARTESIAN_POINT('',(0.00141378641165425,0.00562453749924646,-0.00228064014756019));
#2027=CARTESIAN_POINT('',(0.00374017502636339,0.00723984430888773,-0.00933880488466731));
#2028=CARTESIAN_POINT('',(0.00496679910312394,0.00805390873690846,-0.0177625260060432));
#2029=CARTESIAN_POINT('',(0.00563735484727075,0.00840381293510925,-0.0228685347358334));
#2030=CARTESIAN_POINT('',(0.00635303432378611,0.00886967147062205,-0.0279383598640033));
#2031=CARTESIAN_POINT('',(0.00691290497747765,0.0090510847372873,-0.0330334176693161));
#2032=CARTESIAN_POINT('',(0.0075669564206304,0.00884470929016604,-0.0381195645463605));
#2033=CARTESIAN_POINT('',(0.00855407175351804,0.00868535893225386,-0.0432047875683789));
#2034=CARTESIAN_POINT('',(0.00966510262893408,0.00830703274961209,-0.0482794861511231));
#2035=CARTESIAN_POINT('',(0.0108873129486522,0.00796583131669057,-0.0533710102012902));
#2036=CARTESIAN_POINT('',(0.0123690370953755,0.00766761718285661,-0.0584530145044917));
#2037=CARTESIAN_POINT('',(0.014077343115418,0.00732942388870632,-0.0635349457013772));
#2038=CARTESIAN_POINT('',(0.0158153077737402,0.00694003441890259,-0.0686201677227365));
#2039=CARTESIAN_POINT('',(0.0178937991987396,0.0065510851555175,-0.0737055581060263));
#2040=CARTESIAN_POINT('',(0.0202716581979178,0.00610783116643213,-0.0787809737304307));
#2041=CARTESIAN_POINT('',(0.0225709700985166,0.0055818541064865,-0.0840151117300127));
#2042=CARTESIAN_POINT('',(0.0265534566178809,0.00488811858155161,-0.0888744502810935));
#2043=CARTESIAN_POINT('',(0.0287019985573518,0.00449496959562836,-0.0922962163910127));
#2044=CARTESIAN_POINT('',(0.0297718117538415,0.00429921080423573,-0.094));
#2045=CARTESIAN_POINT('',(-8.26974885610134E-5,0.00460421668619433,0.00303050856955003));
#2046=CARTESIAN_POINT('',(0.00173915589011979,0.00577013994564912,-0.00228064014756026));
#2047=CARTESIAN_POINT('',(0.00411874746303952,0.00728959649936549,-0.00933880488466745));
#2048=CARTESIAN_POINT('',(0.00546177140922132,0.00802248092073894,-0.0177625260060431));
#2049=CARTESIAN_POINT('',(0.00618526449473588,0.0083462537036553,-0.0228685347358336));
#2050=CARTESIAN_POINT('',(0.00694754490268105,0.00879276244521738,-0.0279383598640033));
#2051=CARTESIAN_POINT('',(0.007548566809041,0.00897332465068349,-0.0330334176693161));
#2052=CARTESIAN_POINT('',(0.00823261719953335,0.00878087253424654,-0.0381195645463605));
#2053=CARTESIAN_POINT('',(0.0092378698620805,0.0086296870682469,-0.0432047875683789));
#2054=CARTESIAN_POINT('',(0.0103545732700203,0.00827056417551059,-0.0482794861511231));
#2055=CARTESIAN_POINT('',(0.0115751508790767,0.00794587136291304,-0.0533710102012901));
#2056=CARTESIAN_POINT('',(0.0130418154709433,0.00766292274788558,-0.0584530145044917));
#2057=CARTESIAN_POINT('',(0.0147234939728323,0.00733886347239612,-0.0635349457013772));
#2058=CARTESIAN_POINT('',(0.016422096274675,0.00697249227054077,-0.0686201677227366));
#2059=CARTESIAN_POINT('',(0.0184492085885776,0.00659848520553112,-0.0737055581060264));
#2060=CARTESIAN_POINT('',(0.0207626960641431,0.00616620717434239,-0.0787809737304307));
#2061=CARTESIAN_POINT('',(0.0229854941998469,0.00566009601724382,-0.0840151117300127));
#2062=CARTESIAN_POINT('',(0.0268489253390841,0.00496399229378065,-0.0888744502810935));
#2063=CARTESIAN_POINT('',(0.0289122721387357,0.00457844524032984,-0.0922962163910127));
#2064=CARTESIAN_POINT('',(0.0299396645273364,0.00438647164276026,-0.094));
#2065=CARTESIAN_POINT('',(0.000461756949731687,0.00492805146547875,0.00303050856955003));
#2066=CARTESIAN_POINT('',(0.00230952366127784,0.00596624367980774,-0.00228064014756021));
#2067=CARTESIAN_POINT('',(0.00472735149005802,0.00731768121498066,-0.00933880488466734));
#2068=CARTESIAN_POINT('',(0.00625294726013961,0.00791229099670384,-0.0177625260060432));
#2069=CARTESIAN_POINT('',(0.0070588900270425,0.00819206544475058,-0.0228685347358334));
#2070=CARTESIAN_POINT('',(0.00789552811393394,0.0086080832471048,-0.0279383598640033));
#2071=CARTESIAN_POINT('',(0.00856366722644025,0.0087881330058725,-0.033033417669316));
#2072=CARTESIAN_POINT('',(0.00929789011246304,0.00861857693857092,-0.0381195645463605));
#2073=CARTESIAN_POINT('',(0.0103335344960747,0.00848192936819242,-0.0432047875683789));
#2074=CARTESIAN_POINT('',(0.0114611428190407,0.00815435942625295,-0.0482794861511232));
#2075=CARTESIAN_POINT('',(0.0126805412694413,0.00785710774062375,-0.0533710102012903));
#2076=CARTESIAN_POINT('',(0.0141241914434563,0.00759958564609288,-0.0584530145044918));
#2077=CARTESIAN_POINT('',(0.0157641216905911,0.00729964542512721,-0.063534945701377));
#2078=CARTESIAN_POINT('',(0.0174011872015707,0.00697013384464937,-0.0686201677227365));
#2079=CARTESIAN_POINT('',(0.0193470076419295,0.0066222164065168,-0.0737055581060265));
#2080=CARTESIAN_POINT('',(0.0215580934464307,0.00621062194945573,-0.0787809737304306));
#2081=CARTESIAN_POINT('',(0.0236600398145347,0.00574069578525733,-0.0840151117300129));
#2082=CARTESIAN_POINT('',(0.0273329859444672,0.00504655053211486,-0.0888744502810934));
#2083=CARTESIAN_POINT('',(0.0292614591349328,0.00468243135177218,-0.0922962163910127));
#2084=CARTESIAN_POINT('',(0.0302216945533508,0.00450112723242067,-0.094));
#2085=CARTESIAN_POINT('',(0.00116477884066255,0.00522545028590916,0.00303050856955004));
#2086=CARTESIAN_POINT('',(0.00298352788139225,0.00610483835442236,-0.00228064014756015));
#2087=CARTESIAN_POINT('',(0.00536913441568089,0.00724838084501772,-0.00933880488466722));
#2088=CARTESIAN_POINT('',(0.0070848416884251,0.00770823830290337,-0.0177625260060433));
#2089=CARTESIAN_POINT('',(0.00797631951592622,0.00794428734799255,-0.0228685347358335));
#2090=CARTESIAN_POINT('',(0.00889297435794504,0.00833392040355386,-0.0279383598640033));
#2091=CARTESIAN_POINT('',(0.00963430198475656,0.00851492124515397,-0.0330334176693161));
#2092=CARTESIAN_POINT('',(0.0104247086241094,0.00837067677333042,-0.0381195645463604));
#2093=CARTESIAN_POINT('',(0.0114944865697803,0.00825167581180176,-0.0432047875683789));
#2094=CARTESIAN_POINT('',(0.0126360192050142,0.00795847863115876,-0.048279486151123));
#2095=CARTESIAN_POINT('',(0.0138560385386418,0.0076917358443124,-0.0533710102012906));
#2096=CARTESIAN_POINT('',(0.0152766570896538,0.00746217658351081,-0.0584530145044915));
#2097=CARTESIAN_POINT('',(0.0168734174077963,0.00718989186404391,-0.0635349457013775));
#2098=CARTESIAN_POINT('',(0.0184470291872135,0.00689856140566217,-0.0686201677227363));
#2099=CARTESIAN_POINT('',(0.0203078544887612,0.00658022717618391,-0.0737055581060264));
#2100=CARTESIAN_POINT('',(0.0224109565645241,0.00619486456351634,-0.0787809737304307));
#2101=CARTESIAN_POINT('',(0.0243875670768428,0.00576410448110559,-0.0840151117300127));
#2102=CARTESIAN_POINT('',(0.0278568363040174,0.00508566344422173,-0.0888744502810936));
#2103=CARTESIAN_POINT('',(0.029647316388801,0.00474830873649382,-0.0922962163910128));
#2104=CARTESIAN_POINT('',(0.0305388415610883,0.0045803313227906,-0.094));
#2105=CARTESIAN_POINT('',(0.00229555493891399,0.00554469185167819,0.00303050856955003));
#2106=CARTESIAN_POINT('',(0.00398866117569111,0.00619236551061071,-0.00228064014756025));
#2107=CARTESIAN_POINT('',(0.00621978065798103,0.00703325023559553,-0.0093388048846674));
#2108=CARTESIAN_POINT('',(0.0082010860918852,0.00732203994045183,-0.0177625260060431));
#2109=CARTESIAN_POINT('',(0.00920828910721783,0.00749993251100304,-0.0228685347358334));
#2110=CARTESIAN_POINT('',(0.0102369235694731,0.00785552147598674,-0.0279383598640033));
#2111=CARTESIAN_POINT('',(0.011081997202561,0.0080387482486448,-0.033033417669316));
#2112=CARTESIAN_POINT('',(0.0119539160007812,0.00792989917895574,-0.0381195645463605));
#2113=CARTESIAN_POINT('',(0.0130734626955076,0.00783618527921331,-0.0432047875683791));
#2114=CARTESIAN_POINT('',(0.014237551288024,0.00759100699839885,-0.048279486151123));
#2115=CARTESIAN_POINT('',(0.015461207494553,0.00736726605321017,-0.0533710102012901));
#2116=CARTESIAN_POINT('',(0.0168522847813577,0.00717759472267294,-0.0584530145044918));
#2117=CARTESIAN_POINT('',(0.0183915594050781,0.00694501622703282,-0.0635349457013771));
#2118=CARTESIAN_POINT('',(0.0198802419363264,0.00670802407486968,-0.0686201677227367));
#2119=CARTESIAN_POINT('',(0.0216260548034083,0.00643325479448781,-0.0737055581060262));
#2120=CARTESIAN_POINT('',(0.0235823220646276,0.00608825786219716,-0.0787809737304308));
#2121=CARTESIAN_POINT('',(0.0253898957682737,0.00571718148934748,-0.0840151117300127));
#2122=CARTESIAN_POINT('',(0.0285798958391855,0.00506734679026241,-0.0888744502810936));
#2123=CARTESIAN_POINT('',(0.0301863193529771,0.00477377009039914,-0.0922962163910126));
#2124=CARTESIAN_POINT('',(0.030986198118494,0.00462759085045704,-0.094));
#2125=CARTESIAN_POINT('',(0.00358288688549203,0.00574828004004253,0.00303050856955004));
#2126=CARTESIAN_POINT('',(0.00505887067080988,0.00615735023615062,-0.00228064014756018));
#2127=CARTESIAN_POINT('',(0.00701807547918256,0.0066872282433751,-0.00933880488466729));
#2128=CARTESIAN_POINT('',(0.00927415580426132,0.00682404284268959,-0.0177625260060432));
#2129=CARTESIAN_POINT('',(0.010396278779928,0.00694749888335383,-0.0228685347358335));
#2130=CARTESIAN_POINT('',(0.0115403322548994,0.00727390735967104,-0.0279383598640033));
#2131=CARTESIAN_POINT('',(0.0124926489951371,0.00746069417350682,-0.0330334176693162));
#2132=CARTESIAN_POINT('',(0.013450601481759,0.00738775152863424,-0.0381195645463605));
#2133=CARTESIAN_POINT('',(0.0146230615717311,0.00732100714350215,-0.0432047875683789));
#2134=CARTESIAN_POINT('',(0.0158132594394775,0.00712431966637953,-0.0482794861511231));
#2135=CARTESIAN_POINT('',(0.0170435499630059,0.00694464716677511,-0.0533710102012903));
#2136=CARTESIAN_POINT('',(0.0184074019109308,0.00679579015956891,-0.0584530145044917));
#2137=CARTESIAN_POINT('',(0.0198914044586324,0.00660478951436535,-0.0635349457013772));
#2138=CARTESIAN_POINT('',(0.0212976953567452,0.00642184803884457,-0.0686201677227365));
#2139=CARTESIAN_POINT('',(0.0229308386522669,0.00619312641348215,-0.0737055581060265));
#2140=CARTESIAN_POINT('',(0.0247425112094213,0.0058928883183339,-0.0787809737304306));
#2141=CARTESIAN_POINT('',(0.0263849871653573,0.00558430060696729,-0.0840151117300128));
#2142=CARTESIAN_POINT('',(0.0292974395354283,0.00497486250208586,-0.0888744502810934));
#2143=CARTESIAN_POINT('',(0.0307255294051806,0.00472694660627656,-0.0922962163910127));
#2144=CARTESIAN_POINT('',(0.0314366113535322,0.0046035030317836,-0.094));
#2145=CARTESIAN_POINT('',(0.00466817681893024,0.005785132974667,0.00303050856955003));
#2146=CARTESIAN_POINT('',(0.00591219419177555,0.00602739763898418,-0.00228064014756021));
#2147=CARTESIAN_POINT('',(0.00757904690656099,0.00633990286329059,-0.00933880488466734));
#2148=CARTESIAN_POINT('',(0.0100598910860978,0.00637230559180648,-0.0177625260060431));
#2149=CARTESIAN_POINT('',(0.0112705980470317,0.00645673534236447,-0.0228685347358335));
#2150=CARTESIAN_POINT('',(0.0125066257135418,0.00676424060163984,-0.0279383598640033));
#2151=CARTESIAN_POINT('',(0.0135438471792679,0.00695419013249696,-0.0330334176693161));
#2152=CARTESIAN_POINT('',(0.0145709300956902,0.00690861150041212,-0.0381195645463604));
#2153=CARTESIAN_POINT('',(0.01578626717144,0.0068635803135861,-0.0432047875683789));
#2154=CARTESIAN_POINT('',(0.0169988704328388,0.0067041192481216,-0.0482794861511231));
#2155=CARTESIAN_POINT('',(0.0182362656203169,0.00655870063182089,-0.0533710102012903));
#2156=CARTESIAN_POINT('',(0.0195807870546769,0.00644167318854467,-0.0584530145044917));
#2157=CARTESIAN_POINT('',(0.0210238716849565,0.00628377169173649,-0.0635349457013772));
#2158=CARTESIAN_POINT('',(0.0223684620976408,0.00614146372689827,-0.0686201677227366));
#2159=CARTESIAN_POINT('',(0.0239166878408045,0.00594938064487722,-0.0737055581060264));
#2160=CARTESIAN_POINT('',(0.0256189402145776,0.00568674090877207,-0.0787809737304306));
#2161=CARTESIAN_POINT('',(0.0271372033356006,0.00542648348850549,-0.0840151117300128));
#2162=CARTESIAN_POINT('',(0.0298377957259278,0.00485894847393074,-0.0888744502810934));
#2163=CARTESIAN_POINT('',(0.031131123591599,0.00464506340335685,-0.0922962163910126));
#2164=CARTESIAN_POINT('',(0.0317751041407631,0.00453856463466704,-0.094));
#2165=CARTESIAN_POINT('',(0.0054032617358597,0.00577073443158267,0.00303050856955003));
#2166=CARTESIAN_POINT('',(0.00648023777752784,0.00591367586147544,-0.0022806401475602));
#2167=CARTESIAN_POINT('',(0.00793631783212556,0.00609657382757213,-0.00933880488466732));
#2168=CARTESIAN_POINT('',(0.0105698190943356,0.00606032235069792,-0.0177625260060432));
#2169=CARTESIAN_POINT('',(0.011839397669121,0.00611965546034572,-0.0228685347358334));
#2170=CARTESIAN_POINT('',(0.0131374874205794,0.00641531401495686,-0.0279383598640033));
#2171=CARTESIAN_POINT('',(0.0142314754869663,0.00660746999131113,-0.0330334176693161));
#2172=CARTESIAN_POINT('',(0.0153049263328975,0.0065799312492826,-0.0381195645463604));
#2173=CARTESIAN_POINT('',(0.0165492631379847,0.00654952377491036,-0.043204787568379));
#2174=CARTESIAN_POINT('',(0.0177771547252629,0.00641466061695456,-0.0482794861511231));
#2175=CARTESIAN_POINT('',(0.0190196900207909,0.0062919833421382,-0.0533710102012903));
#2176=CARTESIAN_POINT('',(0.0203517201628189,0.00619604678746959,-0.0584530145044917));
#2177=CARTESIAN_POINT('',(0.0217681146809355,0.00606025450131862,-0.0635349457013772));
#2178=CARTESIAN_POINT('',(0.0230718419694362,0.00594439121154441,-0.0686201677227366));
#2179=CARTESIAN_POINT('',(0.0245641762198565,0.00577669709934689,-0.0737055581060264));
#2180=CARTESIAN_POINT('',(0.0261945442252125,0.00553954001032027,-0.0787809737304306));
#2181=CARTESIAN_POINT('',(0.0276307123976841,0.00531104918485956,-0.0840151117300128));
#2182=CARTESIAN_POINT('',(0.0301926060957058,0.00477371202026801,-0.0888744502810935));
#2183=CARTESIAN_POINT('',(0.0313965832149403,0.0045821082807852,-0.0922962163910127));
#2184=CARTESIAN_POINT('',(0.0319960737749178,0.00448670394855888,-0.094));
#2185=CARTESIAN_POINT('',(0.00626481758394782,0.00573139520147722,0.00303050856955003));
#2186=CARTESIAN_POINT('',(0.00714622662261407,0.0057623436562677,-0.00228064014756026));
#2187=CARTESIAN_POINT('',(0.00835561722070477,0.00579899740615003,-0.00933880488466745));
#2188=CARTESIAN_POINT('',(0.0111707077076906,0.00568145522413513,-0.0177625260060432));
#2189=CARTESIAN_POINT('',(0.0125107601249358,0.00571137976553437,-0.0228685347358334));
#2190=CARTESIAN_POINT('',(0.0138832974311287,0.00599347643156658,-0.0279383598640033));
#2191=CARTESIAN_POINT('',(0.0150452249046987,0.00618839164740861,-0.0330334176693159));
#2192=CARTESIAN_POINT('',(0.0161741917461401,0.00618229350727466,-0.0381195645463607));
#2193=CARTESIAN_POINT('',(0.0174534423429527,0.00616953858286622,-0.0432047875683787));
#2194=CARTESIAN_POINT('',(0.0186997827234595,0.00606393114467737,-0.0482794861511232));
#2195=CARTESIAN_POINT('',(0.0199486879854252,0.00596838081699227,-0.0533710102012902));
#2196=CARTESIAN_POINT('',(0.0212660157169124,0.0058975455256012,-0.0584530145044918));
#2197=CARTESIAN_POINT('',(0.0226508791583272,0.00578821529261775,-0.0635349457013772));
#2198=CARTESIAN_POINT('',(0.0239058758526137,0.00570333798067353,-0.0686201677227363));
#2199=CARTESIAN_POINT('',(0.0253318812931638,0.00556471432577393,-0.0737055581060265));
#2200=CARTESIAN_POINT('',(0.0268770095578404,0.00535826854193357,-0.0787809737304307));
#2201=CARTESIAN_POINT('',(0.0282155711889478,0.00516723061291258,-0.0840151117300127));
#2202=CARTESIAN_POINT('',(0.0306132708928441,0.00466777723630889,-0.0888744502810935));
#2203=CARTESIAN_POINT('',(0.0317108869204547,0.00450224044751437,-0.0922962163910127));
#2204=CARTESIAN_POINT('',(0.0322574176115454,0.0044198155071846,-0.094));
#2205=CARTESIAN_POINT('',(0.00711731395225577,0.00560965258011622,0.00303050856955003));
#2206=CARTESIAN_POINT('',(0.00781083870818701,0.00554747864518591,-0.0022806401475602));
#2207=CARTESIAN_POINT('',(0.00878368361968874,0.00546203750023493,-0.00933880488466733));
#2208=CARTESIAN_POINT('',(0.0117900886817293,0.00525856128937525,-0.0177625260060432));
#2209=CARTESIAN_POINT('',(0.0132064173680132,0.00525877402373137,-0.0228685347358335));
#2210=CARTESIAN_POINT('',(0.0146583856190833,0.0055269860266563,-0.0279383598640025));
#2211=CARTESIAN_POINT('',(0.0158930506544339,0.00572473163007929,-0.0330334176693164));
#2212=CARTESIAN_POINT('',(0.0170818884858463,0.00574123356533732,-0.0381195645463604));
#2213=CARTESIAN_POINT('',(0.0183984295103319,0.00574697892450074,-0.043204787568379));
#2214=CARTESIAN_POINT('',(0.0196651006500421,0.00567222986371041,-0.048279486151123));
#2215=CARTESIAN_POINT('',(0.0209213650783025,0.00560536851359341,-0.0533710102012902));
#2216=CARTESIAN_POINT('',(0.0222237192134273,0.00556119760547422,-0.058453014504492));
#2217=CARTESIAN_POINT('',(0.0235756202153418,0.00547996961013998,-0.0635349457013765));
#2218=CARTESIAN_POINT('',(0.0247805008121868,0.00542866644233724,-0.0686201677227367));
#2219=CARTESIAN_POINT('',(0.0261368247477824,0.00532116778137104,-0.0737055581060263));
#2220=CARTESIAN_POINT('',(0.0275921876186866,0.00514788524215164,-0.0787809737304307));
#2221=CARTESIAN_POINT('',(0.0288287348371839,0.00499746276003586,-0.0840151117300127));
#2222=CARTESIAN_POINT('',(0.0310519293803173,0.00453876959078074,-0.0888744502810937));
#2223=CARTESIAN_POINT('',(0.0320379848815287,0.00440219118089711,-0.092296216391013));
#2224=CARTESIAN_POINT('',(0.0325289667740799,0.00433418534746895,-0.094));
#2225=CARTESIAN_POINT('',(0.00824998457782011,0.00535856110202105,0.00303050856955003));
#2226=CARTESIAN_POINT('',(0.00870722421831019,0.00518623520204165,-0.0022806401475602));
#2227=CARTESIAN_POINT('',(0.00938323098337653,0.00495560628017432,-0.00933880488466734));
#2228=CARTESIAN_POINT('',(0.0126542172936508,0.00462199349571055,-0.0177625260060432));
#2229=CARTESIAN_POINT('',(0.0141805476048635,0.00457909990603516,-0.0228685347358333));
#2230=CARTESIAN_POINT('',(0.0157446003394571,0.00482508023386327,-0.0279383598640043));
#2231=CARTESIAN_POINT('',(0.0170840619633027,0.00502561900372383,-0.0330334176693156));
#2232=CARTESIAN_POINT('',(0.0183598138134337,0.00507324067176012,-0.0381195645463606));
#2233=CARTESIAN_POINT('',(0.0197301437455681,0.00510447827651361,-0.0432047875683787));
#2234=CARTESIAN_POINT('',(0.0210272591197311,0.00507344230565458,-0.0482794861511233));
#2235=CARTESIAN_POINT('',(0.0222951577530269,0.00504741106583876,-0.0533710102012902));
#2236=CARTESIAN_POINT('',(0.0235772554676021,0.00504182910992881,-0.0584530145044914));
#2237=CARTESIAN_POINT('',(0.0248829112763386,0.00500134407355856,-0.0635349457013781));
#2238=CARTESIAN_POINT('',(0.0260185631028239,0.00500015681269976,-0.0686201677227362));
#2239=CARTESIAN_POINT('',(0.0272767090782551,0.00493912337204491,-0.0737055581060264));
#2240=CARTESIAN_POINT('',(0.0286046145488885,0.00481515618984763,-0.0787809737304307));
#2241=CARTESIAN_POINT('',(0.0296980164301822,0.0047269844734223,-0.0840151117300128));
#2242=CARTESIAN_POINT('',(0.0316711475179412,0.00432859874026524,-0.0888744502810933));
#2243=CARTESIAN_POINT('',(0.0324990620249282,0.00423771473169604,-0.0922962163910123));
#2244=CARTESIAN_POINT('',(0.0329113015297144,0.00419246129264,-0.094));
#2245=CARTESIAN_POINT('',(0.00882454488862947,0.00517694972123702,0.00303050856955004));
#2246=CARTESIAN_POINT('',(0.00916832836028562,0.0049552851708997,-0.00228064014756019));
#2247=CARTESIAN_POINT('',(0.0097022166740136,0.00465919589241107,-0.00933880488466727));
#2248=CARTESIAN_POINT('',(0.0131156344231341,0.00425133063754407,-0.0177625260060431));
#2249=CARTESIAN_POINT('',(0.0147034285515977,0.00418441110098283,-0.0228685347358335));
#2250=CARTESIAN_POINT('',(0.0163313243877664,0.00441823996168654,-0.027938359864003));
#2251=CARTESIAN_POINT('',(0.0177296914215415,0.0046199553675576,-0.0330334176693162));
#2252=CARTESIAN_POINT('',(0.0190541849278603,0.00468412373508082,-0.0381195645463604));
#2253=CARTESIAN_POINT('',(0.0204560343692554,0.00472987248251103,-0.043204787568379));
#2254=CARTESIAN_POINT('',(0.0217707332058595,0.00472283695176218,-0.0482794861511229));
#2255=CARTESIAN_POINT('',(0.0230459701753153,0.00471951402492775,-0.0533710102012905));
#2256=CARTESIAN_POINT('',(0.0243173431379527,0.00473540405549956,-0.0584530145044913));
#2257=CARTESIAN_POINT('',(0.0255984371198562,0.00471814943579467,-0.0635349457013779));
#2258=CARTESIAN_POINT('',(0.0266940367217781,0.00474335220929932,-0.0686201677227364));
#2259=CARTESIAN_POINT('',(0.0278985653544055,0.00470873789636712,-0.0737055581060263));
#2260=CARTESIAN_POINT('',(0.02915741727573,0.00461376156602184,-0.0787809737304308));
#2261=CARTESIAN_POINT('',(0.0301708680751508,0.00455979297862165,-0.0840151117300125));
#2262=CARTESIAN_POINT('',(0.0320116828017488,0.00420166291521323,-0.088874450281094));
#2263=CARTESIAN_POINT('',(0.0327506649260879,0.00413591455531261,-0.0922962163910128));
#2264=CARTESIAN_POINT('',(0.0331186227555649,0.00410317678939934,-0.094));
#2265=CARTESIAN_POINT('',(0.00974170713336804,0.00478480763324991,0.00303050856955003));
#2266=CARTESIAN_POINT('',(0.00993544912722001,0.00449483663244408,-0.00228064014756022));
#2267=CARTESIAN_POINT('',(0.0102834876171206,0.00410730817046314,-0.00933880488466738));
#2268=CARTESIAN_POINT('',(0.0139633321593563,0.0035663636484808,-0.0177625260060432));
#2269=CARTESIAN_POINT('',(0.0156717200590527,0.00345871313585918,-0.0228685347358334));
#2270=CARTESIAN_POINT('',(0.0174262958615729,0.00367532885062115,-0.0279383598640037));
#2271=CARTESIAN_POINT('',(0.0189374735486053,0.00388243762520355,-0.033033417669316));
#2272=CARTESIAN_POINT('',(0.0203540449987549,0.00397974878605654,-0.0381195645463605));
#2273=CARTESIAN_POINT('',(0.0218171780712933,0.0040553225654934,-0.0432047875683789));
#2274=CARTESIAN_POINT('',(0.0231643976482813,0.00409385519326336,-0.0482794861511234));
#2275=CARTESIAN_POINT('',(0.0244532472600919,0.00413350897752434,-0.0533710102012899));
#2276=CARTESIAN_POINT('',(0.0257035877494278,0.00418869096358208,-0.0584530145044922));
#2277=CARTESIAN_POINT('',(0.0269384813040487,0.00421408670995504,-0.0635349457013763));
#2278=CARTESIAN_POINT('',(0.0279540559611043,0.00428326917878503,-0.0686201677227367));
#2279=CARTESIAN_POINT('',(0.0290563598085421,0.00429454388026026,-0.0737055581060264));
#2280=CARTESIAN_POINT('',(0.030185973801783,0.00425138019055274,-0.0787809737304304));
#2281=CARTESIAN_POINT('',(0.031045795843988,0.00425446275046041,-0.0840151117300131));
#2282=CARTESIAN_POINT('',(0.0326421324526469,0.00397064366825798,-0.0888744502810929));
#2283=CARTESIAN_POINT('',(0.0332131476746866,0.00394714187051187,-0.0922962163910125));
#2284=CARTESIAN_POINT('',(0.0334974705490565,0.00393543973293283,-0.094));
#2285=CARTESIAN_POINT('',(0.0101760130770064,0.00453502902100991,0.00303050856955003));
#2286=CARTESIAN_POINT('',(0.0103240908406996,0.00422161273821969,-0.00228064014756025));
#2287=CARTESIAN_POINT('',(0.0106173527344055,0.00380192301887161,-0.0093388048846674));
#2288=CARTESIAN_POINT('',(0.0144447778788027,0.0031864053174403,-0.0177625260060431));
#2289=CARTESIAN_POINT('',(0.0162243631910132,0.00305799176111677,-0.0228685347358336));
#2290=CARTESIAN_POINT('',(0.0180454794007184,0.0032639940443329,-0.0279383598640033));
#2291=CARTESIAN_POINT('',(0.0196201048384862,0.00347487485772352,-0.0330334176693161));
#2292=CARTESIAN_POINT('',(0.0210894403469036,0.00359214086951651,-0.0381195645463606));
#2293=CARTESIAN_POINT('',(0.0225831470884416,0.00368294744815126,-0.043204787568379));
#2294=CARTESIAN_POINT('',(0.0239485882615175,0.00374730532174436,-0.0482794861511231));
#2295=CARTESIAN_POINT('',(0.0252440623149271,0.00381064808210705,-0.0533710102012905));
#2296=CARTESIAN_POINT('',(0.0264826004775345,0.00388784406990986,-0.0584530145044913));
#2297=CARTESIAN_POINT('',(0.0276894560270674,0.00393549557367255,-0.0635349457013774));
#2298=CARTESIAN_POINT('',(0.028668237952146,0.00403463949225952,-0.0686201677227368));
#2299=CARTESIAN_POINT('',(0.0297122300477737,0.00407075857003693,-0.0737055581060266));
#2300=CARTESIAN_POINT('',(0.0307657201589348,0.00405332318186631,-0.0787809737304309));
#2301=CARTESIAN_POINT('',(0.0315447029862005,0.00409233001076786,-0.0840151117300125));
#2302=CARTESIAN_POINT('',(0.0329833993837851,0.00383206906141629,-0.0888744502810937));
#2303=CARTESIAN_POINT('',(0.0334666270326912,0.00383728260676142,-0.0922962163910127));
#2304=CARTESIAN_POINT('',(0.0337072382612696,0.00383987856242245,-0.094));
#2305=CARTESIAN_POINT('',(0.0105425810956208,0.00423911944933836,0.00303050856955003));
#2306=CARTESIAN_POINT('',(0.0106719370094523,0.00390371857295884,-0.0022806401475602));
#2307=CARTESIAN_POINT('',(0.01094427769472,0.00345326617683289,-0.00933880488466732));
#2308=CARTESIAN_POINT('',(0.0148894294728889,0.00274528762178347,-0.0177625260060432));
#2309=CARTESIAN_POINT('',(0.0167333574715091,0.00258856085878747,-0.0228685347358334));
#2310=CARTESIAN_POINT('',(0.0186051309840265,0.00277208382743486,-0.0279383598640033));
#2311=CARTESIAN_POINT('',(0.0202388074950944,0.00297868580992456,-0.0330334176693161));
#2312=CARTESIAN_POINT('',(0.0217605248124631,0.00310936923718611,-0.0381195645463604));
#2313=CARTESIAN_POINT('',(0.023280864341415,0.00320875287520016,-0.043204787568379));
#2314=CARTESIAN_POINT('',(0.0246671521287046,0.00329609548207784,-0.0482794861511231));
#2315=CARTESIAN_POINT('',(0.0259713184022306,0.00338121854283004,-0.0533710102012902));
#2316=CARTESIAN_POINT('',(0.0272021381360642,0.00348187200385936,-0.0584530145044918));
#2317=CARTESIAN_POINT('',(0.0283838322723082,0.00355356888870287,-0.063534945701377));
#2318=CARTESIAN_POINT('',(0.0293402585586751,0.00369406977021158,-0.0686201677227365));
#2319=CARTESIAN_POINT('',(0.0303332893397776,0.00376335992861349,-0.0737055581060264));
#2320=CARTESIAN_POINT('',(0.0313147768631602,0.00377881975671508,-0.0787809737304306));
#2321=CARTESIAN_POINT('',(0.0320265599841113,0.00387003174198909,-0.0840151117300128));
#2322=CARTESIAN_POINT('',(0.033307724954825,0.00364217406133892,-0.0888744502810934));
#2323=CARTESIAN_POINT('',(0.0337106691652159,0.00369053048976734,-0.0922962163910127));
#2324=CARTESIAN_POINT('',(0.033911305245809,0.00371460837454932,-0.094));
#2325=CARTESIAN_POINT('',(0.0108278653752558,0.0039907051329481,0.00303050856955003));
#2326=CARTESIAN_POINT('',(0.0109470410513051,0.00363767172694033,-0.0022806401475602));
#2327=CARTESIAN_POINT('',(0.0112086313948694,0.00316240881412168,-0.00933880488466733));
#2328=CARTESIAN_POINT('',(0.0152411028169478,0.00237514860850296,-0.0177625260060432));
#2329=CARTESIAN_POINT('',(0.0171350184086176,0.00219364188915751,-0.0228685347358334));
#2330=CARTESIAN_POINT('',(0.0190487332082467,0.00235818116054293,-0.0279383598640033));
#2331=CARTESIAN_POINT('',(0.0207312683647082,0.00256067415275589,-0.0330334176693161));
#2332=CARTESIAN_POINT('',(0.0222951644012306,0.00270098973205239,-0.0381195645463605));
#2333=CARTESIAN_POINT('',(0.0238400010057194,0.00280811932282055,-0.0432047875683789));
#2334=CARTESIAN_POINT('',(0.0252436330340439,0.00291382191561818,-0.0482794861511231));
#2335=CARTESIAN_POINT('',(0.0265558837521121,0.0030168721295085,-0.0533710102012902));
#2336=CARTESIAN_POINT('',(0.027780733179211,0.00313668807428017,-0.0584530145044917));
#2337=CARTESIAN_POINT('',(0.0289437205408273,0.00322922555171452,-0.0635349457013772));
#2338=CARTESIAN_POINT('',(0.0298770715154958,0.00340026605426138,-0.0686201677227365));
#2339=CARTESIAN_POINT('',(0.0308299081463661,0.00349776275550552,-0.0737055581060264));
#2340=CARTESIAN_POINT('',(0.0317551457692912,0.00354237825228209,-0.0787809737304307));
#2341=CARTESIAN_POINT('',(0.0324108037670914,0.00367557091407577,-0.0840151117300128));
#2342=CARTESIAN_POINT('',(0.0335744276024262,0.00348423595642772,-0.0888744502810935));
#2343=CARTESIAN_POINT('',(0.0339094408723701,0.00356676369104034,-0.0922962163910127));
#2344=CARTESIAN_POINT('',(0.0340762524251729,0.00360785633063141,-0.094));
#2345=CARTESIAN_POINT('',(0.011038961300852,0.00372043548060055,0.00303050856955004));
#2346=CARTESIAN_POINT('',(0.0111591853870502,0.00334636575869112,-0.00228064014756019));
#2347=CARTESIAN_POINT('',(0.0114245720955814,0.00284201389286117,-0.00933880488466731));
#2348=CARTESIAN_POINT('',(0.0155481923979245,0.00197919562586892,-0.0177625260060432));
#2349=CARTESIAN_POINT('',(0.0174926553649286,0.00177137924052306,-0.0228685347358334));
#2350=CARTESIAN_POINT('',(0.0194702230696861,0.0019242199503592,-0.0279383598640033));
#2351=CARTESIAN_POINT('',(0.0212037717989302,0.00212237223598037,-0.033033417669316));
#2352=CARTESIAN_POINT('',(0.0228095196674637,0.00227053899752042,-0.0381195645463605));
#2353=CARTESIAN_POINT('',(0.0243903259147019,0.00239055238352647,-0.043204787568379));
#2354=CARTESIAN_POINT('',(0.0258118671580143,0.00251442946839078,-0.0482794861511231));
#2355=CARTESIAN_POINT('',(0.0271351318484694,0.00263680159148087,-0.0533710102012902));
#2356=CARTESIAN_POINT('',(0.0283536807375587,0.00277546129023115,-0.0584530145044917));
#2357=CARTESIAN_POINT('',(0.0295032112996804,0.00289259240501001,-0.0635349457013772));
#2358=CARTESIAN_POINT('',(0.0303909291675293,0.00307889079637592,-0.0686201677227365));
#2359=CARTESIAN_POINT('',(0.0313036261349036,0.00320437358369052,-0.0737055581060264));
#2360=CARTESIAN_POINT('',(0.032181951577035,0.00328577244834694,-0.0787809737304307));
#2361=CARTESIAN_POINT('',(0.0327648975340488,0.00344788498579602,-0.0840151117300128));
#2362=CARTESIAN_POINT('',(0.0338585404376269,0.00333360438149125,-0.0888744502810935));
#2363=CARTESIAN_POINT('',(0.0341110218944535,0.00343965914262712,-0.0922962163910127));
#2364=CARTESIAN_POINT('',(0.034236738776875,0.00349246648184138,-0.094));
#2365=CARTESIAN_POINT('',(0.0111716167639574,0.00344791383132135,0.00303050856955003));
#2366=CARTESIAN_POINT('',(0.011348126648404,0.00306704860365413,-0.0022806401475602));
#2367=CARTESIAN_POINT('',(0.0116899754839823,0.002552514851681,-0.00933880488466732));
#2368=CARTESIAN_POINT('',(0.0159647579575766,0.00163605383221008,-0.0177625260060432));
#2369=CARTESIAN_POINT('',(0.0179891982762257,0.00141524036613122,-0.0228685347358334));
#2370=CARTESIAN_POINT('',(0.0200726595428809,0.00157864525206801,-0.0279383598640033));
#2371=CARTESIAN_POINT('',(0.0218773506861937,0.00178957708062173,-0.033033417669316));
#2372=CARTESIAN_POINT('',(0.0235344449824094,0.00196134547060114,-0.0381195645463605));
#2373=CARTESIAN_POINT('',(0.0251665778961161,0.00211090766385321,-0.043204787568379));
#2374=CARTESIAN_POINT('',(0.0266046500762555,0.00226240108294792,-0.0482794861511231));
#2375=CARTESIAN_POINT('',(0.0279371464603873,0.00241158417885441,-0.0533710102012903));
#2376=CARTESIAN_POINT('',(0.0291400838833349,0.00256914448735611,-0.0584530145044917));
#2377=CARTESIAN_POINT('',(0.0302671772279754,0.00271032754632084,-0.0635349457013772));
#2378=CARTESIAN_POINT('',(0.0310716166813426,0.00289028016238954,-0.0686201677227365));
#2379=CARTESIAN_POINT('',(0.0319226478698294,0.00303083064205832,-0.0737055581060263));
#2380=CARTESIAN_POINT('',(0.0327362250658049,0.00313857614393603,-0.0787809737304307));
#2381=CARTESIAN_POINT('',(0.0332043922127749,0.00329864113252951,-0.0840151117300128));
#2382=CARTESIAN_POINT('',(0.0342235651348861,0.00326140841158813,-0.0888744502810935));
#2383=CARTESIAN_POINT('',(0.0343572121633095,0.00335966831395945,-0.0922962163910127));
#2384=CARTESIAN_POINT('',(0.0344237583880084,0.00340859439648614,-0.094));
#2385=CARTESIAN_POINT('',(0.0112070096813017,0.00336456987591999,0.00303050856955004));
#2386=CARTESIAN_POINT('',(0.0114047246016758,0.00298270586838125,-0.00228064014756019));
#2387=CARTESIAN_POINT('',(0.0117751907038572,0.00246648291198455,-0.00933880488466731));
#2388=CARTESIAN_POINT('',(0.0160998848981682,0.00153496171564132,-0.0177625260060432));
#2389=CARTESIAN_POINT('',(0.018150563382185,0.00131099035136089,-0.0228685347358334));
#2390=CARTESIAN_POINT('',(0.0202726102177784,0.00148053661060356,-0.0279383598640033));
#2391=CARTESIAN_POINT('',(0.0220997224458361,0.00169637875059398,-0.033033417669316));
#2392=CARTESIAN_POINT('',(0.0237737510877434,0.00187687603484085,-0.0381195645463605));
#2393=CARTESIAN_POINT('',(0.0254209999241703,0.00203587412976481,-0.043204787568379));
#2394=CARTESIAN_POINT('',(0.0268637831886417,0.0021963728001262,-0.0482794861511231));
#2395=CARTESIAN_POINT('',(0.0281984275350194,0.00235397767987111,-0.0533710102012903));
#2396=CARTESIAN_POINT('',(0.0293958518858471,0.00251728075050866,-0.0584530145044917));
#2397=CARTESIAN_POINT('',(0.0305149257571619,0.00266540782090733,-0.0635349457013772));
#2398=CARTESIAN_POINT('',(0.0312945249423746,0.00284417364558389,-0.0686201677227365));
#2399=CARTESIAN_POINT('',(0.0321237721501653,0.00298751252274126,-0.0737055581060264));
#2400=CARTESIAN_POINT('',(0.0329159420025884,0.00310226322620387,-0.0787809737304307));
#2401=CARTESIAN_POINT('',(0.0333475927224121,0.00326098065056071,-0.0840151117300127));
#2402=CARTESIAN_POINT('',(0.0343318622381266,0.00323729141033728,-0.0888744502810935));
#2403=CARTESIAN_POINT('',(0.0344328928197659,0.00333628470902831,-0.0922962163910127));
#2404=CARTESIAN_POINT('',(0.0344831984933491,0.00338557596807154,-0.094));
#2405=CARTESIAN_POINT('',(0.0112543382592835,0.00323010583129334,0.00303050856955003));
#2406=CARTESIAN_POINT('',(0.0114930092554996,0.00284839006036637,-0.0022806401475602));
#2407=CARTESIAN_POINT('',(0.0119187247891092,0.00233184927569548,-0.00933880488466733));
#2408=CARTESIAN_POINT('',(0.0163389687726348,0.00138139224309722,-0.0177625260060432));
#2409=CARTESIAN_POINT('',(0.0184384586856873,0.00115530737346099,-0.0228685347358334));
#2410=CARTESIAN_POINT('',(0.0205991411767321,0.00132605222127512,-0.0279383598640033));
#2411=CARTESIAN_POINT('',(0.0224578852351845,0.0015478227476097,-0.033033417669316));
#2412=CARTESIAN_POINT('',(0.0241601475418022,0.00174312117369358,-0.0381195645463605));
#2413=CARTESIAN_POINT('',(0.0258170025456274,0.00190950974975057,-0.0432047875683789));
#2414=CARTESIAN_POINT('',(0.0272674713178013,0.00208391512884505,-0.0482794861511231));
#2415=CARTESIAN_POINT('',(0.028602658120373,0.00225280306726146,-0.0533710102012903));
#2416=CARTESIAN_POINT('',(0.0297927087294721,0.00242590065055199,-0.0584530145044917));
#2417=CARTESIAN_POINT('',(0.0308934207926725,0.00258091220780334,-0.0635349457013772));
#2418=CARTESIAN_POINT('',(0.0316639114715127,0.00277860950981093,-0.0686201677227365));
#2419=CARTESIAN_POINT('',(0.0324590157609285,0.00292764168648739,-0.0737055581060264));
#2420=CARTESIAN_POINT('',(0.0332081516208015,0.00304698641054108,-0.0787809737304307));
#2421=CARTESIAN_POINT('',(0.0336014032294998,0.00322018750959477,-0.0840151117300128));
#2422=CARTESIAN_POINT('',(0.0344781250215162,0.00317581766580071,-0.0888744502810935));
#2423=CARTESIAN_POINT('',(0.0345456072035518,0.00329175563440575,-0.0922962163910126));
#2424=CARTESIAN_POINT('',(0.0345792082832158,0.00334948407177496,-0.094));
#2425=CARTESIAN_POINT('',(0.0112851225389868,0.00310850780261821,0.00303050856955004));
#2426=CARTESIAN_POINT('',(0.0115839468323623,0.00273442738611779,-0.00228064014756019));
#2427=CARTESIAN_POINT('',(0.0120883917169923,0.00222685587705323,-0.00933880488466732));
#2428=CARTESIAN_POINT('',(0.0165589690853789,0.00124465746076459,-0.0177625260060432));
#2429=CARTESIAN_POINT('',(0.0186920634468571,0.00101311304988686,-0.0228685347358334));
#2430=CARTESIAN_POINT('',(0.0208449250244886,0.0011672842857403,-0.0279383598640033));
#2431=CARTESIAN_POINT('',(0.022722837083207,0.00138806768184952,-0.033033417669316));
#2432=CARTESIAN_POINT('',(0.0244485177035306,0.00159301628787733,-0.0381195645463605));
#2433=CARTESIAN_POINT('',(0.0260941444687179,0.00175320025293747,-0.0432047875683789));
#2434=CARTESIAN_POINT('',(0.0275519833627839,0.0019368421120792,-0.0482794861511231));
#2435=CARTESIAN_POINT('',(0.0288850312020839,0.00211133282935083,-0.0533710102012903));
#2436=CARTESIAN_POINT('',(0.0300726363994371,0.00229372879383978,-0.0584530145044917));
#2437=CARTESIAN_POINT('',(0.0311535050699181,0.00245037480393532,-0.0635349457013772));
#2438=CARTESIAN_POINT('',(0.0319593185771697,0.00269320341507431,-0.0686201677227366));
#2439=CARTESIAN_POINT('',(0.0327315052250481,0.00285261867428893,-0.0737055581060264));
#2440=CARTESIAN_POINT('',(0.033436635115385,0.00297073515795576,-0.0787809737304307));
#2441=CARTESIAN_POINT('',(0.0338322095194576,0.0031857288799934,-0.0840151117300128));
#2442=CARTESIAN_POINT('',(0.0345530121728354,0.00307241230057702,-0.0888744502810936));
#2443=CARTESIAN_POINT('',(0.0346228283331645,0.00323071269030432,-0.0922962163910127));
#2444=CARTESIAN_POINT('',(0.0346575915594605,0.00330953444510861,-0.094));
#2445=CARTESIAN_POINT('',(0.0112998676880273,0.00300049892329516,0.00303050856955004));
#2446=CARTESIAN_POINT('',(0.0116521466838329,0.00263095147774518,-0.00228064014756019));
#2447=CARTESIAN_POINT('',(0.0122249807540504,0.00212793999926661,-0.00933880488466731));
#2448=CARTESIAN_POINT('',(0.0166817126937154,0.00109841540916754,-0.0177625260060431));
#2449=CARTESIAN_POINT('',(0.0188230158157437,0.000853329011786973,-0.0228685347358335));
#2450=CARTESIAN_POINT('',(0.020923639754462,0.000971893314461934,-0.0279383598640032));
#2451=CARTESIAN_POINT('',(0.0228017760654942,0.00117895454322929,-0.0330334176693162));
#2452=CARTESIAN_POINT('',(0.0245410396778796,0.00138132125830836,-0.0381195645463604));
#2453=CARTESIAN_POINT('',(0.0261582389724713,0.00152019806942909,-0.043204787568379));
#2454=CARTESIAN_POINT('',(0.0276234001098834,0.00170462550568634,-0.0482794861511232));
#2455=CARTESIAN_POINT('',(0.0289543190267692,0.00187724318662368,-0.0533710102012903));
#2456=CARTESIAN_POINT('',(0.0301473109900975,0.00206768498419024,-0.0584530145044916));
#2457=CARTESIAN_POINT('',(0.0312147510609627,0.00222359471819803,-0.0635349457013775));
#2458=CARTESIAN_POINT('',(0.0320943841958604,0.00253133328238504,-0.0686201677227365));
#2459=CARTESIAN_POINT('',(0.0328633355135423,0.00270942600827772,-0.0737055581060261));
#2460=CARTESIAN_POINT('',(0.0335386321756873,0.00282957896219051,-0.078780973730431));
#2461=CARTESIAN_POINT('',(0.0339790441596417,0.00311219653726107,-0.0840151117300125));
#2462=CARTESIAN_POINT('',(0.0345398033814961,0.00291448847905231,-0.0888744502810933));
#2463=CARTESIAN_POINT('',(0.0346492442749856,0.00314078824486758,-0.0922962163910126));
#2464=CARTESIAN_POINT('',(0.0347037376548632,0.00325346860329302,-0.094));
#2465=CARTESIAN_POINT('',(0.0113048612550792,0.00294553648365565,0.00303050856955004));
#2466=CARTESIAN_POINT('',(0.0116834024726744,0.00257745459161169,-0.00228064014756018));
#2467=CARTESIAN_POINT('',(0.0122894983180419,0.00207557697122414,-0.00933880488466729));
#2468=CARTESIAN_POINT('',(0.0167268514101072,0.00101807398257486,-0.0177625260060432));
#2469=CARTESIAN_POINT('',(0.0188675357476023,0.000764108907358228,-0.0228685347358334));
#2470=CARTESIAN_POINT('',(0.0209326707367238,0.000860492195279415,-0.0279383598640034));
#2471=CARTESIAN_POINT('',(0.0228070279427362,0.00105728059755362,-0.0330334176693159));
#2472=CARTESIAN_POINT('',(0.0245515173678004,0.00125567205456108,-0.0381195645463606));
#2473=CARTESIAN_POINT('',(0.0261505315412749,0.00138011364784342,-0.0432047875683788));
#2474=CARTESIAN_POINT('',(0.0276197921625434,0.00156371440658494,-0.0482794861511231));
#2475=CARTESIAN_POINT('',(0.0289497997553903,0.00173421935689284,-0.0533710102012902));
#2476=CARTESIAN_POINT('',(0.0301472845769115,0.0019290454921431,-0.0584530145044916));
#2477=CARTESIAN_POINT('',(0.0312088445338563,0.00208374479547026,-0.0635349457013772));
#2478=CARTESIAN_POINT('',(0.0321345281370237,0.0024297921068808,-0.0686201677227367));
#2479=CARTESIAN_POINT('',(0.0329054521876602,0.00261898234711535,-0.0737055581060264));
#2480=CARTESIAN_POINT('',(0.0335682724933011,0.00274236753496994,-0.0787809737304307));
#2481=CARTESIAN_POINT('',(0.0340390276951009,0.00306085501881587,-0.0840151117300131));
#2482=CARTESIAN_POINT('',(0.0345199938724011,0.00283483138962916,-0.0888744502810935));
#2483=CARTESIAN_POINT('',(0.0346548458583454,0.00309220594859239,-0.0922962163910127));
#2484=CARTESIAN_POINT('',(0.034721992061771,0.00322035922992297,-0.094));
#2485=CARTESIAN_POINT('',(0.0113071177225715,0.00289411668577245,0.00303050856955003));
#2486=CARTESIAN_POINT('',(0.0117088003718449,0.00252631271484066,-0.0022806401475602));
#2487=CARTESIAN_POINT('',(0.0123438394389663,0.00202397875330678,-0.00933880488466733));
#2488=CARTESIAN_POINT('',(0.0167504877371851,0.000936170058757589,-0.0177625260060432));
#2489=CARTESIAN_POINT('',(0.018886062361736,0.000672546140187153,-0.0228685347358335));
#2490=CARTESIAN_POINT('',(0.0209075620619798,0.000741152601143291,-0.0279383598640033));
#2491=CARTESIAN_POINT('',(0.0227782891059736,0.000931824340378761,-0.033033417669316));
#2492=CARTESIAN_POINT('',(0.0245250705105832,0.00112238598870881,-0.0381195645463605));
#2493=CARTESIAN_POINT('',(0.0261105096573922,0.0012453579535907,-0.043204787568379));
#2494=CARTESIAN_POINT('',(0.0275835174966575,0.00142785784404139,-0.0482794861511231));
#2495=CARTESIAN_POINT('',(0.0289136912558564,0.00159890466884906,-0.0533710102012903));
#2496=CARTESIAN_POINT('',(0.0301161234236717,0.00179654484915543,-0.0584530145044917));
#2497=CARTESIAN_POINT('',(0.0311746091889076,0.00195504677777047,-0.0635349457013772));
#2498=CARTESIAN_POINT('',(0.0321399992157366,0.00230756886051217,-0.0686201677227365));
#2499=CARTESIAN_POINT('',(0.0329188388100023,0.00251549466270485,-0.0737055581060264));
#2500=CARTESIAN_POINT('',(0.0335726325798434,0.00264361126480841,-0.0787809737304307));
#2501=CARTESIAN_POINT('',(0.0340787596171482,0.0029948230184942,-0.0840151117300127));
#2502=CARTESIAN_POINT('',(0.034490615825546,0.00277015386445465,-0.0888744502810935));
#2503=CARTESIAN_POINT('',(0.034652866816357,0.00304665750043913,-0.0922962163910127));
#2504=CARTESIAN_POINT('',(0.0347336556750356,0.00318433563146338,-0.094));
#2505=CARTESIAN_POINT('',(0.0113067587557104,0.00284251949862741,0.00303050856955003));
#2506=CARTESIAN_POINT('',(0.0117291598274493,0.00247288562992051,-0.00228064014756021));
#2507=CARTESIAN_POINT('',(0.0123896647262895,0.00196730810443046,-0.00933880488466734));
#2508=CARTESIAN_POINT('',(0.0167521812869555,0.000846369287264773,-0.0177625260060431));
#2509=CARTESIAN_POINT('',(0.0188727796363403,0.000563937579911413,-0.0228685347358335));
#2510=CARTESIAN_POINT('',(0.0208573490726203,0.000627161634936829,-0.0279383598640033));
#2511=CARTESIAN_POINT('',(0.0227236175972113,0.000817098508105556,-0.0330334176693161));
#2512=CARTESIAN_POINT('',(0.0244708083050897,0.000999677649625571,-0.0381195645463604));
#2513=CARTESIAN_POINT('',(0.0260451446864843,0.0011341780712395,-0.043204787568379));
#2514=CARTESIAN_POINT('',(0.0275209692211435,0.00131624183953641,-0.0482794861511231));
#2515=CARTESIAN_POINT('',(0.0288513934578112,0.00149070910986428,-0.0533710102012902));
#2516=CARTESIAN_POINT('',(0.0300586738133976,0.00168899028227013,-0.0584530145044917));
#2517=CARTESIAN_POINT('',(0.0311156254947301,0.00185399997527814,-0.0635349457013774));
#2518=CARTESIAN_POINT('',(0.0321172251086157,0.00218241965662648,-0.0686201677227365));
#2519=CARTESIAN_POINT('',(0.0329061156227788,0.002404144190328,-0.0737055581060264));
#2520=CARTESIAN_POINT('',(0.0335553125051646,0.00254394131021129,-0.0787809737304306));
#2521=CARTESIAN_POINT('',(0.0340987206111008,0.00290621261722298,-0.0840151117300128));
#2522=CARTESIAN_POINT('',(0.0344512606669558,0.00272590725111948,-0.0888744502810934));
#2523=CARTESIAN_POINT('',(0.034643767961426,0.0030057863726215,-0.0922962163910127));
#2524=CARTESIAN_POINT('',(0.0347396221964593,0.00314514524298104,-0.094));
#2525=CARTESIAN_POINT('',(0.011304553060967,0.00280007799511807,0.00303050856955004));
#2526=CARTESIAN_POINT('',(0.0117418840591285,0.00242756676878067,-0.00228064014756019));
#2527=CARTESIAN_POINT('',(0.0124203149029366,0.00191745527292927,-0.00933880488466731));
#2528=CARTESIAN_POINT('',(0.0167352029236457,0.000765508313125365,-0.0177625260060432));
#2529=CARTESIAN_POINT('',(0.0188441143781815,0.000473541577962367,-0.0228685347358335));
#2530=CARTESIAN_POINT('',(0.0208024177019808,0.000548322165158063,-0.0279383598640033));
#2531=CARTESIAN_POINT('',(0.0226648062671214,0.000743124514246603,-0.033033417669316));
#2532=CARTESIAN_POINT('',(0.0244113532082787,0.000922915935988831,-0.0381195645463605));
#2533=CARTESIAN_POINT('',(0.0259783422776863,0.0010778557355709,-0.0432047875683789));
#2534=CARTESIAN_POINT('',(0.0274551243179079,0.00125866295601898,-0.0482794861511231));
#2535=CARTESIAN_POINT('',(0.0287852613140716,0.00143649497114831,-0.0533710102012903));
#2536=CARTESIAN_POINT('',(0.029996011799434,0.00163260329781839,-0.0584530145044917));
#2537=CARTESIAN_POINT('',(0.0310524935838776,0.00180671688456054,-0.0635349457013772));
#2538=CARTESIAN_POINT('',(0.0320805740270158,0.00209142135900276,-0.0686201677227365));
#2539=CARTESIAN_POINT('',(0.0328790879246697,0.00232001240992043,-0.0737055581060264));
#2540=CARTESIAN_POINT('',(0.0335268617011173,0.00247179601591816,-0.0787809737304307));
#2541=CARTESIAN_POINT('',(0.0341020201306426,0.0028259046867436,-0.0840151117300127));
#2542=CARTESIAN_POINT('',(0.03441173781019,0.0027089877569456,-0.0888744502810935));
#2543=CARTESIAN_POINT('',(0.034631129198006,0.00297837770515872,-0.0922962163910127));
#2544=CARTESIAN_POINT('',(0.0347403697008651,0.00311251375170525,-0.094));
#2545=CARTESIAN_POINT('',(0.0112997812162976,0.0027504788443806,0.00303050856955003));
#2546=CARTESIAN_POINT('',(0.0117495404089307,0.00236953224625685,-0.0022806401475602));
#2547=CARTESIAN_POINT('',(0.0124424712129905,0.00184796917720412,-0.00933880488466733));
#2548=CARTESIAN_POINT('',(0.0167019888311904,0.000673649552548523,-0.0177625260060432));
#2549=CARTESIAN_POINT('',(0.0187969851933392,0.00037530674222572,-0.0228685347358334));
#2550=CARTESIAN_POINT('',(0.0207300577190444,0.000481783383930887,-0.0279383598640033));
#2551=CARTESIAN_POINT('',(0.0225881280384957,0.000689678529633988,-0.033033417669316));
#2552=CARTESIAN_POINT('',(0.0243320880846744,0.00086698315368879,-0.0381195645463605));
#2553=CARTESIAN_POINT('',(0.0258900767306142,0.00104249758414253,-0.043204787568379));
#2554=CARTESIAN_POINT('',(0.0273669099534946,0.00122129152077318,-0.0482794861511231));
#2555=CARTESIAN_POINT('',(0.028696190661002,0.00140195988231452,-0.0533710102012902));
#2556=CARTESIAN_POINT('',(0.0299105984442649,0.00159504178869213,-0.0584530145044917));
#2557=CARTESIAN_POINT('',(0.0309670648473257,0.00177682878769903,-0.0635349457013772));
#2558=CARTESIAN_POINT('',(0.0320235961295104,0.00201675380245073,-0.0686201677227365));
#2559=CARTESIAN_POINT('',(0.0328335982185325,0.00224047653495351,-0.0737055581060263));
#2560=CARTESIAN_POINT('',(0.0334816398846798,0.00240650848148947,-0.0787809737304307));
#2561=CARTESIAN_POINT('',(0.0340937910097673,0.00273417346029368,-0.0840151117300128));
#2562=CARTESIAN_POINT('',(0.0343600761365619,0.00270602533769227,-0.0888744502810934));
#2563=CARTESIAN_POINT('',(0.0346118413395975,0.00295298091864284,-0.0922962163910126));
#2564=CARTESIAN_POINT('',(0.0347372015811997,0.00307594632815806,-0.094));
#2565=CARTESIAN_POINT('',(0.011291314581609,0.00269457817011261,0.00303050856955003));
#2566=CARTESIAN_POINT('',(0.0117481415257691,0.00229777173790831,-0.0022806401475602));
#2567=CARTESIAN_POINT('',(0.0124485563386042,0.00175576900776218,-0.00933880488466732));
#2568=CARTESIAN_POINT('',(0.0166482129812698,0.000580015730669923,-0.0177625260060432));
#2569=CARTESIAN_POINT('',(0.0187276635316905,0.00028208816038646,-0.0228685347358334));
#2570=CARTESIAN_POINT('',(0.0206413396408056,0.000455547326718467,-0.0279383598640033));
#2571=CARTESIAN_POINT('',(0.0224904372582826,0.00066863125816877,-0.033033417669316));
#2572=CARTESIAN_POINT('',(0.0242298428638447,0.000846663448212286,-0.0381195645463605));
#2573=CARTESIAN_POINT('',(0.0257773200459517,0.00104131409761561,-0.043204787568379));
#2574=CARTESIAN_POINT('',(0.0272529436401005,0.00121763287920619,-0.0482794861511231));
#2575=CARTESIAN_POINT('',(0.0285806121662874,0.00140002265548052,-0.0533710102012902));
#2576=CARTESIAN_POINT('',(0.029798621271983,0.00158890779432368,-0.0584530145044917));
#2577=CARTESIAN_POINT('',(0.0308558153659705,0.00177616760711549,-0.0635349457013772));
#2578=CARTESIAN_POINT('',(0.03194085887346,0.00197140150860818,-0.0686201677227365));
#2579=CARTESIAN_POINT('',(0.032764260505924,0.00218674087003993,-0.0737055581060263));
#2580=CARTESIAN_POINT('',(0.0334148679987326,0.00236795183465325,-0.0787809737304307));
#2581=CARTESIAN_POINT('',(0.0340676440008233,0.00264533393330081,-0.0840151117300127));
#2582=CARTESIAN_POINT('',(0.0342952980728022,0.00272039263845707,-0.0888744502810934));
#2583=CARTESIAN_POINT('',(0.0345840600795605,0.00293269101038026,-0.0922962163910127));
#2584=CARTESIAN_POINT('',(0.0347278419624271,0.00303839972181115,-0.094));
#2585=CARTESIAN_POINT('',(0.0112742098836626,0.00261684780789633,0.00303050856955003));
#2586=CARTESIAN_POINT('',(0.0117304658668649,0.0021930428187877,-0.0022806401475602));
#2587=CARTESIAN_POINT('',(0.0124281139650842,0.00161745053826609,-0.00933880488466734));
#2588=CARTESIAN_POINT('',(0.0165520935743495,0.000484141317167272,-0.0177625260060432));
#2589=CARTESIAN_POINT('',(0.0186184734944306,0.000230721586089015,-0.0228685347358334));
#2590=CARTESIAN_POINT('',(0.0205029173750051,0.000475381880865492,-0.0279383598640033));
#2591=CARTESIAN_POINT('',(0.0223380017407068,0.000699082261891327,-0.0330334176693161));
#2592=CARTESIAN_POINT('',(0.0240676017618461,0.000878194114821595,-0.0381195645463605));
#2593=CARTESIAN_POINT('',(0.0256006252702322,0.00109379693168643,-0.043204787568379));
#2594=CARTESIAN_POINT('',(0.027072758987162,0.00126591559690271,-0.0482794861511231));
#2595=CARTESIAN_POINT('',(0.0283974378289029,0.00144842809153634,-0.0533710102012903));
#2596=CARTESIAN_POINT('',(0.029619714995375,0.0016304121548264,-0.0584530145044917));
#2597=CARTESIAN_POINT('',(0.0306791987786195,0.00182060024227525,-0.0635349457013772));
#2598=CARTESIAN_POINT('',(0.0317978789036848,0.00196363741370343,-0.0686201677227365));
#2599=CARTESIAN_POINT('',(0.0326403187914106,0.00216467068837287,-0.0737055581060264));
#2600=CARTESIAN_POINT('',(0.0332986697265223,0.0023571779136968,-0.0787809737304307));
#2601=CARTESIAN_POINT('',(0.0340033118249235,0.00257408659368224,-0.0840151117300127));
#2602=CARTESIAN_POINT('',(0.0341968861624432,0.00275509368107969,-0.0888744502810935));
#2603=CARTESIAN_POINT('',(0.0345355354727972,0.00291719683662809,-0.0922962163910126));
#2604=CARTESIAN_POINT('',(0.0347041575017849,0.00299791208440258,-0.094));
#2605=CARTESIAN_POINT('',(0.0112419307705681,0.00250966658402028,0.00303050856955003));
#2606=CARTESIAN_POINT('',(0.0116802667789602,0.00203933906011239,-0.0022806401475602));
#2607=CARTESIAN_POINT('',(0.0123529227122035,0.00140900562630424,-0.00933880488466732));
#2608=CARTESIAN_POINT('',(0.0164046252629368,0.000465710063337833,-0.0177625260060432));
#2609=CARTESIAN_POINT('',(0.0184464554832093,0.000251719919511812,-0.0228685347358334));
#2610=CARTESIAN_POINT('',(0.0202936508778477,0.0005809824458033,-0.0279383598640033));
#2611=CARTESIAN_POINT('',(0.0221065775777117,0.000816844394725611,-0.0330334176693161));
#2612=CARTESIAN_POINT('',(0.0238186977895142,0.000998485038231574,-0.0381195645463605));
#2613=CARTESIAN_POINT('',(0.0253329390942335,0.00123266982525297,-0.0432047875683789));
#2614=CARTESIAN_POINT('',(0.0267981688100327,0.00139797397170469,-0.0482794861511231));
#2615=CARTESIAN_POINT('',(0.0281181030380073,0.00157718094192845,-0.0533710102012903));
#2616=CARTESIAN_POINT('',(0.0293452308775507,0.00174863199917047,-0.0584530145044917));
#2617=CARTESIAN_POINT('',(0.0304099011862922,0.00193620397599189,-0.0635349457013772));
#2618=CARTESIAN_POINT('',(0.0315646205775036,0.00202532133819277,-0.0686201677227365));
#2619=CARTESIAN_POINT('',(0.0324332913579163,0.00220397505970194,-0.0737055581060264));
#2620=CARTESIAN_POINT('',(0.0331082464119753,0.00239925220450481,-0.0787809737304306));
#2621=CARTESIAN_POINT('',(0.03387566059958,0.00254541485136313,-0.0840151117300127));
#2622=CARTESIAN_POINT('',(0.0340535398375754,0.00281630832077818,-0.0888744502810935));
#2623=CARTESIAN_POINT('',(0.0344540828303443,0.00291941978812875,-0.0922962163910127));
#2624=CARTESIAN_POINT('',(0.0346535232841485,0.00297076158716676,-0.094));
#2625=CARTESIAN_POINT('',(0.011199991171358,0.00241586276450333,0.00303050856955004));
#2626=CARTESIAN_POINT('',(0.0116119520353259,0.00195863872511543,-0.00228064014756019));
#2627=CARTESIAN_POINT('',(0.0122490719599874,0.00134915420822215,-0.00933880488466731));
#2628=CARTESIAN_POINT('',(0.0162408749653188,0.000554562665555446,-0.0177625260060432));
#2629=CARTESIAN_POINT('',(0.0182569603198602,0.000376321824029923,-0.0228685347358334));
#2630=CARTESIAN_POINT('',(0.0200732170045256,0.000753937030830592,-0.0279383598640033));
#2631=CARTESIAN_POINT('',(0.0218635316416067,0.000997053468200187,-0.033033417669316));
#2632=CARTESIAN_POINT('',(0.0235556427907294,0.00118012713132557,-0.0381195645463605));
#2633=CARTESIAN_POINT('',(0.0250555798987678,0.00141596469069445,-0.0432047875683789));
#2634=CARTESIAN_POINT('',(0.0265129003303149,0.0015732555384556,-0.0482794861511231));
#2635=CARTESIAN_POINT('',(0.0278286988548283,0.00174472501964634,-0.0533710102012903));
#2636=CARTESIAN_POINT('',(0.0290594346001893,0.00190603289652234,-0.0584530145044917));
#2637=CARTESIAN_POINT('',(0.0301320464486643,0.00208355124002075,-0.0635349457013772));
#2638=CARTESIAN_POINT('',(0.0313054311581061,0.00215082873804276,-0.0686201677227365));
#2639=CARTESIAN_POINT('',(0.0321980877012003,0.00230789937113981,-0.0737055581060264));
#2640=CARTESIAN_POINT('',(0.0328960211652926,0.00249169307542955,-0.0787809737304306));
#2641=CARTESIAN_POINT('',(0.0337088182057709,0.00259381464342087,-0.0840151117300127));
#2642=CARTESIAN_POINT('',(0.0339141229796388,0.00287643407676675,-0.0888744502810935));
#2643=CARTESIAN_POINT('',(0.0343613458156081,0.00294360708137494,-0.0922962163910127));
#2644=CARTESIAN_POINT('',(0.0345840293401425,0.00297705421380345,-0.094));
#2645=CARTESIAN_POINT('',(0.011150323669309,0.00232881143280493,0.00303050856955003));
#2646=CARTESIAN_POINT('',(0.0115320618004474,0.00191725663117511,-0.0022806401475602));
#2647=CARTESIAN_POINT('',(0.0121289599448981,0.00136939460567217,-0.00933880488466732));
#2648=CARTESIAN_POINT('',(0.0160706770775098,0.00068190865958683,-0.0177625260060432));
#2649=CARTESIAN_POINT('',(0.0180620665863649,0.000530371380118682,-0.0228685347358334));
#2650=CARTESIAN_POINT('',(0.0198548523709892,0.000923249499351081,-0.0279383598640033));
#2651=CARTESIAN_POINT('',(0.0216254593101812,0.00116545887532752,-0.033033417669316));
#2652=CARTESIAN_POINT('',(0.0232993373575477,0.00134633223940316,-0.0381195645463605));
#2653=CARTESIAN_POINT('',(0.0247912256291418,0.0015689227845813,-0.0432047875683789));
#2654=CARTESIAN_POINT('',(0.0262422052560228,0.00171761596624895,-0.0482794861511232));
#2655=CARTESIAN_POINT('',(0.0275560662926105,0.00187878805674384,-0.0533710102012902));
#2656=CARTESIAN_POINT('',(0.0287900238404117,0.00203234197771623,-0.0584530145044918));
#2657=CARTESIAN_POINT('',(0.0298728341350947,0.00219673557092018,-0.0635349457013772));
#2658=CARTESIAN_POINT('',(0.0310502673217953,0.00227191252053669,-0.0686201677227365));
#2659=CARTESIAN_POINT('',(0.0319635954145405,0.00241310350769808,-0.0737055581060264));
#2660=CARTESIAN_POINT('',(0.0326871995620762,0.0025806393101019,-0.0787809737304307));
#2661=CARTESIAN_POINT('',(0.0335291250974189,0.00266653811991795,-0.0840151117300128));
#2662=CARTESIAN_POINT('',(0.0337905827943004,0.00291124700763346,-0.0888744502810935));
#2663=CARTESIAN_POINT('',(0.0342693216117396,0.00296714543213274,-0.0922962163910127));
#2664=CARTESIAN_POINT('',(0.034507697737967,0.00299497866689242,-0.094));
#2665=CARTESIAN_POINT('',(0.0111126249670969,0.0022719381762915,0.00303050856955003));
#2666=CARTESIAN_POINT('',(0.0114722957460003,0.00190498053406297,-0.0022806401475602));
#2667=CARTESIAN_POINT('',(0.0120400179295911,0.00141586393797826,-0.00933880488466733));
#2668=CARTESIAN_POINT('',(0.0159523241984088,0.000779701247335365,-0.0177625260060432));
#2669=CARTESIAN_POINT('',(0.0179274323821924,0.000641964615486788,-0.0228685347358334));
#2670=CARTESIAN_POINT('',(0.0197090545237691,0.00102515345623586,-0.0279383598640034));
#2671=CARTESIAN_POINT('',(0.0214672021041253,0.00126572317415439,-0.033033417669316));
#2672=CARTESIAN_POINT('',(0.023129868472498,0.00144351346643814,-0.0381195645463605));
#2673=CARTESIAN_POINT('',(0.0246165825005237,0.00165782119120132,-0.0432047875683789));
#2674=CARTESIAN_POINT('',(0.0260636152131988,0.00180117626322525,-0.0482794861511232));
#2675=CARTESIAN_POINT('',(0.0273763459571375,0.00195600160477839,-0.0533710102012902));
#2676=CARTESIAN_POINT('',(0.0286126073721185,0.00210476570170173,-0.0584530145044917));
#2677=CARTESIAN_POINT('',(0.0297023258685374,0.00226087636137253,-0.0635349457013772));
#2678=CARTESIAN_POINT('',(0.0308833426513777,0.00234041735899307,-0.0686201677227365));
#2679=CARTESIAN_POINT('',(0.0318078913719862,0.0024766026160039,-0.0737055581060264));
#2680=CARTESIAN_POINT('',(0.0325500543036465,0.00263153449619943,-0.0787809737304306));
#2681=CARTESIAN_POINT('',(0.0334042684069622,0.00271993929814828,-0.0840151117300128));
#2682=CARTESIAN_POINT('',(0.0337123165662069,0.00292480081586074,-0.0888744502810935));
#2683=CARTESIAN_POINT('',(0.0342071338389076,0.00298198712137127,-0.0922962163910127));
#2684=CARTESIAN_POINT('',(0.0344535158333482,0.00301046162455398,-0.094));
#2685=CARTESIAN_POINT('',(0.0110637587262337,0.00220714100116003,0.00303050856955003));
#2686=CARTESIAN_POINT('',(0.011396980784311,0.0019033286054817,-0.0022806401475602));
#2687=CARTESIAN_POINT('',(0.0119298985504073,0.00149631209399875,-0.00933880488466732));
#2688=CARTESIAN_POINT('',(0.0158130724632976,0.000892685549016855,-0.0177625260060432));
#2689=CARTESIAN_POINT('',(0.0177724358740689,0.000755612359988685,-0.0228685347358334));
#2690=CARTESIAN_POINT('',(0.0195410281224371,0.00112950793492908,-0.0279383598640033));
#2691=CARTESIAN_POINT('',(0.0212849001993395,0.00136867924695898,-0.033033417669316));
#2692=CARTESIAN_POINT('',(0.0229352712832146,0.00154234559247502,-0.0381195645463605));
#2693=CARTESIAN_POINT('',(0.0244162778657682,0.0017473150342034,-0.0432047875683789));
#2694=CARTESIAN_POINT('',(0.0258592737211785,0.00188433231057562,-0.0482794861511232));
#2695=CARTESIAN_POINT('',(0.027171054274926,0.00203196625193057,-0.0533710102012903));
#2696=CARTESIAN_POINT('',(0.0284102117684087,0.00217547169015378,-0.0584530145044917));
#2697=CARTESIAN_POINT('',(0.0295078530441816,0.00232290782275572,-0.0635349457013772));
#2698=CARTESIAN_POINT('',(0.030693550534535,0.00240722603281478,-0.0686201677227365));
#2699=CARTESIAN_POINT('',(0.031631646483499,0.00253737315400937,-0.0737055581060264));
#2700=CARTESIAN_POINT('',(0.0323947200969293,0.00267965845026933,-0.0787809737304307));
#2701=CARTESIAN_POINT('',(0.0332637788809928,0.00277087362092219,-0.0840151117300128));
#2702=CARTESIAN_POINT('',(0.0336229889858165,0.00293578887902758,-0.0888744502810935));
#2703=CARTESIAN_POINT('',(0.0341354372860564,0.00299673280912009,-0.0922962163910127));
#2704=CARTESIAN_POINT('',(0.0343905982135877,0.00302707832831203,-0.094));
#2705=CARTESIAN_POINT('',(0.0108949610511195,0.00200735218815359,0.00303050856955003));
#2706=CARTESIAN_POINT('',(0.011143885556138,0.00193215179604835,-0.0022806401475602));
#2707=CARTESIAN_POINT('',(0.0115665147478149,0.00181872739319392,-0.00933880488466733));
#2708=CARTESIAN_POINT('',(0.0153806817311626,0.00119719036035782,-0.0177625260060432));
#2709=CARTESIAN_POINT('',(0.0172877312348466,0.00107756365001339,-0.0228685347358334));
#2710=CARTESIAN_POINT('',(0.0190167967206026,0.00141866112474884,-0.0279383598640033));
#2711=CARTESIAN_POINT('',(0.0207171397491808,0.00165282259207158,-0.033033417669316));
#2712=CARTESIAN_POINT('',(0.0223311083259672,0.00181165809280052,-0.0381195645463605));
#2713=CARTESIAN_POINT('',(0.0237949469297199,0.00198854654463972,-0.0432047875683789));
#2714=CARTESIAN_POINT('',(0.0252266807903987,0.00210567508419809,-0.0482794861511232));
#2715=CARTESIAN_POINT('',(0.0265363739578397,0.00223155769926582,-0.0533710102012903));
#2716=CARTESIAN_POINT('',(0.027785215399684,0.00235948401986334,-0.0584530145044917));
#2717=CARTESIAN_POINT('',(0.0289075018255874,0.00248222635221403,-0.0635349457013772));
#2718=CARTESIAN_POINT('',(0.0301098660520905,0.00257976954944011,-0.0686201677227365));
#2719=CARTESIAN_POINT('',(0.0310901705587226,0.00269371958808495,-0.0737055581060264));
#2720=CARTESIAN_POINT('',(0.031917222132782,0.00280155052467846,-0.0787809737304307));
#2721=CARTESIAN_POINT('',(0.0328339780799035,0.00290219957492014,-0.0840151117300128));
#2722=CARTESIAN_POINT('',(0.0333463472559035,0.00295779428077993,-0.0888744502810935));
#2723=CARTESIAN_POINT('',(0.0339148475877886,0.00303120526033295,-0.0922962163910127));
#2724=CARTESIAN_POINT('',(0.0341979182349499,0.00306775843774609,-0.094));
#2725=CARTESIAN_POINT('',(0.010643064697686,0.00178543843555979,0.00303050856955003));
#2726=CARTESIAN_POINT('',(0.0108455023569531,0.00188389259631155,-0.0022806401475602));
#2727=CARTESIAN_POINT('',(0.0112059774783664,0.0019932397388508,-0.00933880488466733));
#2728=CARTESIAN_POINT('',(0.0149324078876613,0.00134908092310616,-0.0177625260060432));
#2729=CARTESIAN_POINT('',(0.0167893716707782,0.00123360278458921,-0.0228685347358334));
#2730=CARTESIAN_POINT('',(0.0184771860923218,0.00155064143255953,-0.0279383598640033));
#2731=CARTESIAN_POINT('',(0.0201385188348095,0.00177152192897056,-0.033033417669316));
#2732=CARTESIAN_POINT('',(0.0217237379779546,0.00190792217403729,-0.0381195645463605));
#2733=CARTESIAN_POINT('',(0.0231721996821963,0.00206247835748682,-0.0432047875683789));
#2734=CARTESIAN_POINT('',(0.0245983736244933,0.00215884690493232,-0.0482794861511231));
#2735=CARTESIAN_POINT('',(0.025909730366714,0.00226594096222235,-0.0533710102012903));
#2736=CARTESIAN_POINT('',(0.0271715872996042,0.00238144948051802,-0.0584530145044917));
#2737=CARTESIAN_POINT('',(0.0283185136916646,0.00249035767946615,-0.0635349457013772));
#2738=CARTESIAN_POINT('',(0.0295496478255374,0.00258953970423093,-0.0686201677227365));
#2739=CARTESIAN_POINT('',(0.030573421984492,0.00269851291422963,-0.0737055581060263));
#2740=CARTESIAN_POINT('',(0.0314598314379464,0.00279509967724361,-0.0787809737304307));
#2741=CARTESIAN_POINT('',(0.032434153245834,0.00290489423892254,-0.0840151117300127));
#2742=CARTESIAN_POINT('',(0.0330696838823228,0.00292646771876691,-0.0888744502810935));
#2743=CARTESIAN_POINT('',(0.0337018231963537,0.00301413046166644,-0.0922962163910127));
#2744=CARTESIAN_POINT('',(0.0340165812970667,0.00305777995133733,-0.094));
#2745=CARTESIAN_POINT('',(0.0103162133875724,0.0015694921574448,0.00303050856955003));
#2746=CARTESIAN_POINT('',(0.0105047655820407,0.00181891070762611,-0.0022806401475602));
#2747=CARTESIAN_POINT('',(0.0108444938182069,0.00212313627675799,-0.00933880488466732));
#2748=CARTESIAN_POINT('',(0.0144634769052375,0.00150454800938822,-0.0177625260060432));
#2749=CARTESIAN_POINT('',(0.016266768020426,0.00140604215549115,-0.0228685347358334));
#2750=CARTESIAN_POINT('',(0.0179011668945212,0.00173735862336862,-0.0279383598640033));
#2751=CARTESIAN_POINT('',(0.0195165529855357,0.00195503609163424,-0.033033417669316));
#2752=CARTESIAN_POINT('',(0.021067386581596,0.00207274986943763,-0.0381195645463606));
#2753=CARTESIAN_POINT('',(0.0224913909161276,0.00222022848548447,-0.0432047875683789));
#2754=CARTESIAN_POINT('',(0.0239083373658609,0.00229531161518837,-0.0482794861511232));
#2755=CARTESIAN_POINT('',(0.025217793976479,0.00238489179898808,-0.0533710102012903));
#2756=CARTESIAN_POINT('',(0.0264931191665773,0.00248355677546132,-0.0584530145044917));
#2757=CARTESIAN_POINT('',(0.0276634357416551,0.00257896778987448,-0.0635349457013772));
#2758=CARTESIAN_POINT('',(0.0289405276263594,0.00264566594160447,-0.0686201677227365));
#2759=CARTESIAN_POINT('',(0.0300143965590949,0.00273961172252018,-0.0737055581060264));
#2760=CARTESIAN_POINT('',(0.0309611605077075,0.00282564088448561,-0.0787809737304307));
#2761=CARTESIAN_POINT('',(0.0320152225045351,0.00290981266276393,-0.0840151117300127));
#2762=CARTESIAN_POINT('',(0.0327511185806261,0.00294221049152089,-0.0888744502810935));
#2763=CARTESIAN_POINT('',(0.033468115309165,0.00301387373755141,-0.0922962163910127));
#2764=CARTESIAN_POINT('',(0.0338251260558204,0.00304955667438327,-0.094));
#2765=CARTESIAN_POINT('',(0.00994448476958642,0.00134649191796025,0.00303050856955003));
#2766=CARTESIAN_POINT('',(0.0101298000935911,0.0017499120796862,-0.0022806401475602));
#2767=CARTESIAN_POINT('',(0.010462090953081,0.00225374108527552,-0.00933880488466732));
#2768=CARTESIAN_POINT('',(0.013959170290638,0.00169118780722153,-0.0177625260060432));
#2769=CARTESIAN_POINT('',(0.0157037470545965,0.00161766689862835,-0.0228685347358334));
#2770=CARTESIAN_POINT('',(0.0172794063611008,0.00196763487412639,-0.0279383598640033));
#2771=CARTESIAN_POINT('',(0.0188444741813139,0.00218254757223899,-0.033033417669316));
#2772=CARTESIAN_POINT('',(0.0203565846180724,0.00228185484791377,-0.0381195645463605));
#2773=CARTESIAN_POINT('',(0.0217541741702777,0.00241962291948519,-0.0432047875683789));
#2774=CARTESIAN_POINT('',(0.0231602206345231,0.00247169305137543,-0.0482794861511231));
#2775=CARTESIAN_POINT('',(0.0244671287467195,0.00254149112876146,-0.0533710102012903));
#2776=CARTESIAN_POINT('',(0.0257564646311137,0.0026213967031806,-0.0584530145044917));
#2777=CARTESIAN_POINT('',(0.0269522878523377,0.00270000417658872,-0.0635349457013772));
#2778=CARTESIAN_POINT('',(0.0282759639107957,0.00273566639661748,-0.0686201677227365));
#2779=CARTESIAN_POINT('',(0.0294044127887833,0.00281030063192056,-0.0737055581060264));
#2780=CARTESIAN_POINT('',(0.0304171589669258,0.00288117568723534,-0.0787809737304307));
#2781=CARTESIAN_POINT('',(0.03155692217997,0.00293577398891282,-0.0840151117300127));
#2782=CARTESIAN_POINT('',(0.0324068628681746,0.00296661098761926,-0.0888744502810935));
#2783=CARTESIAN_POINT('',(0.0332144940211105,0.00302061441386124,-0.0922962163910127));
#2784=CARTESIAN_POINT('',(0.0336166339325705,0.00304750408121563,-0.094));
#2785=CARTESIAN_POINT('',(0.00947274949155562,0.00113502249233771,0.00303050856955003));
#2786=CARTESIAN_POINT('',(0.0096821440454594,0.00171679839025717,-0.00228064014756027));
#2787=CARTESIAN_POINT('',(0.0100417547488584,0.00245188700405047,-0.00933880488466746));
#2788=CARTESIAN_POINT('',(0.0134027572515251,0.00195759958041309,-0.017762526006043));
#2789=CARTESIAN_POINT('',(0.0150826739529821,0.00191644947093879,-0.0228685347358336));
#2790=CARTESIAN_POINT('',(0.0165936735105599,0.00228336087278583,-0.027938359864003));
#2791=CARTESIAN_POINT('',(0.0181011565046652,0.00249898435171973,-0.0330334176693163));
#2792=CARTESIAN_POINT('',(0.0195671660968678,0.00258130316946939,-0.0381195645463606));
#2793=CARTESIAN_POINT('',(0.0209348868537441,0.00270572747522338,-0.0432047875683787));
#2794=CARTESIAN_POINT('',(0.0223266016239613,0.00273268551695051,-0.0482794861511233));
#2795=CARTESIAN_POINT('',(0.0236292826460529,0.00277927392466642,-0.053371010201291));
#2796=CARTESIAN_POINT('',(0.0249329087988009,0.00283707368307348,-0.0584530145044908));
#2797=CARTESIAN_POINT('',(0.0261572781218078,0.00289237251503742,-0.0635349457013774));
#2798=CARTESIAN_POINT('',(0.0275274567107201,0.00289912160080373,-0.0686201677227365));
#2799=CARTESIAN_POINT('',(0.0287161776257467,0.00294762418874445,-0.0737055581060264));
#2800=CARTESIAN_POINT('',(0.0298045198466614,0.00299169471464685,-0.0787809737304306));
#2801=CARTESIAN_POINT('',(0.0310350779615992,0.00301457611755745,-0.0840151117300127));
#2802=CARTESIAN_POINT('',(0.0320260010798698,0.00300980447832676,-0.0888744502810924));
#2803=CARTESIAN_POINT('',(0.0329308155771034,0.00304454372082535,-0.0922962163910123));
#2804=CARTESIAN_POINT('',(0.0333813455256851,0.00306184126544307,-0.094));
#2805=CARTESIAN_POINT('',(0.00862044030377054,0.000852897162810321,0.00303050856955003));
#2806=CARTESIAN_POINT('',(0.00891574149570184,0.00169662774112211,-0.00228064014756021));
#2807=CARTESIAN_POINT('',(0.00937998559544932,0.00277100090860739,-0.00933880488466735));
#2808=CARTESIAN_POINT('',(0.0125223326370312,0.0023631574399583,-0.0177625260060432));
#2809=CARTESIAN_POINT('',(0.0141032774820305,0.00236549202681306,-0.0228685347358334));
#2810=CARTESIAN_POINT('',(0.015517680867406,0.00273879960692281,-0.0279383598640033));
#2811=CARTESIAN_POINT('',(0.0169377321729034,0.00295026568710818,-0.033033417669316));
#2812=CARTESIAN_POINT('',(0.0183339865505833,0.00300352905988907,-0.0381195645463605));
#2813=CARTESIAN_POINT('',(0.0196592598052799,0.00309915739748857,-0.0432047875683789));
#2814=CARTESIAN_POINT('',(0.0210306082978759,0.00308665704163623,-0.0482794861511232));
#2815=CARTESIAN_POINT('',(0.0223288392995079,0.00309598127375896,-0.0533710102012903));
#2816=CARTESIAN_POINT('',(0.0236553334066646,0.00312121783871255,-0.0584530145044917));
#2817=CARTESIAN_POINT('',(0.0249261321397851,0.0031396689120439,-0.0635349457013772));
#2818=CARTESIAN_POINT('',(0.0263620768117009,0.00311804799389782,-0.0686201677227365));
#2819=CARTESIAN_POINT('',(0.0276433710422487,0.00313134245437114,-0.0737055581060264));
#2820=CARTESIAN_POINT('',(0.0288518609047236,0.0031332582850261,-0.0787809737304307));
#2821=CARTESIAN_POINT('',(0.030215909319706,0.00312468825883515,-0.0840151117300127));
#2822=CARTESIAN_POINT('',(0.0314420270163004,0.00304410321172315,-0.0888744502810935));
#2823=CARTESIAN_POINT('',(0.0324917690266696,0.00306348124083355,-0.0922962163910126));
#2824=CARTESIAN_POINT('',(0.0330144620376699,0.0030731300500485,-0.094));
#2825=CARTESIAN_POINT('',(0.00803087502427777,0.000712394465617706,0.00303050856955004));
#2826=CARTESIAN_POINT('',(0.00841058138105262,0.00169170665815262,-0.00228064014756015));
#2827=CARTESIAN_POINT('',(0.00897963704984935,0.00294191412331117,-0.00933880488466722));
#2828=CARTESIAN_POINT('',(0.0119818847383697,0.00258732272742261,-0.0177625260060432));
#2829=CARTESIAN_POINT('',(0.0135038928196215,0.00261334197094468,-0.0228685347358336));
#2830=CARTESIAN_POINT('',(0.0148592229306059,0.0029919838223222,-0.0279383598640031));
#2831=CARTESIAN_POINT('',(0.0162268447672107,0.00319975633704693,-0.0330334176693161));
#2832=CARTESIAN_POINT('',(0.0175818776702606,0.00323409448020196,-0.0381195645463604));
#2833=CARTESIAN_POINT('',(0.018881566283137,0.00331331834704524,-0.0432047875683791));
#2834=CARTESIAN_POINT('',(0.0202414098356061,0.00327663548922955,-0.048279486151123));
#2835=CARTESIAN_POINT('',(0.0215375041511251,0.00326376251557527,-0.0533710102012903));
#2836=CARTESIAN_POINT('',(0.0228784394449081,0.00326961849729584,-0.0584530145044918));
#2837=CARTESIAN_POINT('',(0.0241774492307847,0.00326739182808676,-0.0635349457013768));
#2838=CARTESIAN_POINT('',(0.0256554888477429,0.00322612706643569,-0.0686201677227367));
#2839=CARTESIAN_POINT('',(0.0269933053778983,0.00321969032727596,-0.0737055581060263));
#2840=CARTESIAN_POINT('',(0.0282741732335431,0.00319961256521036,-0.0787809737304308));
#2841=CARTESIAN_POINT('',(0.0297211095663909,0.00317147951729062,-0.0840151117300128));
#2842=CARTESIAN_POINT('',(0.0310852289189134,0.0030575455542029,-0.0888744502810934));
#2843=CARTESIAN_POINT('',(0.0322246214470401,0.00306721601482095,-0.0922962163910128));
#2844=CARTESIAN_POINT('',(0.032791953710925,0.00307203118095537,-0.094));
#2845=CARTESIAN_POINT('',(0.00681124777374863,0.000506127407492705,0.00303050856955002));
#2846=CARTESIAN_POINT('',(0.00739158557052273,0.00171306677638198,-0.0022806401475603));
#2847=CARTESIAN_POINT('',(0.00821123651860175,0.00325918316896998,-0.00933880488466751));
#2848=CARTESIAN_POINT('',(0.010934750049011,0.00302012825434501,-0.0177625260060431));
#2849=CARTESIAN_POINT('',(0.0123438096260864,0.00309250720368645,-0.0228685347358332));
#2850=CARTESIAN_POINT('',(0.0135834211151349,0.00348739477333104,-0.0279383598640036));
#2851=CARTESIAN_POINT('',(0.0148491783388488,0.0036893247953054,-0.0330334176693159));
#2852=CARTESIAN_POINT('',(0.0161240572572043,0.00368753536115808,-0.0381195645463607));
#2853=CARTESIAN_POINT('',(0.0173731928146206,0.00373748787290743,-0.0432047875683787));
#2854=CARTESIAN_POINT('',(0.0187104029783856,0.0036540348721481,-0.0482794861511233));
#2855=CARTESIAN_POINT('',(0.0200019089574333,0.00359854882816685,-0.0533710102012902));
#2856=CARTESIAN_POINT('',(0.02137077798325,0.00356640433643868,-0.0584530145044917));
#2857=CARTESIAN_POINT('',(0.0227239380601354,0.00352451997846624,-0.0635349457013779));
#2858=CARTESIAN_POINT('',(0.0242857290100825,0.00344003162426419,-0.0686201677227362));
#2859=CARTESIAN_POINT('',(0.0257334305871263,0.00339414859484584,-0.0737055581060265));
#2860=CARTESIAN_POINT('',(0.0271538822524067,0.0033320728156123,-0.0787809737304306));
#2861=CARTESIAN_POINT('',(0.0287636611603737,0.00326119484734143,-0.0840151117300127));
#2862=CARTESIAN_POINT('',(0.030390900692067,0.00308968297192071,-0.0888744502810936));
#2863=CARTESIAN_POINT('',(0.0317057319377912,0.00307669821577592,-0.0922962163910124));
#2864=CARTESIAN_POINT('',(0.0323604195619848,0.00307023277834521,-0.094));
#2865=CARTESIAN_POINT('',(0.00596983684909845,0.000441357230866504,0.00303050856955004));
#2866=CARTESIAN_POINT('',(0.00671077450861205,0.00176067389236968,-0.00228064014756019));
#2867=CARTESIAN_POINT('',(0.0077321354163339,0.003453580746272,-0.0093388048846673));
#2868=CARTESIAN_POINT('',(0.0102740665469516,0.00329774849238862,-0.0177625260060432));
#2869=CARTESIAN_POINT('',(0.0116129676345303,0.00340002109558249,-0.0228685347358334));
#2870=CARTESIAN_POINT('',(0.0127797080349734,0.00380647949671603,-0.0279383598640033));
#2871=CARTESIAN_POINT('',(0.0139811984046015,0.00400534931658004,-0.033033417669316));
#2872=CARTESIAN_POINT('',(0.0152051222469474,0.00398152836810596,-0.0381195645463605));
#2873=CARTESIAN_POINT('',(0.0164224871531494,0.00401298807969491,-0.0432047875683789));
#2874=CARTESIAN_POINT('',(0.0177451332681164,0.00390019092016744,-0.0482794861511231));
#2875=CARTESIAN_POINT('',(0.0190335927235135,0.00381775061469636,-0.0533710102012903));
#2876=CARTESIAN_POINT('',(0.020419901239568,0.00376146214870332,-0.0584530145044917));
#2877=CARTESIAN_POINT('',(0.021807302051634,0.00369396164719066,-0.0635349457013772));
#2878=CARTESIAN_POINT('',(0.0234209223592175,0.00358253097276916,-0.0686201677227365));
#2879=CARTESIAN_POINT('',(0.0249379378712678,0.00351081080751608,-0.0737055581060263));
#2880=CARTESIAN_POINT('',(0.0264467573482228,0.00342114368154563,-0.0787809737304307));
#2881=CARTESIAN_POINT('',(0.0281586340253099,0.00332224014576247,-0.0840151117300128));
#2882=CARTESIAN_POINT('',(0.0299541161102465,0.00311199990116942,-0.0888744502810934));
#2883=CARTESIAN_POINT('',(0.0313789996899164,0.00308390350831823,-0.0922962163910127));
#2884=CARTESIAN_POINT('',(0.0320884851456053,0.00306991360600646,-0.094));
#2885=CARTESIAN_POINT('',(0.00464374145930332,0.000458248695788576,0.00303050856955003));
#2886=CARTESIAN_POINT('',(0.00565568005944779,0.00189411794409622,-0.0022806401475602));
#2887=CARTESIAN_POINT('',(0.00701817601257869,0.00374047213921469,-0.00933880488466733));
#2888=CARTESIAN_POINT('',(0.00928213875042844,0.00371575132784034,-0.0177625260060432));
#2889=CARTESIAN_POINT('',(0.0105166032431752,0.00386019184099713,-0.0228685347358334));
#2890=CARTESIAN_POINT('',(0.011573863913256,0.004282555366308,-0.0279383598640033));
#2891=CARTESIAN_POINT('',(0.0126790079586618,0.00447615446711147,-0.033033417669316));
#2892=CARTESIAN_POINT('',(0.0138266427298435,0.00441886603728261,-0.0381195645463605));
#2893=CARTESIAN_POINT('',(0.0149964253463715,0.004422046156513,-0.0432047875683789));
#2894=CARTESIAN_POINT('',(0.0162973691948658,0.00426511502890527,-0.0482794861511231));
#2895=CARTESIAN_POINT('',(0.0175813837655703,0.00414220584941224,-0.0533710102012903));
#2896=CARTESIAN_POINT('',(0.0189939174206262,0.00404982680667075,-0.0584530145044917));
#2897=CARTESIAN_POINT('',(0.0204327265447952,0.00394406704428833,-0.0635349457013772));
#2898=CARTESIAN_POINT('',(0.022124132537211,0.00379311453460063,-0.0686201677227365));
#2899=CARTESIAN_POINT('',(0.0237450189904946,0.00368332904057774,-0.0737055581060263));
#2900=CARTESIAN_POINT('',(0.0253864118343221,0.00355248429171647,-0.0787809737304307));
#2901=CARTESIAN_POINT('',(0.0272512220544146,0.00341321828865956,-0.0840151117300128));
#2902=CARTESIAN_POINT('',(0.0292988952067496,0.00314368861317973,-0.0888744502810934));
#2903=CARTESIAN_POINT('',(0.030888817341708,0.00309424970112002,-0.0922962163910126));
#2904=CARTESIAN_POINT('',(0.0316804796547035,0.00306963282044856,-0.094));
#2905=CARTESIAN_POINT('',(0.00350206955470276,0.00053204142295384,0.00303050856955004));
#2906=CARTESIAN_POINT('',(0.00473936235911007,0.00204327005149077,-0.00228064014756019));
#2907=CARTESIAN_POINT('',(0.00638520768800461,0.00398978976075059,-0.0093388048846673));
#2908=CARTESIAN_POINT('',(0.00840589340292981,0.00408525854282121,-0.0177625260060432));
#2909=CARTESIAN_POINT('',(0.00954761706982162,0.00426591472803658,-0.0228685347358335));
#2910=CARTESIAN_POINT('',(0.010508018382367,0.00470212808873523,-0.0279383598640033));
#2911=CARTESIAN_POINT('',(0.0115280241446161,0.00489087477060786,-0.0330334176693161));
#2912=CARTESIAN_POINT('',(0.0126083272959195,0.0048039480256881,-0.0381195645463605));
#2913=CARTESIAN_POINT('',(0.0137360088666621,0.00478197608065235,-0.043204787568379));
#2914=CARTESIAN_POINT('',(0.0150178347268619,0.00458602558029107,-0.0482794861511231));
#2915=CARTESIAN_POINT('',(0.0162979498187726,0.00442733858343828,-0.0533710102012901));
#2916=CARTESIAN_POINT('',(0.017733694241812,0.00430310269373273,-0.0584530145044918));
#2917=CARTESIAN_POINT('',(0.0192179128822165,0.00416354585677159,-0.063534945701377));
#2918=CARTESIAN_POINT('',(0.0209782726822827,0.00397799525727347,-0.0686201677227367));
#2919=CARTESIAN_POINT('',(0.0226909587788669,0.00383475636490304,-0.0737055581060264));
#2920=CARTESIAN_POINT('',(0.0244494211768733,0.00366749276282919,-0.0787809737304308));
#2921=CARTESIAN_POINT('',(0.026449559366154,0.00349330207861099,-0.0840151117300126));
#2922=CARTESIAN_POINT('',(0.0287195345784354,0.00316995362787346,-0.0888744502810933));
#2923=CARTESIAN_POINT('',(0.0304554776200227,0.00310222031490659,-0.0922962163910127));
#2924=CARTESIAN_POINT('',(0.0313198474236216,0.0030684941908209,-0.094));
#2925=CARTESIAN_POINT('',(0.00216947439007393,0.000788501478417372,0.00303050856955004));
#2926=CARTESIAN_POINT('',(0.00362799906160968,0.00231382107710151,-0.00228064014756019));
#2927=CARTESIAN_POINT('',(0.00555031546568156,0.00428309711355301,-0.0093388048846673));
#2928=CARTESIAN_POINT('',(0.00726905348647772,0.00455099659856889,-0.0177625260060432));
#2929=CARTESIAN_POINT('',(0.00828907658175923,0.00477639247814428,-0.0228685347358334));
#2930=CARTESIAN_POINT('',(0.00912497196390778,0.00523146611789482,-0.0279383598640033));
#2931=CARTESIAN_POINT('',(0.0100352926917588,0.0054141013698462,-0.033033417669316));
#2932=CARTESIAN_POINT('',(0.0110291558347312,0.00528897239292985,-0.0381195645463606));
#2933=CARTESIAN_POINT('',(0.0121027580343518,0.00523475479509721,-0.043204787568379));
#2934=CARTESIAN_POINT('',(0.01336032810377,0.00498847950136805,-0.0482794861511232));
#2935=CARTESIAN_POINT('',(0.0146357474811433,0.0047835974586808,-0.0533710102012902));
#2936=CARTESIAN_POINT('',(0.016101811584483,0.00461835233320479,-0.0584530145044916));
#2937=CARTESIAN_POINT('',(0.0176449877165131,0.00443530402478485,-0.0635349457013774));
#2938=CARTESIAN_POINT('',(0.0194949422810587,0.00420496238293582,-0.0686201677227365));
#2939=CARTESIAN_POINT('',(0.021326611486934,0.00401878120051877,-0.0737055581060264));
#2940=CARTESIAN_POINT('',(0.0232366798485373,0.00380506945310157,-0.0787809737304306));
#2941=CARTESIAN_POINT('',(0.0254121743478825,0.00358537686974272,-0.0840151117300128));
#2942=CARTESIAN_POINT('',(0.0279701726341039,0.00319692090539491,-0.0888744502810937));
#2943=CARTESIAN_POINT('',(0.0298952090701218,0.00310551268753205,-0.0922962163910127));
#2944=CARTESIAN_POINT('',(0.0308537332418597,0.00305999823145336,-0.094));
#2945=CARTESIAN_POINT('',(0.00135997108852037,0.00105113377080145,0.00303050856955003));
#2946=CARTESIAN_POINT('',(0.00291382866741113,0.0025478149266087,-0.0022806401475602));
#2947=CARTESIAN_POINT('',(0.00495338061696276,0.00448370813057837,-0.00933880488466734));
#2948=CARTESIAN_POINT('',(0.00647121624686106,0.00488030078453956,-0.0177625260060431));
#2949=CARTESIAN_POINT('',(0.00740384615330733,0.0051360242895605,-0.0228685347358334));
#2950=CARTESIAN_POINT('',(0.0081528443723989,0.00560494323240228,-0.0279383598640033));
#2951=CARTESIAN_POINT('',(0.00898580745084921,0.00578306727668715,-0.0330334176693161));
#2952=CARTESIAN_POINT('',(0.00991885949997175,0.00563109660311661,-0.0381195645463605));
#2953=CARTESIAN_POINT('',(0.0109544275855006,0.00555416634275783,-0.0432047875683789));
#2954=CARTESIAN_POINT('',(0.0121949003758899,0.00527248239654923,-0.0482794861511232));
#2955=CARTESIAN_POINT('',(0.0134670062464733,0.00503514667003036,-0.0533710102012902));
#2956=CARTESIAN_POINT('',(0.0149543603680577,0.00484102116623765,-0.0584530145044918));
#2957=CARTESIAN_POINT('',(0.016539003477223,0.00462736747330369,-0.0635349457013771));
#2958=CARTESIAN_POINT('',(0.0184518294036835,0.00436547834251488,-0.0686201677227366));
#2959=CARTESIAN_POINT('',(0.0203671437667828,0.00414901755850972,-0.0737055581060264));
#2960=CARTESIAN_POINT('',(0.0223838619580433,0.00390247781557996,-0.0787809737304307));
#2961=CARTESIAN_POINT('',(0.0246826670329863,0.00365184581741004,-0.0840151117300128));
#2962=CARTESIAN_POINT('',(0.0274430069559002,0.00321288713164617,-0.0888744502810934));
#2963=CARTESIAN_POINT('',(0.0295011424351607,0.00310519236989142,-0.0922962163910126));
#2964=CARTESIAN_POINT('',(0.0305259399759611,0.00305156843302454,-0.094));
#2965=CARTESIAN_POINT('',(0.000853241738038783,0.00124562428501977,0.00303050856955003));
#2966=CARTESIAN_POINT('',(0.00245328487806786,0.00271331361074979,-0.0022806401475602));
#2967=CARTESIAN_POINT('',(0.00454871109467541,0.00461428659753025,-0.00933880488466732));
#2968=CARTESIAN_POINT('',(0.00593486894275822,0.0050992510298707,-0.0177625260060432));
#2969=CARTESIAN_POINT('',(0.00680836120614989,0.00537516477229903,-0.0228685347358334));
#2970=CARTESIAN_POINT('',(0.00749898670052352,0.00585295873194358,-0.0279383598640033));
#2971=CARTESIAN_POINT('',(0.00828011147291964,0.00602815054112861,-0.033033417669316));
#2972=CARTESIAN_POINT('',(0.00917247908451937,0.00585823278025275,-0.0381195645463605));
#2973=CARTESIAN_POINT('',(0.0101825345548538,0.00576590593537731,-0.0432047875683789));
#2974=CARTESIAN_POINT('',(0.0114116332269727,0.00546047958973396,-0.0482794861511231));
#2975=CARTESIAN_POINT('',(0.0126815851527221,0.00520133111382193,-0.0533710102012903));
#2976=CARTESIAN_POINT('',(0.0141833023776602,0.00498786044842568,-0.0584530145044917));
#2977=CARTESIAN_POINT('',(0.0157958292254909,0.00475359007883738,-0.0635349457013773));
#2978=CARTESIAN_POINT('',(0.0177510273923669,0.00447101222808411,-0.0686201677227365));
#2979=CARTESIAN_POINT('',(0.0197225595678102,0.00423430325160973,-0.0737055581060265));
#2980=CARTESIAN_POINT('',(0.0218109232109187,0.00396575522208141,-0.0787809737304306));
#2981=CARTESIAN_POINT('',(0.024192573699638,0.0036939222157953,-0.084015111730013));
#2982=CARTESIAN_POINT('',(0.0270890550523619,0.00322400020880129,-0.0888744502810934));
#2983=CARTESIAN_POINT('',(0.0292365346937866,0.00310553707755173,-0.0922962163910126));
#2984=CARTESIAN_POINT('',(0.0303058189452984,0.00304655129804237,-0.094));
#2985=CARTESIAN_POINT('',(0.000400455136008109,0.00144977613268812,0.00303050856955003));
#2986=CARTESIAN_POINT('',(0.00202780091481329,0.00288016601273724,-0.00228064014756021));
#2987=CARTESIAN_POINT('',(0.00415502781378411,0.00473550356656459,-0.00933880488466735));
#2988=CARTESIAN_POINT('',(0.00541756241910461,0.00530776785445256,-0.0177625260060431));
#2989=CARTESIAN_POINT('',(0.00623345454640606,0.005602435058501,-0.0228685347358335));
#2990=CARTESIAN_POINT('',(0.00686886281337373,0.00609090946589846,-0.0279383598640033));
#2991=CARTESIAN_POINT('',(0.00759990031940015,0.00626288550490036,-0.0330334176693161));
#2992=CARTESIAN_POINT('',(0.00845303940754939,0.00607528161615612,-0.0381195645463604));
#2993=CARTESIAN_POINT('',(0.00943881681278596,0.00596900115514364,-0.0432047875683791));
#2994=CARTESIAN_POINT('',(0.0106569545423552,0.00564058489158721,-0.048279486151123));
#2995=CARTESIAN_POINT('',(0.0119249000807463,0.00536060979733154,-0.0533710102012903));
#2996=CARTESIAN_POINT('',(0.0134404665492226,0.00512847339023469,-0.0584530145044917));
#2997=CARTESIAN_POINT('',(0.0150799782194828,0.00487503355471262,-0.0635349457013775));
#2998=CARTESIAN_POINT('',(0.0170756227872385,0.00457021787936214,-0.0686201677227364));
#2999=CARTESIAN_POINT('',(0.0191013786949779,0.00431402030546558,-0.0737055581060262));
#3000=CARTESIAN_POINT('',(0.0212589501078644,0.00402589545455579,-0.0787809737304308));
#3001=CARTESIAN_POINT('',(0.0237201878003154,0.00373055879081685,-0.0840151117300126));
#3002=CARTESIAN_POINT('',(0.0267486713785793,0.00324160087825288,-0.0888744502810939));
#3003=CARTESIAN_POINT('',(0.0289818925637451,0.00311161757263017,-0.0922962163910127));
#3004=CARTESIAN_POINT('',(0.0300938696914332,0.00304689560787637,-0.094));
#3005=CARTESIAN_POINT('',(-0.000118206730890295,0.00176359910247587,0.00303050856955003));
#3006=CARTESIAN_POINT('',(0.00150605991277271,0.00313913725659417,-0.00228064014756022));
#3007=CARTESIAN_POINT('',(0.00362504720738929,0.00492704206540776,-0.00933880488466734));
#3008=CARTESIAN_POINT('',(0.00472824926647766,0.00561568567789798,-0.0177625260060432));
#3009=CARTESIAN_POINT('',(0.00546432429764964,0.00593496622187883,-0.0228685347358335));
#3010=CARTESIAN_POINT('',(0.00602489798483161,0.00643845875545265,-0.0279383598640032));
#3011=CARTESIAN_POINT('',(0.00668699335676079,0.00660575655267127,-0.033033417669316));
#3012=CARTESIAN_POINT('',(0.00748584857584854,0.00639403339059873,-0.0381195645463607));
#3013=CARTESIAN_POINT('',(0.00843802306833116,0.00626895004204936,-0.0432047875683785));
#3014=CARTESIAN_POINT('',(0.00964040368810873,0.00590921603091365,-0.0482794861511233));
#3015=CARTESIAN_POINT('',(0.0109049077424064,0.00560090316991033,-0.0533710102012901));
#3016=CARTESIAN_POINT('',(0.0124386656180666,0.00534315957765305,-0.0584530145044917));
#3017=CARTESIAN_POINT('',(0.0141142333274784,0.00506351845615857,-0.0635349457013766));
#3018=CARTESIAN_POINT('',(0.0161639773411503,0.00472736756021557,-0.0686201677227369));
#3019=CARTESIAN_POINT('',(0.0182627190142966,0.00444396072262096,-0.0737055581060268));
#3020=CARTESIAN_POINT('',(0.0205135663229171,0.00412868631444159,-0.0787809737304305));
#3021=CARTESIAN_POINT('',(0.0230821021020053,0.0038004646490108,-0.084015111730013));
#3022=CARTESIAN_POINT('',(0.0262880806217481,0.00328195891048709,-0.088874450281093));
#3023=CARTESIAN_POINT('',(0.0286368431952552,0.00313510315935644,-0.0922962163910127));
#3024=CARTESIAN_POINT('',(0.0298063512930015,0.00306197997862921,-0.094));
#3025=CARTESIAN_POINT('',(-0.000492481319874958,0.00206894103628949,0.00303050856955004));
#3026=CARTESIAN_POINT('',(0.00109252347048722,0.00339401183824117,-0.00228064014756019));
#3027=CARTESIAN_POINT('',(0.00315739703303586,0.00511971368201236,-0.0093388048846673));
#3028=CARTESIAN_POINT('',(0.00412618610308958,0.00590946832065665,-0.0177625260060431));
#3029=CARTESIAN_POINT('',(0.00478974921414546,0.00624984703555314,-0.0228685347358335));
#3030=CARTESIAN_POINT('',(0.00528399236606234,0.00676702661511676,-0.0279383598640033));
#3031=CARTESIAN_POINT('',(0.00588396709892398,0.00692979381784171,-0.0330334176693161));
#3032=CARTESIAN_POINT('',(0.00663371370402252,0.00669640129169845,-0.0381195645463603));
#3033=CARTESIAN_POINT('',(0.00755559628168284,0.00655485084707073,-0.0432047875683791));
#3034=CARTESIAN_POINT('',(0.00874327122776164,0.00616718146466949,-0.0482794861511231));
#3035=CARTESIAN_POINT('',(0.0100041527881171,0.0058336195318595,-0.0533710102012903));
#3036=CARTESIAN_POINT('',(0.0115535909373253,0.00555290984292705,-0.0584530145044917));
#3037=CARTESIAN_POINT('',(0.013260806874875,0.00525008887934863,-0.0635349457013773));
#3038=CARTESIAN_POINT('',(0.0153578394841013,0.00488482729712683,-0.0686201677227365));
#3039=CARTESIAN_POINT('',(0.0175209330220855,0.00457663050206539,-0.0737055581060262));
#3040=CARTESIAN_POINT('',(0.0198543575385577,0.00423771104272378,-0.078780973730431));
#3041=CARTESIAN_POINT('',(0.0225168922049541,0.00387563684510809,-0.0840151117300126));
#3042=CARTESIAN_POINT('',(0.0258823763971405,0.00334331757818365,-0.0888744502810935));
#3043=CARTESIAN_POINT('',(0.0283333153217548,0.00318087905683812,-0.0922962163910126));
#3044=CARTESIAN_POINT('',(0.0295536996005872,0.00309999682197865,-0.094));
#3045=CARTESIAN_POINT('',(-0.000734709939075573,0.0023390916738526,0.00303050856955005));
#3046=CARTESIAN_POINT('',(0.000794697254059596,0.00363104735838855,-0.00228064014756007));
#3047=CARTESIAN_POINT('',(0.00278515341256638,0.00531624021744947,-0.00933880488466703));
#3048=CARTESIAN_POINT('',(0.00364595610648158,0.00618376085089325,-0.0177625260060433));
#3049=CARTESIAN_POINT('',(0.00424728697862354,0.00654037996788576,-0.0228685347358334));
#3050=CARTESIAN_POINT('',(0.00468707826678163,0.00707119164906352,-0.0279383598640034));
#3051=CARTESIAN_POINT('',(0.00523378163246231,0.0072296247859464,-0.0330334176693162));
#3052=CARTESIAN_POINT('',(0.00594101232975387,0.00697780036054462,-0.0381195645463601));
#3053=CARTESIAN_POINT('',(0.00683713633005102,0.00682369503844597,-0.0432047875683792));
#3054=CARTESIAN_POINT('',(0.00801131122586606,0.00641270048091851,-0.0482794861511226));
#3055=CARTESIAN_POINT('',(0.00926823591480467,0.00605830252870043,-0.0533710102012902));
#3056=CARTESIAN_POINT('',(0.0108298771425133,0.00575818112134556,-0.0584530145044915));
#3057=CARTESIAN_POINT('',(0.0125628365205915,0.00543656398896395,-0.0635349457013773));
#3058=CARTESIAN_POINT('',(0.0146974497537098,0.00504343676961589,-0.0686201677227371));
#3059=CARTESIAN_POINT('',(0.0169132540062384,0.004713782544206,-0.0737055581060263));
#3060=CARTESIAN_POINT('',(0.0193148792504678,0.00435618225526604,-0.0787809737304313));
#3061=CARTESIAN_POINT('',(0.022053551009364,0.00396140481011804,-0.0840151117300128));
#3062=CARTESIAN_POINT('',(0.0255528580688635,0.00342516846335066,-0.0888744502810936));
#3063=CARTESIAN_POINT('',(0.0280882879564107,0.00325043821304697,-0.0922962163910128));
#3064=CARTESIAN_POINT('',(0.0293507424157079,0.00316343561646426,-0.094));
#3065=CARTESIAN_POINT('',(-0.000871574747500044,0.00254818806988775,0.00303050856955002));
#3066=CARTESIAN_POINT('',(0.000606379543091573,0.00382619094922652,-0.00228064014756032));
#3067=CARTESIAN_POINT('',(0.00252847021254248,0.00549476553021731,-0.00933880488466755));
#3068=CARTESIAN_POINT('',(0.00330811348284667,0.00641180472346041,-0.017762526006043));
#3069=CARTESIAN_POINT('',(0.00386143427074546,0.00677886217168727,-0.0228685347358335));
#3070=CARTESIAN_POINT('',(0.00426186046222747,0.00732168536109563,-0.0279383598640033));
#3071=CARTESIAN_POINT('',(0.00476758679358918,0.0074755279856275,-0.0330334176693162));
#3072=CARTESIAN_POINT('',(0.00544202031000121,0.00720907617538573,-0.0381195645463606));
#3073=CARTESIAN_POINT('',(0.00631895799446299,0.00704670818223647,-0.0432047875683783));
#3074=CARTESIAN_POINT('',(0.00748219139783091,0.00661821649592603,-0.0482794861511245));
#3075=CARTESIAN_POINT('',(0.00873550708338081,0.00624854613616922,-0.0533710102012897));
#3076=CARTESIAN_POINT('',(0.0103054532167602,0.00593399139609543,-0.0584530145044918));
#3077=CARTESIAN_POINT('',(0.0120570090041021,0.00559949372339082,-0.0635349457013772));
#3078=CARTESIAN_POINT('',(0.0142174829032087,0.00518210628356812,-0.068620167722736));
#3079=CARTESIAN_POINT('',(0.0164713117004034,0.0048359734632787,-0.073705558106025));
#3080=CARTESIAN_POINT('',(0.0189237790183585,0.0044679235439253,-0.0787809737304314));
#3081=CARTESIAN_POINT('',(0.0217145734263017,0.00403731158971952,-0.084015111730012));
#3082=CARTESIAN_POINT('',(0.0253236751428188,0.00353833616580058,-0.0888744502810932));
#3083=CARTESIAN_POINT('',(0.0279259540049722,0.00334969558054508,-0.0922962163910126));
#3084=CARTESIAN_POINT('',(0.0292216942539912,0.00325576667750977,-0.094));
#3085=CARTESIAN_POINT('',(-0.000943967400021643,0.00269726274418538,0.00303050856955004));
#3086=CARTESIAN_POINT('',(0.000500773264534666,0.00397811472052532,-0.00228064014756019));
#3087=CARTESIAN_POINT('',(0.0023784727107542,0.00565113684692214,-0.0093388048846673));
#3088=CARTESIAN_POINT('',(0.00309603457462895,0.00659731960662904,-0.0177625260060432));
#3089=CARTESIAN_POINT('',(0.00361341414180338,0.00697055899887461,-0.0228685347358335));
#3090=CARTESIAN_POINT('',(0.00398820646262894,0.00752625280588381,-0.0279383598640033));
#3091=CARTESIAN_POINT('',(0.00446244337225211,0.00767671160752909,-0.0330334176693161));
#3092=CARTESIAN_POINT('',(0.00511141417205421,0.00739964500407341,-0.0381195645463605));
#3093=CARTESIAN_POINT('',(0.0059746201764779,0.00723393252380547,-0.0432047875683789));
#3094=CARTESIAN_POINT('',(0.00712855862606382,0.0067931530810751,-0.0482794861511231));
#3095=CARTESIAN_POINT('',(0.00837836352573724,0.00641329671689712,-0.0533710102012903));
#3096=CARTESIAN_POINT('',(0.00995333533167068,0.00608827323152907,-0.0584530145044917));
#3097=CARTESIAN_POINT('',(0.0117179420450143,0.00574597165340423,-0.0635349457013772));
#3098=CARTESIAN_POINT('',(0.0138937759024275,0.00530510061927698,-0.0686201677227364));
#3099=CARTESIAN_POINT('',(0.0161735327420601,0.00494644597786787,-0.0737055581060265));
#3100=CARTESIAN_POINT('',(0.0186631197037001,0.0045737386362266,-0.0787809737304306));
#3101=CARTESIAN_POINT('',(0.02148364915159,0.00410993740885498,-0.0840151117300127));
#3102=CARTESIAN_POINT('',(0.0251904997006422,0.00365641965530211,-0.0888744502810935));
#3103=CARTESIAN_POINT('',(0.0278417797581165,0.00344925969077748,-0.0922962163910127));
#3104=CARTESIAN_POINT('',(0.0291619189376078,0.00334610952192978,-0.094));
#3105=CARTESIAN_POINT('',(-0.000988231933234361,0.00281459925868028,0.00303050856955004));
#3106=CARTESIAN_POINT('',(0.000435849155235979,0.00410447693154391,-0.00228064014756018));
#3107=CARTESIAN_POINT('',(0.00228558027777712,0.00578969373023485,-0.00933880488466728));
#3108=CARTESIAN_POINT('',(0.00295126781575591,0.00675764366610231,-0.0177625260060432));
#3109=CARTESIAN_POINT('',(0.00343868307458149,0.00713578455105532,-0.0228685347358333));
#3110=CARTESIAN_POINT('',(0.0037953429228509,0.00770186229619449,-0.0279383598640035));
#3111=CARTESIAN_POINT('',(0.00424378434600982,0.00784971213361786,-0.033033417669316));
#3112=CARTESIAN_POINT('',(0.00487128088939922,0.00756474891003519,-0.0381195645463607));
#3113=CARTESIAN_POINT('',(0.00572470682786386,0.00739637686590852,-0.0432047875683788));
#3114=CARTESIAN_POINT('',(0.00687050903982209,0.00694628854146544,-0.0482794861511234));
#3115=CARTESIAN_POINT('',(0.00811725258703028,0.00655862356270351,-0.0533710102012901));
#3116=CARTESIAN_POINT('',(0.00969542615195482,0.00622543332248388,-0.0584530145044921));
#3117=CARTESIAN_POINT('',(0.0114705404358296,0.0058770806401276,-0.063534945701377));
#3118=CARTESIAN_POINT('',(0.0136535665422307,0.00541792178469229,-0.0686201677227367));
#3119=CARTESIAN_POINT('',(0.0159523887714387,0.0050482529595272,-0.0737055581060261));
#3120=CARTESIAN_POINT('',(0.0184742168882937,0.00467481355581533,-0.0787809737304311));
#3121=CARTESIAN_POINT('',(0.0213058193494978,0.00417434768991996,-0.0840151117300124));
#3122=CARTESIAN_POINT('',(0.0251289542651074,0.00379361084421263,-0.0888744502810935));
#3123=CARTESIAN_POINT('',(0.0278034145417717,0.00354796848495303,-0.0922962163910129));
#3124=CARTESIAN_POINT('',(0.0291350957367718,0.00342565696162412,-0.094));
#3125=CARTESIAN_POINT('',(-0.00101099607109749,0.00289793002867721,0.00303050856955004));
#3126=CARTESIAN_POINT('',(0.000405164025817547,0.00419923716955588,-0.00228064014756016));
#3127=CARTESIAN_POINT('',(0.00224354964456509,0.00589955505304493,-0.00933880488466724));
#3128=CARTESIAN_POINT('',(0.00286617522747274,0.00688235865944615,-0.0177625260060432));
#3129=CARTESIAN_POINT('',(0.00332994729030687,0.00726156674770421,-0.0228685347358334));
#3130=CARTESIAN_POINT('',(0.00367788153678588,0.00783936476877223,-0.0279383598640033));
#3131=CARTESIAN_POINT('',(0.00410585865478885,0.00798294260538231,-0.0330334176693159));
#3132=CARTESIAN_POINT('',(0.00471734767980044,0.00768971590789127,-0.0381195645463606));
#3133=CARTESIAN_POINT('',(0.00556490611517438,0.00752269711613104,-0.0432047875683789));
#3134=CARTESIAN_POINT('',(0.00670435204946636,0.00706554108606672,-0.0482794861511229));
#3135=CARTESIAN_POINT('',(0.00794867148355981,0.00667330759780447,-0.0533710102012904));
#3136=CARTESIAN_POINT('',(0.00952833517603146,0.00633493529736226,-0.0584530145044917));
#3137=CARTESIAN_POINT('',(0.0113106473292002,0.00598590070682047,-0.0635349457013774));
#3138=CARTESIAN_POINT('',(0.0134958980636272,0.00550502219811983,-0.0686201677227365));
#3139=CARTESIAN_POINT('',(0.0158063697819912,0.00513006823066053,-0.0737055581060264));
#3140=CARTESIAN_POINT('',(0.0183536547718924,0.00475754821774143,-0.0787809737304306));
#3141=CARTESIAN_POINT('',(0.0211822951613905,0.00423056104171402,-0.0840151117300128));
#3142=CARTESIAN_POINT('',(0.0251227301674067,0.00390360013547786,-0.0888744502810934));
#3143=CARTESIAN_POINT('',(0.0277966473203277,0.00362344085503827,-0.0922962163910127));
#3144=CARTESIAN_POINT('',(0.0291280580803239,0.0034839424864809,-0.094));
#3145=CARTESIAN_POINT('',(-0.00103027916758239,0.00299593489930516,0.00303050856955004));
#3146=CARTESIAN_POINT('',(0.00038571640524514,0.00431247135367135,-0.00228064014756019));
#3147=CARTESIAN_POINT('',(0.00222271581112566,0.00603327189873614,-0.00933880488466731));
#3148=CARTESIAN_POINT('',(0.002801602668343,0.00704931266624767,-0.0177625260060432));
#3149=CARTESIAN_POINT('',(0.00323313993380546,0.00743327371140123,-0.0228685347358335));
#3150=CARTESIAN_POINT('',(0.00357985626874282,0.00803926701243094,-0.0279383598640033));
#3151=CARTESIAN_POINT('',(0.00397717747967683,0.00818457119826066,-0.033033417669316));
#3152=CARTESIAN_POINT('',(0.00456270296858688,0.00788242709728721,-0.0381195645463605));
#3153=CARTESIAN_POINT('',(0.00540398820471929,0.00772651860536711,-0.0432047875683789));
#3154=CARTESIAN_POINT('',(0.00653195627723957,0.00726153959246729,-0.0482794861511231));
#3155=CARTESIAN_POINT('',(0.00777174964228101,0.00686584679331274,-0.0533710102012902));
#3156=CARTESIAN_POINT('',(0.0093525054972652,0.006519339379529,-0.0584530145044918));
#3157=CARTESIAN_POINT('',(0.0111460460929482,0.00617273906750322,-0.0635349457013772));
#3158=CARTESIAN_POINT('',(0.0133263151858235,0.0056417598595713,-0.0686201677227365));
#3159=CARTESIAN_POINT('',(0.0156516479639426,0.0052589229276683,-0.0737055581060263));
#3160=CARTESIAN_POINT('',(0.0182328500370817,0.00489100916839581,-0.0787809737304307));
#3161=CARTESIAN_POINT('',(0.0210512553002353,0.00433254048720501,-0.0840151117300128));
#3162=CARTESIAN_POINT('',(0.0251527900990705,0.00402149529432003,-0.0888744502810934));
#3163=CARTESIAN_POINT('',(0.0278073823454447,0.00370743208148407,-0.0922962163910126));
#3164=CARTESIAN_POINT('',(0.0291291707472897,0.00355105209026706,-0.094));
#3165=CARTESIAN_POINT('',(-0.00103854645909488,0.00306596949789834,0.00303050856955003));
#3166=CARTESIAN_POINT('',(0.000382959807613162,0.00439399421178263,-0.0022806401475602));
#3167=CARTESIAN_POINT('',(0.00222648614025253,0.0061304618062982,-0.00933880488466732));
#3168=CARTESIAN_POINT('',(0.00278445626839928,0.00717961537832809,-0.0177625260060432));
#3169=CARTESIAN_POINT('',(0.00319215458858816,0.00757801488002796,-0.0228685347358335));
#3170=CARTESIAN_POINT('',(0.00354655836293855,0.00819884586645819,-0.0279383598640033));
#3171=CARTESIAN_POINT('',(0.00392152639019379,0.00835317858502021,-0.0330334176693161));
#3172=CARTESIAN_POINT('',(0.00448092508389527,0.00805402412667786,-0.0381195645463605));
#3173=CARTESIAN_POINT('',(0.00532595182801527,0.00790159015694216,-0.0432047875683789));
#3174=CARTESIAN_POINT('',(0.00644284105386919,0.00743420525592292,-0.0482794861511231));
#3175=CARTESIAN_POINT('',(0.00768024726467491,0.00703572323447554,-0.0533710102012902));
#3176=CARTESIAN_POINT('',(0.00926033782634166,0.00668335809950249,-0.0584530145044918));
#3177=CARTESIAN_POINT('',(0.0110690254705168,0.00633240991648055,-0.0635349457013772));
#3178=CARTESIAN_POINT('',(0.0132151777331325,0.00578018404013262,-0.0686201677227366));
#3179=CARTESIAN_POINT('',(0.0155560292465651,0.00538570652837165,-0.0737055581060263));
#3180=CARTESIAN_POINT('',(0.0181699359284367,0.00500910851027813,-0.0787809737304307));
#3181=CARTESIAN_POINT('',(0.0209730036222517,0.00443114094195558,-0.0840151117300128));
#3182=CARTESIAN_POINT('',(0.0252006213222342,0.00409619784360695,-0.0888744502810934));
#3183=CARTESIAN_POINT('',(0.027828344272056,0.00376357097062066,-0.0922962163910126));
#3184=CARTESIAN_POINT('',(0.0291367537737715,0.00359794766502419,-0.094));
#3185=CARTESIAN_POINT('',(-0.00104166606542115,0.0031446633581223,0.00303050856955004));
#3186=CARTESIAN_POINT('',(0.000390365259111556,0.00448440089277455,-0.00228064014756018));
#3187=CARTESIAN_POINT('',(0.00224744454133163,0.00623677030542347,-0.00933880488466727));
#3188=CARTESIAN_POINT('',(0.00280594091283922,0.00731702234981654,-0.0177625260060432));
#3189=CARTESIAN_POINT('',(0.00319804375213984,0.00773349149855268,-0.0228685347358334));
#3190=CARTESIAN_POINT('',(0.00358755273518694,0.00835446205053548,-0.0279383598640033));
#3191=CARTESIAN_POINT('',(0.00395538139715259,0.00851943608414814,-0.0330334176693161));
#3192=CARTESIAN_POINT('',(0.00449375436551829,0.00822986567701108,-0.0381195645463605));
#3193=CARTESIAN_POINT('',(0.00536553899431506,0.00807411723494421,-0.043204787568379));
#3194=CARTESIAN_POINT('',(0.00647388771756265,0.00760889823313336,-0.0482794861511232));
#3195=CARTESIAN_POINT('',(0.00771353387988645,0.00720906811977166,-0.0533710102012903));
#3196=CARTESIAN_POINT('',(0.00928806841267979,0.00685364521727787,-0.0584530145044918));
#3197=CARTESIAN_POINT('',(0.011114125563705,0.0064955370139971,-0.0635349457013771));
#3198=CARTESIAN_POINT('',(0.0131739049123195,0.00594199554754226,-0.0686201677227365));
#3199=CARTESIAN_POINT('',(0.015522915765973,0.00553373822677209,-0.0737055581060264));
#3200=CARTESIAN_POINT('',(0.0181653253649434,0.005141369594249,-0.0787809737304307));
#3201=CARTESIAN_POINT('',(0.0209336392478206,0.00454833807449791,-0.0840151117300127));
#3202=CARTESIAN_POINT('',(0.0252647966281457,0.00417182370111925,-0.0888744502810935));
#3203=CARTESIAN_POINT('',(0.0278594707178955,0.00382287708748568,-0.0922962163910127));
#3204=CARTESIAN_POINT('',(0.0291514243590181,0.00364912777159964,-0.094));
#3205=CARTESIAN_POINT('',(-0.00104162391515479,0.00317651993662208,0.00303050856955003));
#3206=CARTESIAN_POINT('',(0.000395505967148455,0.00452059638383112,-0.0022806401475602));
#3207=CARTESIAN_POINT('',(0.00225930158238155,0.00627882501176279,-0.00933880488466733));
#3208=CARTESIAN_POINT('',(0.00282367583143271,0.00736942515851207,-0.0177625260060431));
#3209=CARTESIAN_POINT('',(0.00321350418710794,0.00779239407393093,-0.0228685347358335));
#3210=CARTESIAN_POINT('',(0.00362102233862465,0.00841105273436933,-0.0279383598640033));
#3211=CARTESIAN_POINT('',(0.00398922931605203,0.00858030534571747,-0.0330334176693161));
#3212=CARTESIAN_POINT('',(0.00452380193188124,0.00829475812806808,-0.0381195645463605));
#3213=CARTESIAN_POINT('',(0.00540543346490849,0.00813803472841353,-0.0432047875683789));
#3214=CARTESIAN_POINT('',(0.00651154640227908,0.00767436406386214,-0.0482794861511231));
#3215=CARTESIAN_POINT('',(0.00775178133977234,0.00727461680048473,-0.0533710102012903));
#3216=CARTESIAN_POINT('',(0.00932332938483536,0.00691863020978229,-0.0584530145044918));
#3217=CARTESIAN_POINT('',(0.0111530414203597,0.00655795051361435,-0.0635349457013771));
#3218=CARTESIAN_POINT('',(0.0131824416317245,0.00600572068322518,-0.0686201677227365));
#3219=CARTESIAN_POINT('',(0.015528716112185,0.00559275753113304,-0.0737055581060264));
#3220=CARTESIAN_POINT('',(0.0181790925396955,0.00519341290393449,-0.0787809737304306));
#3221=CARTESIAN_POINT('',(0.0209302332535888,0.00459564331591115,-0.0840151117300128));
#3222=CARTESIAN_POINT('',(0.0252916963745337,0.00420086564171116,-0.0888744502810935));
#3223=CARTESIAN_POINT('',(0.0278731814584232,0.00384613842098341,-0.0922962163910127));
#3224=CARTESIAN_POINT('',(0.0291585679610326,0.00366951079509584,-0.094));
#3225=CARTESIAN_POINT('',(-0.001039784013164,0.00324875370319631,0.00303050856955004));
#3226=CARTESIAN_POINT('',(0.000410045206139993,0.0046017849093187,-0.00228064014756019));
#3227=CARTESIAN_POINT('',(0.00229071943476226,0.00637207412159894,-0.00933880488466731));
#3228=CARTESIAN_POINT('',(0.00287531121875422,0.00748284625316692,-0.0177625260060432));
#3229=CARTESIAN_POINT('',(0.00326586832234451,0.00791874628300711,-0.0228685347358334));
#3230=CARTESIAN_POINT('',(0.00371296323312327,0.00853205456522737,-0.0279383598640033));
#3231=CARTESIAN_POINT('',(0.00408591777974052,0.00870994611586069,-0.033033417669316));
#3232=CARTESIAN_POINT('',(0.00461570941972089,0.00843377286577393,-0.0381195645463605));
#3233=CARTESIAN_POINT('',(0.00551851161979748,0.00827453185443585,-0.0432047875683789));
#3234=CARTESIAN_POINT('',(0.0066205999535404,0.00781496083164367,-0.0482794861511231));
#3235=CARTESIAN_POINT('',(0.00786181836291257,0.00741586727392622,-0.0533710102012902));
#3236=CARTESIAN_POINT('',(0.00942615552053687,0.00705932847832506,-0.0584530145044917));
#3237=CARTESIAN_POINT('',(0.0112608175657605,0.00669315488348353,-0.0635349457013772));
#3238=CARTESIAN_POINT('',(0.0132275098127675,0.00614666540333493,-0.0686201677227365));
#3239=CARTESIAN_POINT('',(0.0155647969422472,0.00572351714817499,-0.0737055581060264));
#3240=CARTESIAN_POINT('',(0.018225309006824,0.00530892783235448,-0.0787809737304307));
#3241=CARTESIAN_POINT('',(0.0209373694073642,0.00470184789742356,-0.0840151117300128));
#3242=CARTESIAN_POINT('',(0.0253529854436593,0.00426452177046683,-0.0888744502810935));
#3243=CARTESIAN_POINT('',(0.0279053079278501,0.0038978434823166,-0.0922962163910127));
#3244=CARTESIAN_POINT('',(0.0291761736368791,0.0037152651186725,-0.094));
#3245=CARTESIAN_POINT('',(0.005,0.0058,0.0038));
#3246=CARTESIAN_POINT('',(0.005,0.0058,0.0038));
#3247=CARTESIAN_POINT('',(0.005,0.0058,0.008875));
#3248=CARTESIAN_POINT('',(0.005,0.0058,0.0038));
#3249=MECHANICAL_DESIGN_GEOMETRIC_PRESENTATION_REPRESENTATION('',(#131),
#3250);
#3250=(
GEOMETRIC_REPRESENTATION_CONTEXT(3)
GLOBAL_UNCERTAINTY_ASSIGNED_CONTEXT((#3251))
GLOBAL_UNIT_ASSIGNED_CONTEXT((#3254,#3253,#3252))
REPRESENTATION_CONTEXT('CCW 8038 propeller','TOP_LEVEL_ASSEMBLY_PART')
);
#3251=UNCERTAINTY_MEASURE_WITH_UNIT(LENGTH_MEASURE(2.E-5),#3254,
'DISTANCE_ACCURACY_VALUE','Maximum Tolerance applied to model');
#3252=(
NAMED_UNIT(*)
SI_UNIT($,.STERADIAN.)
SOLID_ANGLE_UNIT()
);
#3253=(
NAMED_UNIT(*)
PLANE_ANGLE_UNIT()
SI_UNIT($,.RADIAN.)
);
#3254=(
LENGTH_UNIT()
NAMED_UNIT(*)
SI_UNIT($,.METRE.)
);
#3255=PRODUCT_DEFINITION_SHAPE('','',#3256);
#3256=PRODUCT_DEFINITION('','',#3258,#3257);
#3257=PRODUCT_DEFINITION_CONTEXT('',#3264,'design');
#3258=PRODUCT_DEFINITION_FORMATION_WITH_SPECIFIED_SOURCE('','',#3260,
 .NOT_KNOWN.);
#3259=PRODUCT_RELATED_PRODUCT_CATEGORY('','',(#3260));
#3260=PRODUCT('CCW 8038 propeller','CCW 8038 propeller',
'CCW 8038 propeller',(#3262));
#3261=PRODUCT_CATEGORY('','');
#3262=PRODUCT_CONTEXT('',#3264,'mechanical');
#3263=APPLICATION_PROTOCOL_DEFINITION('international standard',
'automotive_design',2010,#3264);
#3264=APPLICATION_CONTEXT(
'core data for automotive mechanical design processes');
ENDSEC;
END-ISO-10303-21;
