ISO-10303-21;
HEADER;
/* Generated by software containing ST-Developer
 * from STEP Tools, Inc. (www.steptools.com) 
 */
/* OPTION: using custom renumber hook */

FILE_DESCRIPTION(
/* description */ ('STEP AP214',
'CAx-IF Rec.Pracs.---User Defined Attributes---1.5---2016-08-15'),
/* implementation_level */ '2;1');

FILE_NAME(
/* name */ '6a386d1aee269b265a355637',
/* time_stamp */ '2026-06-21T23:00:42Z',
/* author */ (''),
/* organization */ (''),
/* preprocessor_version */ 'ST-DEVELOPER v20',
/* originating_system */ 'ONSHAPE BY PTC INC, 1.216',
/* authorisation */ '  ');

FILE_SCHEMA (('AUTOMOTIVE_DESIGN {1 0 10303 214 3 1 1}'));
ENDSEC;

DATA;
#10=PROPERTY_DEFINITION_REPRESENTATION(#14,#12);
#11=PROPERTY_DEFINITION_REPRESENTATION(#15,#13);
#12=REPRESENTATION('',(#16),#3329);
#13=REPRESENTATION('',(#17),#3329);
#14=PROPERTY_DEFINITION('pmi validation property','',#3334);
#15=PROPERTY_DEFINITION('pmi validation property','',#3334);
#16=VALUE_REPRESENTATION_ITEM('number of annotations',COUNT_MEASURE(0.));
#17=VALUE_REPRESENTATION_ITEM('number of views',COUNT_MEASURE(0.));
#18=SHAPE_REPRESENTATION_RELATIONSHIP('','',#212,#19);
#19=ADVANCED_BREP_SHAPE_REPRESENTATION('',(#210),#3329);
#20=PLANE('',#220);
#21=PLANE('',#221);
#22=PLANE('',#223);
#23=PLANE('',#226);
#24=PLANE('',#227);
#25=B_SPLINE_CURVE_WITH_KNOTS('',3,(#1684,#1685,#1686,#1687,#1688,#1689,
#1690,#1691,#1692,#1693,#1694,#1695,#1696,#1697,#1698,#1699,#1700,#1701,
#1702,#1703,#1704,#1705,#1706,#1707,#1708,#1709,#1710,#1711,#1712,#1713,
#1714,#1715,#1716,#1717,#1718,#1719,#1720,#1721,#1722,#1723,#1724,#1725,
#1726,#1727,#1728,#1729,#1730,#1731,#1732,#1733,#1734,#1735,#1736,#1737,
#1738,#1739,#1740,#1741,#1742,#1743,#1744,#1745,#1746),.UNSPECIFIED.,.T.,
 .F.,(1,1,1,1,1,1,1,1,1,1,1,1,1,1,1,1,1,1,1,1,1,1,1,1,1,1,1,1,1,1,1,1,1,
1,1,1,1,1,1,1,1,1,1,1,1,1,1,1,1,1,1,1,1,1,1,1,1,1,1,1,1,1,1,1,1,1,1),(-0.12828946314821,
-0.0657894731574105,-0.0329769736578706,0.,0.01484375,0.0304296875,0.0456630859375,
0.060896484375,0.0761210693359375,0.091345654296875,0.106570239257813,0.12179482421875,
0.125886376342773,0.129977928466797,0.138161032714844,0.146344136962891,
0.154527241210937,0.170189301635742,0.185851362060547,0.216321965081787,
0.246792568103027,0.278003598254089,0.29360911332962,0.309214628405151,
0.31331570378204,0.317416779158928,0.325618929912704,0.342023231420258,
0.357687196495635,0.373351161571013,0.388978109824782,0.404605058078551,
0.412808280491239,0.421011502903928,0.428843539024562,0.436675575145196,
0.45230252875726,0.460505751437863,0.464421769504878,0.468337787571893,
0.476151264378595,0.48396381321893,0.491776315660946,0.499588815783047,
0.514823190789152,0.523006784539458,0.530837839226973,0.545877365594161,
0.560916891961349,0.569090743279708,0.577264594598067,0.592925729729903,
0.608161008108199,0.623396286486495,0.65384555040541,0.684294814324325,
0.71550477752027,0.746714740716216,0.777962738876014,0.809210737035811,
0.87171053685179,0.93421052684259,0.967023026342129,1.,1.01484375,1.0304296875,
1.0456630859375),.UNSPECIFIED.);
#26=B_SPLINE_CURVE_WITH_KNOTS('',3,(#1748,#1749,#1750,#1751,#1752,#1753,
#1754,#1755,#1756,#1757,#1758,#1759,#1760,#1761,#1762,#1763,#1764,#1765,
#1766,#1767,#1768,#1769,#1770,#1771,#1772,#1773,#1774,#1775,#1776,#1777,
#1778,#1779,#1780,#1781,#1782,#1783,#1784,#1785,#1786,#1787,#1788,#1789,
#1790),.UNSPECIFIED.,.T.,.F.,(1,1,1,1,1,1,1,1,1,1,1,1,1,1,1,1,1,1,1,1,1,
1,1,1,1,1,1,1,1,1,1,1,1,1,1,1,1,1,1,1,1,1,1,1,1,1,1),(-0.00100495984150529,
-0.000502479920752648,-0.000251239960376327,0.,0.000251239960376323,0.000502479920752646,
0.00075371988112897,0.00100495984150529,0.00150743976225794,0.00200991968301059,
0.00301487952451588,0.00401983936602117,0.00502479920752646,0.00602975904903176,
0.00803967873204234,0.0100495984150529,0.0120595180980635,0.0130644779395688,
0.0140694377810741,0.0145719177018267,0.0150743976225794,0.015576877543332,
0.0158281175037084,0.0160793574640847,0.016330597424461,0.0165818373848373,
0.01708431730559,0.0175867972263426,0.0180892771470953,0.0190942369886006,
0.0200991968301059,0.0211041566716112,0.0221091165131164,0.024119036196127,
0.0261289558791376,0.0271339157206429,0.0281388755621482,0.0291438354036535,
0.0301487952451588,0.0306512751659114,0.0311537550866641,0.0316562350074167,
0.031907474967793,0.0321587149281694,0.0324099548885457,0.032661194848922,
0.0329124348092983),.UNSPECIFIED.);
#27=B_SPLINE_CURVE_WITH_KNOTS('',3,(#1793,#1794,#1795,#1796,#1797,#1798,
#1799,#1800,#1801,#1802,#1803,#1804,#1805,#1806,#1807,#1808,#1809,#1810,
#1811,#1812,#1813,#1814,#1815,#1816,#1817,#1818,#1819,#1820,#1821,#1822,
#1823,#1824,#1825,#1826,#1827,#1828,#1829,#1830,#1831,#1832,#1833,#1834,
#1835,#1836),.UNSPECIFIED.,.T.,.F.,(1,1,1,1,1,1,1,1,1,1,1,1,1,1,1,1,1,1,
1,1,1,1,1,1,1,1,1,1,1,1,1,1,1,1,1,1,1,1,1,1,1,1,1,1,1,1,1,1),(-0.00299667702372199,
-0.00199778468248133,-0.000998892341240662,0.,0.00199778468248133,0.00399556936496265,
0.00499446170620332,0.00599335404744398,0.00699224638868465,0.00749169255930498,
0.00799113872992531,0.00849058490054564,0.00899003107116597,0.00923975415647614,
0.00948947724178631,0.00973920032709647,0.00998892341240664,0.010488369583027,
0.0109878157536473,0.0114872619242676,0.011986708094888,0.0129856004361286,
0.0139844927773693,0.01498338511861,0.0159822774598506,0.0179800621423319,
0.0199778468248133,0.0209767391660539,0.0219756315072946,0.0229745238485353,
0.0234739700191556,0.0239734161897759,0.0244728623603963,0.0247225854457064,
0.0249723085310166,0.0252220316163268,0.0254717547016369,0.0259712008722573,
0.0264706470428776,0.0269700932134979,0.0279689855547386,0.0289678778959792,
0.0299667702372199,0.0309656625784606,0.0319645549197012,0.0339623396021826,
0.0359601242846639,0.0369590166259046),.UNSPECIFIED.);
#28=B_SPLINE_CURVE_WITH_KNOTS('',3,(#3266,#3267,#3268,#3269,#3270,#3271,
#3272,#3273,#3274,#3275,#3276,#3277,#3278,#3279,#3280,#3281,#3282,#3283,
#3284,#3285,#3286,#3287,#3288,#3289,#3290,#3291,#3292,#3293,#3294,#3295,
#3296,#3297,#3298,#3299,#3300,#3301,#3302,#3303,#3304,#3305,#3306,#3307,
#3308,#3309,#3310,#3311,#3312,#3313,#3314,#3315,#3316,#3317,#3318,#3319,
#3320),.UNSPECIFIED.,.T.,.F.,(1,1,1,1,1,1,1,1,1,1,1,1,1,1,1,1,1,1,1,1,1,
1,1,1,1,1,1,1,1,1,1,1,1,1,1,1,1,1,1,1,1,1,1,1,1,1,1,1,1,1,1,1,1,1,1,1,1,
1,1),(-0.0328537314967073,-0.0239083115748353,-0.0160391655787419,0.,0.007421875,
0.01521484375,0.0230263671875,0.030838818359375,0.0347450671386719,0.0386513159179687,
0.0464638157958984,0.0616981907897949,0.0695009251646423,0.0773036595394897,
0.0851156712582321,0.0929276829769745,0.108162033562912,0.123396384148849,
0.139001851678146,0.154607319207442,0.170231342583907,0.185855365960372,
0.201089716544784,0.216324067129195,0.246792768298019,0.27800370335646,
0.309214638414901,0.371710731920745,0.388116884258391,0.404523036596037,
0.42018709421292,0.435851151829802,0.451478104710646,0.46710505759149,0.483511502879575,
0.499175575143979,0.529646278757199,0.56085731393786,0.621792865696893,
0.684214643284845,0.715462687724543,0.746710732164242,0.777960634386227,
0.809210536608212,0.840460531719311,0.871710526830411,0.888116776585965,
0.90452302634152,0.921007401317076,0.928841385691465,0.936675370065854,
0.951910819284573,0.967146268503293,0.976091688425165,0.983960834421258,
1.,1.007421875,1.01521484375,1.0230263671875),.UNSPECIFIED.);
#29=B_SPLINE_SURFACE_WITH_KNOTS('',3,3,((#264,#265,#266,#267,#268,#269,
#270,#271,#272,#273,#274,#275,#276,#277,#278,#279,#280,#281,#282,#283),
(#284,#285,#286,#287,#288,#289,#290,#291,#292,#293,#294,#295,#296,#297,
#298,#299,#300,#301,#302,#303),(#304,#305,#306,#307,#308,#309,#310,#311,
#312,#313,#314,#315,#316,#317,#318,#319,#320,#321,#322,#323),(#324,#325,
#326,#327,#328,#329,#330,#331,#332,#333,#334,#335,#336,#337,#338,#339,#340,
#341,#342,#343),(#344,#345,#346,#347,#348,#349,#350,#351,#352,#353,#354,
#355,#356,#357,#358,#359,#360,#361,#362,#363),(#364,#365,#366,#367,#368,
#369,#370,#371,#372,#373,#374,#375,#376,#377,#378,#379,#380,#381,#382,#383),
(#384,#385,#386,#387,#388,#389,#390,#391,#392,#393,#394,#395,#396,#397,
#398,#399,#400,#401,#402,#403),(#404,#405,#406,#407,#408,#409,#410,#411,
#412,#413,#414,#415,#416,#417,#418,#419,#420,#421,#422,#423),(#424,#425,
#426,#427,#428,#429,#430,#431,#432,#433,#434,#435,#436,#437,#438,#439,#440,
#441,#442,#443),(#444,#445,#446,#447,#448,#449,#450,#451,#452,#453,#454,
#455,#456,#457,#458,#459,#460,#461,#462,#463),(#464,#465,#466,#467,#468,
#469,#470,#471,#472,#473,#474,#475,#476,#477,#478,#479,#480,#481,#482,#483),
(#484,#485,#486,#487,#488,#489,#490,#491,#492,#493,#494,#495,#496,#497,
#498,#499,#500,#501,#502,#503),(#504,#505,#506,#507,#508,#509,#510,#511,
#512,#513,#514,#515,#516,#517,#518,#519,#520,#521,#522,#523),(#524,#525,
#526,#527,#528,#529,#530,#531,#532,#533,#534,#535,#536,#537,#538,#539,#540,
#541,#542,#543),(#544,#545,#546,#547,#548,#549,#550,#551,#552,#553,#554,
#555,#556,#557,#558,#559,#560,#561,#562,#563),(#564,#565,#566,#567,#568,
#569,#570,#571,#572,#573,#574,#575,#576,#577,#578,#579,#580,#581,#582,#583),
(#584,#585,#586,#587,#588,#589,#590,#591,#592,#593,#594,#595,#596,#597,
#598,#599,#600,#601,#602,#603),(#604,#605,#606,#607,#608,#609,#610,#611,
#612,#613,#614,#615,#616,#617,#618,#619,#620,#621,#622,#623),(#624,#625,
#626,#627,#628,#629,#630,#631,#632,#633,#634,#635,#636,#637,#638,#639,#640,
#641,#642,#643),(#644,#645,#646,#647,#648,#649,#650,#651,#652,#653,#654,
#655,#656,#657,#658,#659,#660,#661,#662,#663),(#664,#665,#666,#667,#668,
#669,#670,#671,#672,#673,#674,#675,#676,#677,#678,#679,#680,#681,#682,#683),
(#684,#685,#686,#687,#688,#689,#690,#691,#692,#693,#694,#695,#696,#697,
#698,#699,#700,#701,#702,#703),(#704,#705,#706,#707,#708,#709,#710,#711,
#712,#713,#714,#715,#716,#717,#718,#719,#720,#721,#722,#723),(#724,#725,
#726,#727,#728,#729,#730,#731,#732,#733,#734,#735,#736,#737,#738,#739,#740,
#741,#742,#743),(#744,#745,#746,#747,#748,#749,#750,#751,#752,#753,#754,
#755,#756,#757,#758,#759,#760,#761,#762,#763),(#764,#765,#766,#767,#768,
#769,#770,#771,#772,#773,#774,#775,#776,#777,#778,#779,#780,#781,#782,#783),
(#784,#785,#786,#787,#788,#789,#790,#791,#792,#793,#794,#795,#796,#797,
#798,#799,#800,#801,#802,#803),(#804,#805,#806,#807,#808,#809,#810,#811,
#812,#813,#814,#815,#816,#817,#818,#819,#820,#821,#822,#823),(#824,#825,
#826,#827,#828,#829,#830,#831,#832,#833,#834,#835,#836,#837,#838,#839,#840,
#841,#842,#843),(#844,#845,#846,#847,#848,#849,#850,#851,#852,#853,#854,
#855,#856,#857,#858,#859,#860,#861,#862,#863),(#864,#865,#866,#867,#868,
#869,#870,#871,#872,#873,#874,#875,#876,#877,#878,#879,#880,#881,#882,#883),
(#884,#885,#886,#887,#888,#889,#890,#891,#892,#893,#894,#895,#896,#897,
#898,#899,#900,#901,#902,#903),(#904,#905,#906,#907,#908,#909,#910,#911,
#912,#913,#914,#915,#916,#917,#918,#919,#920,#921,#922,#923),(#924,#925,
#926,#927,#928,#929,#930,#931,#932,#933,#934,#935,#936,#937,#938,#939,#940,
#941,#942,#943),(#944,#945,#946,#947,#948,#949,#950,#951,#952,#953,#954,
#955,#956,#957,#958,#959,#960,#961,#962,#963),(#964,#965,#966,#967,#968,
#969,#970,#971,#972,#973,#974,#975,#976,#977,#978,#979,#980,#981,#982,#983),
(#984,#985,#986,#987,#988,#989,#990,#991,#992,#993,#994,#995,#996,#997,
#998,#999,#1000,#1001,#1002,#1003),(#1004,#1005,#1006,#1007,#1008,#1009,
#1010,#1011,#1012,#1013,#1014,#1015,#1016,#1017,#1018,#1019,#1020,#1021,
#1022,#1023),(#1024,#1025,#1026,#1027,#1028,#1029,#1030,#1031,#1032,#1033,
#1034,#1035,#1036,#1037,#1038,#1039,#1040,#1041,#1042,#1043),(#1044,#1045,
#1046,#1047,#1048,#1049,#1050,#1051,#1052,#1053,#1054,#1055,#1056,#1057,
#1058,#1059,#1060,#1061,#1062,#1063),(#1064,#1065,#1066,#1067,#1068,#1069,
#1070,#1071,#1072,#1073,#1074,#1075,#1076,#1077,#1078,#1079,#1080,#1081,
#1082,#1083),(#1084,#1085,#1086,#1087,#1088,#1089,#1090,#1091,#1092,#1093,
#1094,#1095,#1096,#1097,#1098,#1099,#1100,#1101,#1102,#1103),(#1104,#1105,
#1106,#1107,#1108,#1109,#1110,#1111,#1112,#1113,#1114,#1115,#1116,#1117,
#1118,#1119,#1120,#1121,#1122,#1123),(#1124,#1125,#1126,#1127,#1128,#1129,
#1130,#1131,#1132,#1133,#1134,#1135,#1136,#1137,#1138,#1139,#1140,#1141,
#1142,#1143),(#1144,#1145,#1146,#1147,#1148,#1149,#1150,#1151,#1152,#1153,
#1154,#1155,#1156,#1157,#1158,#1159,#1160,#1161,#1162,#1163),(#1164,#1165,
#1166,#1167,#1168,#1169,#1170,#1171,#1172,#1173,#1174,#1175,#1176,#1177,
#1178,#1179,#1180,#1181,#1182,#1183),(#1184,#1185,#1186,#1187,#1188,#1189,
#1190,#1191,#1192,#1193,#1194,#1195,#1196,#1197,#1198,#1199,#1200,#1201,
#1202,#1203),(#1204,#1205,#1206,#1207,#1208,#1209,#1210,#1211,#1212,#1213,
#1214,#1215,#1216,#1217,#1218,#1219,#1220,#1221,#1222,#1223),(#1224,#1225,
#1226,#1227,#1228,#1229,#1230,#1231,#1232,#1233,#1234,#1235,#1236,#1237,
#1238,#1239,#1240,#1241,#1242,#1243),(#1244,#1245,#1246,#1247,#1248,#1249,
#1250,#1251,#1252,#1253,#1254,#1255,#1256,#1257,#1258,#1259,#1260,#1261,
#1262,#1263),(#1264,#1265,#1266,#1267,#1268,#1269,#1270,#1271,#1272,#1273,
#1274,#1275,#1276,#1277,#1278,#1279,#1280,#1281,#1282,#1283),(#1284,#1285,
#1286,#1287,#1288,#1289,#1290,#1291,#1292,#1293,#1294,#1295,#1296,#1297,
#1298,#1299,#1300,#1301,#1302,#1303),(#1304,#1305,#1306,#1307,#1308,#1309,
#1310,#1311,#1312,#1313,#1314,#1315,#1316,#1317,#1318,#1319,#1320,#1321,
#1322,#1323),(#1324,#1325,#1326,#1327,#1328,#1329,#1330,#1331,#1332,#1333,
#1334,#1335,#1336,#1337,#1338,#1339,#1340,#1341,#1342,#1343),(#1344,#1345,
#1346,#1347,#1348,#1349,#1350,#1351,#1352,#1353,#1354,#1355,#1356,#1357,
#1358,#1359,#1360,#1361,#1362,#1363),(#1364,#1365,#1366,#1367,#1368,#1369,
#1370,#1371,#1372,#1373,#1374,#1375,#1376,#1377,#1378,#1379,#1380,#1381,
#1382,#1383),(#1384,#1385,#1386,#1387,#1388,#1389,#1390,#1391,#1392,#1393,
#1394,#1395,#1396,#1397,#1398,#1399,#1400,#1401,#1402,#1403),(#1404,#1405,
#1406,#1407,#1408,#1409,#1410,#1411,#1412,#1413,#1414,#1415,#1416,#1417,
#1418,#1419,#1420,#1421,#1422,#1423),(#1424,#1425,#1426,#1427,#1428,#1429,
#1430,#1431,#1432,#1433,#1434,#1435,#1436,#1437,#1438,#1439,#1440,#1441,
#1442,#1443),(#1444,#1445,#1446,#1447,#1448,#1449,#1450,#1451,#1452,#1453,
#1454,#1455,#1456,#1457,#1458,#1459,#1460,#1461,#1462,#1463),(#1464,#1465,
#1466,#1467,#1468,#1469,#1470,#1471,#1472,#1473,#1474,#1475,#1476,#1477,
#1478,#1479,#1480,#1481,#1482,#1483),(#1484,#1485,#1486,#1487,#1488,#1489,
#1490,#1491,#1492,#1493,#1494,#1495,#1496,#1497,#1498,#1499,#1500,#1501,
#1502,#1503),(#1504,#1505,#1506,#1507,#1508,#1509,#1510,#1511,#1512,#1513,
#1514,#1515,#1516,#1517,#1518,#1519,#1520,#1521,#1522,#1523),(#1524,#1525,
#1526,#1527,#1528,#1529,#1530,#1531,#1532,#1533,#1534,#1535,#1536,#1537,
#1538,#1539,#1540,#1541,#1542,#1543),(#1544,#1545,#1546,#1547,#1548,#1549,
#1550,#1551,#1552,#1553,#1554,#1555,#1556,#1557,#1558,#1559,#1560,#1561,
#1562,#1563),(#1564,#1565,#1566,#1567,#1568,#1569,#1570,#1571,#1572,#1573,
#1574,#1575,#1576,#1577,#1578,#1579,#1580,#1581,#1582,#1583),(#1584,#1585,
#1586,#1587,#1588,#1589,#1590,#1591,#1592,#1593,#1594,#1595,#1596,#1597,
#1598,#1599,#1600,#1601,#1602,#1603),(#1604,#1605,#1606,#1607,#1608,#1609,
#1610,#1611,#1612,#1613,#1614,#1615,#1616,#1617,#1618,#1619,#1620,#1621,
#1622,#1623),(#1624,#1625,#1626,#1627,#1628,#1629,#1630,#1631,#1632,#1633,
#1634,#1635,#1636,#1637,#1638,#1639,#1640,#1641,#1642,#1643),(#1644,#1645,
#1646,#1647,#1648,#1649,#1650,#1651,#1652,#1653,#1654,#1655,#1656,#1657,
#1658,#1659,#1660,#1661,#1662,#1663),(#1664,#1665,#1666,#1667,#1668,#1669,
#1670,#1671,#1672,#1673,#1674,#1675,#1676,#1677,#1678,#1679,#1680,#1681,
#1682,#1683)),.UNSPECIFIED.,.T.,.F.,.F.,(1,1,2,1,1,1,1,1,1,1,1,1,1,1,1,
1,1,2,1,1,1,1,1,1,1,1,1,1,1,1,1,1,1,1,1,1,1,1,1,1,1,1,1,1,1,1,1,1,1,1,1,
1,2,1,1,1,1,1,1,1,1,1,1,1,1,1,1,1,2,1,1),(4,1,1,1,1,1,1,1,1,1,1,1,1,1,1,
1,1,4),(-0.00515548929698073,-0.00301609956609072,0.,0.00866833159291192,
0.0113386172038392,0.0166277113740021,0.0205257740341938,0.0313741356470914,
0.0394700782550149,0.0477475938262031,0.0582402431291422,0.0674494390560662,
0.0876792598435332,0.103998274322049,0.141184942255361,0.166574342817085,
0.212892004888704,0.25,0.267924068656067,0.315379914088395,0.318884576020669,
0.366956630005333,0.370313882649995,0.41880859175024,0.422080060329561,
0.429321873887947,0.467412683325651,0.471024798983197,0.476689708955385,
0.481779212498571,0.493992117357116,0.497299999999656,0.499799999997768,
0.503099999999166,0.50578320467002,0.508314068424387,0.51010014604346,0.513870643957498,
0.517317938727003,0.522580769767333,0.530991616163573,0.53386213079062,
0.538980968744374,0.542185151133821,0.547066406992866,0.581006171029186,
0.589207657629616,0.596048690427816,0.633142211343757,0.645060797909022,
0.684235568094432,0.68748191540433,0.75,0.78644101002648,0.837512765710727,
0.863050065993636,0.865967764658462,0.890914410825458,0.914484423720051,
0.935667052463559,0.952790811914192,0.965616426734722,0.973368167803935,
0.97870479364548,0.985560494321673,0.987236743418232,0.994844510703019,
0.996983900433909,1.,1.00866833159291,1.01133861720384),(0.00763083942688719,
0.165599629957104,0.217867048073044,0.269552038683446,0.320919259507027,
0.371901848498558,0.422732237935959,0.473558349911034,0.524460447243705,
0.575381719767322,0.626505790773908,0.677894484438387,0.729589586841768,
0.781704730857703,0.834286061554471,0.887622623572063,0.944044471238438,
1.),.UNSPECIFIED.);
#30=B_SPLINE_SURFACE_WITH_KNOTS('',3,3,((#1846,#1847,#1848,#1849,#1850,
#1851,#1852,#1853,#1854,#1855,#1856,#1857,#1858,#1859,#1860,#1861,#1862,
#1863,#1864,#1865),(#1866,#1867,#1868,#1869,#1870,#1871,#1872,#1873,#1874,
#1875,#1876,#1877,#1878,#1879,#1880,#1881,#1882,#1883,#1884,#1885),(#1886,
#1887,#1888,#1889,#1890,#1891,#1892,#1893,#1894,#1895,#1896,#1897,#1898,
#1899,#1900,#1901,#1902,#1903,#1904,#1905),(#1906,#1907,#1908,#1909,#1910,
#1911,#1912,#1913,#1914,#1915,#1916,#1917,#1918,#1919,#1920,#1921,#1922,
#1923,#1924,#1925),(#1926,#1927,#1928,#1929,#1930,#1931,#1932,#1933,#1934,
#1935,#1936,#1937,#1938,#1939,#1940,#1941,#1942,#1943,#1944,#1945),(#1946,
#1947,#1948,#1949,#1950,#1951,#1952,#1953,#1954,#1955,#1956,#1957,#1958,
#1959,#1960,#1961,#1962,#1963,#1964,#1965),(#1966,#1967,#1968,#1969,#1970,
#1971,#1972,#1973,#1974,#1975,#1976,#1977,#1978,#1979,#1980,#1981,#1982,
#1983,#1984,#1985),(#1986,#1987,#1988,#1989,#1990,#1991,#1992,#1993,#1994,
#1995,#1996,#1997,#1998,#1999,#2000,#2001,#2002,#2003,#2004,#2005),(#2006,
#2007,#2008,#2009,#2010,#2011,#2012,#2013,#2014,#2015,#2016,#2017,#2018,
#2019,#2020,#2021,#2022,#2023,#2024,#2025),(#2026,#2027,#2028,#2029,#2030,
#2031,#2032,#2033,#2034,#2035,#2036,#2037,#2038,#2039,#2040,#2041,#2042,
#2043,#2044,#2045),(#2046,#2047,#2048,#2049,#2050,#2051,#2052,#2053,#2054,
#2055,#2056,#2057,#2058,#2059,#2060,#2061,#2062,#2063,#2064,#2065),(#2066,
#2067,#2068,#2069,#2070,#2071,#2072,#2073,#2074,#2075,#2076,#2077,#2078,
#2079,#2080,#2081,#2082,#2083,#2084,#2085),(#2086,#2087,#2088,#2089,#2090,
#2091,#2092,#2093,#2094,#2095,#2096,#2097,#2098,#2099,#2100,#2101,#2102,
#2103,#2104,#2105),(#2106,#2107,#2108,#2109,#2110,#2111,#2112,#2113,#2114,
#2115,#2116,#2117,#2118,#2119,#2120,#2121,#2122,#2123,#2124,#2125),(#2126,
#2127,#2128,#2129,#2130,#2131,#2132,#2133,#2134,#2135,#2136,#2137,#2138,
#2139,#2140,#2141,#2142,#2143,#2144,#2145),(#2146,#2147,#2148,#2149,#2150,
#2151,#2152,#2153,#2154,#2155,#2156,#2157,#2158,#2159,#2160,#2161,#2162,
#2163,#2164,#2165),(#2166,#2167,#2168,#2169,#2170,#2171,#2172,#2173,#2174,
#2175,#2176,#2177,#2178,#2179,#2180,#2181,#2182,#2183,#2184,#2185),(#2186,
#2187,#2188,#2189,#2190,#2191,#2192,#2193,#2194,#2195,#2196,#2197,#2198,
#2199,#2200,#2201,#2202,#2203,#2204,#2205),(#2206,#2207,#2208,#2209,#2210,
#2211,#2212,#2213,#2214,#2215,#2216,#2217,#2218,#2219,#2220,#2221,#2222,
#2223,#2224,#2225),(#2226,#2227,#2228,#2229,#2230,#2231,#2232,#2233,#2234,
#2235,#2236,#2237,#2238,#2239,#2240,#2241,#2242,#2243,#2244,#2245),(#2246,
#2247,#2248,#2249,#2250,#2251,#2252,#2253,#2254,#2255,#2256,#2257,#2258,
#2259,#2260,#2261,#2262,#2263,#2264,#2265),(#2266,#2267,#2268,#2269,#2270,
#2271,#2272,#2273,#2274,#2275,#2276,#2277,#2278,#2279,#2280,#2281,#2282,
#2283,#2284,#2285),(#2286,#2287,#2288,#2289,#2290,#2291,#2292,#2293,#2294,
#2295,#2296,#2297,#2298,#2299,#2300,#2301,#2302,#2303,#2304,#2305),(#2306,
#2307,#2308,#2309,#2310,#2311,#2312,#2313,#2314,#2315,#2316,#2317,#2318,
#2319,#2320,#2321,#2322,#2323,#2324,#2325),(#2326,#2327,#2328,#2329,#2330,
#2331,#2332,#2333,#2334,#2335,#2336,#2337,#2338,#2339,#2340,#2341,#2342,
#2343,#2344,#2345),(#2346,#2347,#2348,#2349,#2350,#2351,#2352,#2353,#2354,
#2355,#2356,#2357,#2358,#2359,#2360,#2361,#2362,#2363,#2364,#2365),(#2366,
#2367,#2368,#2369,#2370,#2371,#2372,#2373,#2374,#2375,#2376,#2377,#2378,
#2379,#2380,#2381,#2382,#2383,#2384,#2385),(#2386,#2387,#2388,#2389,#2390,
#2391,#2392,#2393,#2394,#2395,#2396,#2397,#2398,#2399,#2400,#2401,#2402,
#2403,#2404,#2405),(#2406,#2407,#2408,#2409,#2410,#2411,#2412,#2413,#2414,
#2415,#2416,#2417,#2418,#2419,#2420,#2421,#2422,#2423,#2424,#2425),(#2426,
#2427,#2428,#2429,#2430,#2431,#2432,#2433,#2434,#2435,#2436,#2437,#2438,
#2439,#2440,#2441,#2442,#2443,#2444,#2445),(#2446,#2447,#2448,#2449,#2450,
#2451,#2452,#2453,#2454,#2455,#2456,#2457,#2458,#2459,#2460,#2461,#2462,
#2463,#2464,#2465),(#2466,#2467,#2468,#2469,#2470,#2471,#2472,#2473,#2474,
#2475,#2476,#2477,#2478,#2479,#2480,#2481,#2482,#2483,#2484,#2485),(#2486,
#2487,#2488,#2489,#2490,#2491,#2492,#2493,#2494,#2495,#2496,#2497,#2498,
#2499,#2500,#2501,#2502,#2503,#2504,#2505),(#2506,#2507,#2508,#2509,#2510,
#2511,#2512,#2513,#2514,#2515,#2516,#2517,#2518,#2519,#2520,#2521,#2522,
#2523,#2524,#2525),(#2526,#2527,#2528,#2529,#2530,#2531,#2532,#2533,#2534,
#2535,#2536,#2537,#2538,#2539,#2540,#2541,#2542,#2543,#2544,#2545),(#2546,
#2547,#2548,#2549,#2550,#2551,#2552,#2553,#2554,#2555,#2556,#2557,#2558,
#2559,#2560,#2561,#2562,#2563,#2564,#2565),(#2566,#2567,#2568,#2569,#2570,
#2571,#2572,#2573,#2574,#2575,#2576,#2577,#2578,#2579,#2580,#2581,#2582,
#2583,#2584,#2585),(#2586,#2587,#2588,#2589,#2590,#2591,#2592,#2593,#2594,
#2595,#2596,#2597,#2598,#2599,#2600,#2601,#2602,#2603,#2604,#2605),(#2606,
#2607,#2608,#2609,#2610,#2611,#2612,#2613,#2614,#2615,#2616,#2617,#2618,
#2619,#2620,#2621,#2622,#2623,#2624,#2625),(#2626,#2627,#2628,#2629,#2630,
#2631,#2632,#2633,#2634,#2635,#2636,#2637,#2638,#2639,#2640,#2641,#2642,
#2643,#2644,#2645),(#2646,#2647,#2648,#2649,#2650,#2651,#2652,#2653,#2654,
#2655,#2656,#2657,#2658,#2659,#2660,#2661,#2662,#2663,#2664,#2665),(#2666,
#2667,#2668,#2669,#2670,#2671,#2672,#2673,#2674,#2675,#2676,#2677,#2678,
#2679,#2680,#2681,#2682,#2683,#2684,#2685),(#2686,#2687,#2688,#2689,#2690,
#2691,#2692,#2693,#2694,#2695,#2696,#2697,#2698,#2699,#2700,#2701,#2702,
#2703,#2704,#2705),(#2706,#2707,#2708,#2709,#2710,#2711,#2712,#2713,#2714,
#2715,#2716,#2717,#2718,#2719,#2720,#2721,#2722,#2723,#2724,#2725),(#2726,
#2727,#2728,#2729,#2730,#2731,#2732,#2733,#2734,#2735,#2736,#2737,#2738,
#2739,#2740,#2741,#2742,#2743,#2744,#2745),(#2746,#2747,#2748,#2749,#2750,
#2751,#2752,#2753,#2754,#2755,#2756,#2757,#2758,#2759,#2760,#2761,#2762,
#2763,#2764,#2765),(#2766,#2767,#2768,#2769,#2770,#2771,#2772,#2773,#2774,
#2775,#2776,#2777,#2778,#2779,#2780,#2781,#2782,#2783,#2784,#2785),(#2786,
#2787,#2788,#2789,#2790,#2791,#2792,#2793,#2794,#2795,#2796,#2797,#2798,
#2799,#2800,#2801,#2802,#2803,#2804,#2805),(#2806,#2807,#2808,#2809,#2810,
#2811,#2812,#2813,#2814,#2815,#2816,#2817,#2818,#2819,#2820,#2821,#2822,
#2823,#2824,#2825),(#2826,#2827,#2828,#2829,#2830,#2831,#2832,#2833,#2834,
#2835,#2836,#2837,#2838,#2839,#2840,#2841,#2842,#2843,#2844,#2845),(#2846,
#2847,#2848,#2849,#2850,#2851,#2852,#2853,#2854,#2855,#2856,#2857,#2858,
#2859,#2860,#2861,#2862,#2863,#2864,#2865),(#2866,#2867,#2868,#2869,#2870,
#2871,#2872,#2873,#2874,#2875,#2876,#2877,#2878,#2879,#2880,#2881,#2882,
#2883,#2884,#2885),(#2886,#2887,#2888,#2889,#2890,#2891,#2892,#2893,#2894,
#2895,#2896,#2897,#2898,#2899,#2900,#2901,#2902,#2903,#2904,#2905),(#2906,
#2907,#2908,#2909,#2910,#2911,#2912,#2913,#2914,#2915,#2916,#2917,#2918,
#2919,#2920,#2921,#2922,#2923,#2924,#2925),(#2926,#2927,#2928,#2929,#2930,
#2931,#2932,#2933,#2934,#2935,#2936,#2937,#2938,#2939,#2940,#2941,#2942,
#2943,#2944,#2945),(#2946,#2947,#2948,#2949,#2950,#2951,#2952,#2953,#2954,
#2955,#2956,#2957,#2958,#2959,#2960,#2961,#2962,#2963,#2964,#2965),(#2966,
#2967,#2968,#2969,#2970,#2971,#2972,#2973,#2974,#2975,#2976,#2977,#2978,
#2979,#2980,#2981,#2982,#2983,#2984,#2985),(#2986,#2987,#2988,#2989,#2990,
#2991,#2992,#2993,#2994,#2995,#2996,#2997,#2998,#2999,#3000,#3001,#3002,
#3003,#3004,#3005),(#3006,#3007,#3008,#3009,#3010,#3011,#3012,#3013,#3014,
#3015,#3016,#3017,#3018,#3019,#3020,#3021,#3022,#3023,#3024,#3025),(#3026,
#3027,#3028,#3029,#3030,#3031,#3032,#3033,#3034,#3035,#3036,#3037,#3038,
#3039,#3040,#3041,#3042,#3043,#3044,#3045),(#3046,#3047,#3048,#3049,#3050,
#3051,#3052,#3053,#3054,#3055,#3056,#3057,#3058,#3059,#3060,#3061,#3062,
#3063,#3064,#3065),(#3066,#3067,#3068,#3069,#3070,#3071,#3072,#3073,#3074,
#3075,#3076,#3077,#3078,#3079,#3080,#3081,#3082,#3083,#3084,#3085),(#3086,
#3087,#3088,#3089,#3090,#3091,#3092,#3093,#3094,#3095,#3096,#3097,#3098,
#3099,#3100,#3101,#3102,#3103,#3104,#3105),(#3106,#3107,#3108,#3109,#3110,
#3111,#3112,#3113,#3114,#3115,#3116,#3117,#3118,#3119,#3120,#3121,#3122,
#3123,#3124,#3125),(#3126,#3127,#3128,#3129,#3130,#3131,#3132,#3133,#3134,
#3135,#3136,#3137,#3138,#3139,#3140,#3141,#3142,#3143,#3144,#3145),(#3146,
#3147,#3148,#3149,#3150,#3151,#3152,#3153,#3154,#3155,#3156,#3157,#3158,
#3159,#3160,#3161,#3162,#3163,#3164,#3165),(#3166,#3167,#3168,#3169,#3170,
#3171,#3172,#3173,#3174,#3175,#3176,#3177,#3178,#3179,#3180,#3181,#3182,
#3183,#3184,#3185),(#3186,#3187,#3188,#3189,#3190,#3191,#3192,#3193,#3194,
#3195,#3196,#3197,#3198,#3199,#3200,#3201,#3202,#3203,#3204,#3205),(#3206,
#3207,#3208,#3209,#3210,#3211,#3212,#3213,#3214,#3215,#3216,#3217,#3218,
#3219,#3220,#3221,#3222,#3223,#3224,#3225),(#3226,#3227,#3228,#3229,#3230,
#3231,#3232,#3233,#3234,#3235,#3236,#3237,#3238,#3239,#3240,#3241,#3242,
#3243,#3244,#3245),(#3246,#3247,#3248,#3249,#3250,#3251,#3252,#3253,#3254,
#3255,#3256,#3257,#3258,#3259,#3260,#3261,#3262,#3263,#3264,#3265)),
 .UNSPECIFIED.,.T.,.F.,.F.,(1,1,2,1,1,1,1,1,1,1,1,1,1,1,1,1,1,2,1,1,1,1,
1,1,1,1,1,1,1,1,1,1,1,1,1,1,1,1,1,1,1,1,1,1,1,1,1,1,1,1,1,1,2,1,1,1,1,1,
1,1,1,1,1,1,1,1,1,1,2,1,1),(4,1,1,1,1,1,1,1,1,1,1,1,1,1,1,1,1,4),(-0.00515548929698073,
-0.00301609956609072,0.,0.00866833159291192,0.0113386172038392,0.0166277113740021,
0.0205257740341938,0.0313741356470914,0.0394700782550149,0.0477475938262031,
0.0582402431291422,0.0674494390560662,0.0876792598435332,0.103998274322049,
0.141184942255361,0.166574342817085,0.212892004888704,0.25,0.267924068656067,
0.315379914088395,0.318884576020669,0.366956630005333,0.370313882649995,
0.41880859175024,0.422080060329561,0.429321873887947,0.467412683325651,
0.471024798983197,0.476689708955385,0.481779212498571,0.493992117357116,
0.497299999999656,0.499799999997768,0.503099999999166,0.50578320467002,
0.508314068424387,0.51010014604346,0.513870643957498,0.517317938727003,
0.522580769767333,0.530991616163573,0.53386213079062,0.538980968744374,
0.542185151133821,0.547066406992866,0.581006171029186,0.589207657629616,
0.596048690427816,0.633142211343757,0.645060797909022,0.684235568094432,
0.68748191540433,0.75,0.78644101002648,0.837512765710727,0.863050065993636,
0.865967764658462,0.890914410825458,0.914484423720051,0.935667052463559,
0.952790811914192,0.965616426734722,0.973368167803935,0.97870479364548,
0.985560494321673,0.987236743418232,0.994844510703019,0.996983900433909,
1.,1.00866833159291,1.01133861720384),(0.0076258872788409,0.165599629957104,
0.217867048073044,0.269552038683446,0.320919259507027,0.371901848498558,
0.422732237935959,0.473558349911034,0.524460447243705,0.575381719767322,
0.626505790773908,0.677894484438387,0.729589586841768,0.781704730857703,
0.834286061554471,0.887622623572063,0.944044471238438,1.),.UNSPECIFIED.);
#31=ORIENTED_EDGE('',*,*,#51,.T.);
#32=ORIENTED_EDGE('',*,*,#52,.T.);
#33=ORIENTED_EDGE('',*,*,#53,.F.);
#34=ORIENTED_EDGE('',*,*,#54,.T.);
#35=ORIENTED_EDGE('',*,*,#55,.T.);
#36=ORIENTED_EDGE('',*,*,#54,.F.);
#37=ORIENTED_EDGE('',*,*,#56,.F.);
#38=ORIENTED_EDGE('',*,*,#57,.T.);
#39=ORIENTED_EDGE('',*,*,#51,.F.);
#40=ORIENTED_EDGE('',*,*,#56,.T.);
#41=ORIENTED_EDGE('',*,*,#58,.T.);
#42=ORIENTED_EDGE('',*,*,#57,.F.);
#43=ORIENTED_EDGE('',*,*,#59,.F.);
#44=ORIENTED_EDGE('',*,*,#55,.F.);
#45=ORIENTED_EDGE('',*,*,#59,.T.);
#46=ORIENTED_EDGE('',*,*,#60,.T.);
#47=ORIENTED_EDGE('',*,*,#58,.F.);
#48=ORIENTED_EDGE('',*,*,#52,.F.);
#49=ORIENTED_EDGE('',*,*,#60,.F.);
#50=ORIENTED_EDGE('',*,*,#53,.T.);
#51=EDGE_CURVE('',#61,#61,#71,.T.);
#52=EDGE_CURVE('',#62,#62,#72,.T.);
#53=EDGE_CURVE('',#63,#63,#25,.T.);
#54=EDGE_CURVE('',#64,#64,#26,.T.);
#55=EDGE_CURVE('',#65,#65,#27,.T.);
#56=EDGE_CURVE('',#66,#66,#73,.T.);
#57=EDGE_CURVE('',#67,#67,#74,.T.);
#58=EDGE_CURVE('',#68,#68,#75,.T.);
#59=EDGE_CURVE('',#69,#69,#28,.F.);
#60=EDGE_CURVE('',#70,#70,#76,.T.);
#61=VERTEX_POINT('',#261);
#62=VERTEX_POINT('',#263);
#63=VERTEX_POINT('',#1747);
#64=VERTEX_POINT('',#1791);
#65=VERTEX_POINT('',#1837);
#66=VERTEX_POINT('',#1839);
#67=VERTEX_POINT('',#1841);
#68=VERTEX_POINT('',#1845);
#69=VERTEX_POINT('',#3321);
#70=VERTEX_POINT('',#3325);
#71=CIRCLE('',#215,0.00315);
#72=CIRCLE('',#216,0.00315);
#73=CIRCLE('',#218,0.0065);
#74=CIRCLE('',#219,0.0065);
#75=CIRCLE('',#222,0.005075);
#76=CIRCLE('',#225,0.005075);
#77=EDGE_LOOP('',(#31));
#78=EDGE_LOOP('',(#32));
#79=EDGE_LOOP('',(#33));
#80=EDGE_LOOP('',(#34));
#81=EDGE_LOOP('',(#35));
#82=EDGE_LOOP('',(#36));
#83=EDGE_LOOP('',(#37));
#84=EDGE_LOOP('',(#38));
#85=EDGE_LOOP('',(#39));
#86=EDGE_LOOP('',(#40));
#87=EDGE_LOOP('',(#41));
#88=EDGE_LOOP('',(#42));
#89=EDGE_LOOP('',(#43));
#90=EDGE_LOOP('',(#44));
#91=EDGE_LOOP('',(#45));
#92=EDGE_LOOP('',(#46));
#93=EDGE_LOOP('',(#47));
#94=EDGE_LOOP('',(#48));
#95=EDGE_LOOP('',(#49));
#96=EDGE_LOOP('',(#50));
#97=FACE_BOUND('',#77,.T.);
#98=FACE_BOUND('',#78,.T.);
#99=FACE_BOUND('',#79,.T.);
#100=FACE_BOUND('',#80,.T.);
#101=FACE_BOUND('',#81,.T.);
#102=FACE_BOUND('',#82,.T.);
#103=FACE_BOUND('',#83,.T.);
#104=FACE_BOUND('',#84,.T.);
#105=FACE_BOUND('',#85,.T.);
#106=FACE_BOUND('',#86,.T.);
#107=FACE_BOUND('',#87,.T.);
#108=FACE_BOUND('',#88,.T.);
#109=FACE_BOUND('',#89,.T.);
#110=FACE_BOUND('',#90,.T.);
#111=FACE_BOUND('',#91,.T.);
#112=FACE_BOUND('',#92,.T.);
#113=FACE_BOUND('',#93,.T.);
#114=FACE_BOUND('',#94,.T.);
#115=FACE_BOUND('',#95,.T.);
#116=FACE_BOUND('',#96,.T.);
#117=CYLINDRICAL_SURFACE('',#214,0.00315);
#118=CYLINDRICAL_SURFACE('',#217,0.0065);
#119=CYLINDRICAL_SURFACE('',#224,0.005075);
#120=OVER_RIDING_STYLED_ITEM('',(#144),#131,#142);
#121=OVER_RIDING_STYLED_ITEM('',(#145),#132,#142);
#122=OVER_RIDING_STYLED_ITEM('',(#146),#133,#142);
#123=OVER_RIDING_STYLED_ITEM('',(#147),#134,#142);
#124=OVER_RIDING_STYLED_ITEM('',(#148),#135,#142);
#125=OVER_RIDING_STYLED_ITEM('',(#149),#136,#142);
#126=OVER_RIDING_STYLED_ITEM('',(#150),#137,#142);
#127=OVER_RIDING_STYLED_ITEM('',(#151),#138,#142);
#128=OVER_RIDING_STYLED_ITEM('',(#152),#139,#142);
#129=OVER_RIDING_STYLED_ITEM('',(#153),#140,#142);
#130=DRAUGHTING_PRE_DEFINED_COLOUR('white');
#131=ADVANCED_FACE('',(#97,#98),#117,.F.);
#132=ADVANCED_FACE('',(#99,#100),#29,.F.);
#133=ADVANCED_FACE('',(#101,#102,#103,#104),#118,.T.);
#134=ADVANCED_FACE('',(#105,#106),#20,.F.);
#135=ADVANCED_FACE('',(#107,#108),#21,.T.);
#136=ADVANCED_FACE('',(#109,#110),#30,.F.);
#137=ADVANCED_FACE('',(#111),#22,.T.);
#138=ADVANCED_FACE('',(#112,#113),#119,.F.);
#139=ADVANCED_FACE('',(#114,#115),#23,.T.);
#140=ADVANCED_FACE('',(#116),#24,.F.);
#141=CLOSED_SHELL('',(#131,#132,#133,#134,#135,#136,#137,#138,#139,#140));
#142=STYLED_ITEM('',(#143),#210);
#143=PRESENTATION_STYLE_ASSIGNMENT((#154));
#144=PRESENTATION_STYLE_ASSIGNMENT((#155));
#145=PRESENTATION_STYLE_ASSIGNMENT((#156));
#146=PRESENTATION_STYLE_ASSIGNMENT((#157));
#147=PRESENTATION_STYLE_ASSIGNMENT((#158));
#148=PRESENTATION_STYLE_ASSIGNMENT((#159));
#149=PRESENTATION_STYLE_ASSIGNMENT((#160));
#150=PRESENTATION_STYLE_ASSIGNMENT((#161));
#151=PRESENTATION_STYLE_ASSIGNMENT((#162));
#152=PRESENTATION_STYLE_ASSIGNMENT((#163));
#153=PRESENTATION_STYLE_ASSIGNMENT((#164));
#154=SURFACE_STYLE_USAGE(.BOTH.,#165);
#155=SURFACE_STYLE_USAGE(.BOTH.,#166);
#156=SURFACE_STYLE_USAGE(.BOTH.,#167);
#157=SURFACE_STYLE_USAGE(.BOTH.,#168);
#158=SURFACE_STYLE_USAGE(.BOTH.,#169);
#159=SURFACE_STYLE_USAGE(.BOTH.,#170);
#160=SURFACE_STYLE_USAGE(.BOTH.,#171);
#161=SURFACE_STYLE_USAGE(.BOTH.,#172);
#162=SURFACE_STYLE_USAGE(.BOTH.,#173);
#163=SURFACE_STYLE_USAGE(.BOTH.,#174);
#164=SURFACE_STYLE_USAGE(.BOTH.,#175);
#165=SURFACE_SIDE_STYLE('',(#176));
#166=SURFACE_SIDE_STYLE('',(#177));
#167=SURFACE_SIDE_STYLE('',(#178));
#168=SURFACE_SIDE_STYLE('',(#179));
#169=SURFACE_SIDE_STYLE('',(#180));
#170=SURFACE_SIDE_STYLE('',(#181));
#171=SURFACE_SIDE_STYLE('',(#182));
#172=SURFACE_SIDE_STYLE('',(#183));
#173=SURFACE_SIDE_STYLE('',(#184));
#174=SURFACE_SIDE_STYLE('',(#185));
#175=SURFACE_SIDE_STYLE('',(#186));
#176=SURFACE_STYLE_FILL_AREA(#187);
#177=SURFACE_STYLE_FILL_AREA(#188);
#178=SURFACE_STYLE_FILL_AREA(#189);
#179=SURFACE_STYLE_FILL_AREA(#190);
#180=SURFACE_STYLE_FILL_AREA(#191);
#181=SURFACE_STYLE_FILL_AREA(#192);
#182=SURFACE_STYLE_FILL_AREA(#193);
#183=SURFACE_STYLE_FILL_AREA(#194);
#184=SURFACE_STYLE_FILL_AREA(#195);
#185=SURFACE_STYLE_FILL_AREA(#196);
#186=SURFACE_STYLE_FILL_AREA(#197);
#187=FILL_AREA_STYLE('',(#198));
#188=FILL_AREA_STYLE('',(#199));
#189=FILL_AREA_STYLE('',(#200));
#190=FILL_AREA_STYLE('',(#201));
#191=FILL_AREA_STYLE('',(#202));
#192=FILL_AREA_STYLE('',(#203));
#193=FILL_AREA_STYLE('',(#204));
#194=FILL_AREA_STYLE('',(#205));
#195=FILL_AREA_STYLE('',(#206));
#196=FILL_AREA_STYLE('',(#207));
#197=FILL_AREA_STYLE('',(#208));
#198=FILL_AREA_STYLE_COLOUR('',#209);
#199=FILL_AREA_STYLE_COLOUR('',#130);
#200=FILL_AREA_STYLE_COLOUR('',#130);
#201=FILL_AREA_STYLE_COLOUR('',#130);
#202=FILL_AREA_STYLE_COLOUR('',#130);
#203=FILL_AREA_STYLE_COLOUR('',#130);
#204=FILL_AREA_STYLE_COLOUR('',#130);
#205=FILL_AREA_STYLE_COLOUR('',#130);
#206=FILL_AREA_STYLE_COLOUR('',#130);
#207=FILL_AREA_STYLE_COLOUR('',#130);
#208=FILL_AREA_STYLE_COLOUR('',#130);
#209=COLOUR_RGB('',0.796078431372549,0.823529411764706,0.937254901960784);
#210=MANIFOLD_SOLID_BREP('CW 8038 propeller',#141);
#211=SHAPE_DEFINITION_REPRESENTATION(#3334,#212);
#212=SHAPE_REPRESENTATION('CW 8038 propeller',(#213),#3329);
#213=AXIS2_PLACEMENT_3D('',#258,#228,#229);
#214=AXIS2_PLACEMENT_3D('',#259,#230,#231);
#215=AXIS2_PLACEMENT_3D('',#260,#232,#233);
#216=AXIS2_PLACEMENT_3D('',#262,#234,#235);
#217=AXIS2_PLACEMENT_3D('',#1792,#236,#237);
#218=AXIS2_PLACEMENT_3D('',#1838,#238,#239);
#219=AXIS2_PLACEMENT_3D('',#1840,#240,#241);
#220=AXIS2_PLACEMENT_3D('',#1842,#242,#243);
#221=AXIS2_PLACEMENT_3D('',#1843,#244,#245);
#222=AXIS2_PLACEMENT_3D('',#1844,#246,#247);
#223=AXIS2_PLACEMENT_3D('',#3322,#248,#249);
#224=AXIS2_PLACEMENT_3D('',#3323,#250,#251);
#225=AXIS2_PLACEMENT_3D('',#3324,#252,#253);
#226=AXIS2_PLACEMENT_3D('',#3326,#254,#255);
#227=AXIS2_PLACEMENT_3D('',#3327,#256,#257);
#228=DIRECTION('',(0.,0.,1.));
#229=DIRECTION('',(1.,0.,0.));
#230=DIRECTION('',(1.04922733593125E-26,1.,-1.32668320595197E-13));
#231=DIRECTION('',(0.,1.32668320595197E-13,1.));
#232=DIRECTION('',(-1.04922733593125E-26,-1.,1.32668320595197E-13));
#233=DIRECTION('',(1.58173003355141E-13,-1.32668320595197E-13,-1.));
#234=DIRECTION('',(1.04922733593125E-26,1.,-1.32668320595197E-13));
#235=DIRECTION('',(0.,1.32668320595197E-13,1.));
#236=DIRECTION('',(1.04922733593125E-26,1.,-1.32668320595197E-13));
#237=DIRECTION('',(0.,1.32668320595197E-13,1.));
#238=DIRECTION('',(-1.04922733593125E-26,-1.,1.32668320595197E-13));
#239=DIRECTION('',(1.58173003355141E-13,-1.32668320595197E-13,-1.));
#240=DIRECTION('',(-1.04922733593125E-26,-1.,1.32668320595197E-13));
#241=DIRECTION('',(1.58173003355141E-13,-1.32668320595197E-13,-1.));
#242=DIRECTION('',(1.04922733593125E-26,1.,-1.32668320595197E-13));
#243=DIRECTION('',(1.58173003355141E-13,-1.32668320595197E-13,-1.));
#244=DIRECTION('',(1.04922733593125E-26,1.,-1.32668320595197E-13));
#245=DIRECTION('',(1.58173003355141E-13,-1.32668320595197E-13,-1.));
#246=DIRECTION('',(-1.04922733593125E-26,-1.,1.32668320595197E-13));
#247=DIRECTION('',(1.58173003355141E-13,-1.32668320595197E-13,-1.));
#248=DIRECTION('',(-7.90865016775707E-14,1.99002480892795E-13,1.));
#249=DIRECTION('',(-1.,0.,-7.90865016775707E-14));
#250=DIRECTION('',(1.04922733593125E-26,1.,-1.32668320595197E-13));
#251=DIRECTION('',(0.,1.32668320595197E-13,1.));
#252=DIRECTION('',(-1.04922733593125E-26,-1.,1.32668320595197E-13));
#253=DIRECTION('',(1.58173003355141E-13,-1.32668320595197E-13,-1.));
#254=DIRECTION('',(1.04922733593125E-26,1.,-1.32668320595197E-13));
#255=DIRECTION('',(1.58173003355141E-13,-1.32668320595197E-13,-1.));
#256=DIRECTION('',(0.,0.,1.));
#257=DIRECTION('',(1.,0.,0.));
#258=CARTESIAN_POINT('',(0.,0.,0.));
#259=CARTESIAN_POINT('',(6.93889390390723E-18,-0.000400000000012977,-1.32671651442706E-14));
#260=CARTESIAN_POINT('',(6.93889390390723E-18,-0.000400000000012977,-1.32671651442706E-14));
#261=CARTESIAN_POINT('',(5.05183854472601E-16,-0.000400000000013395,-0.00315000000001327));
#262=CARTESIAN_POINT('',(6.93889390390723E-18,0.00580000000001297,-1.40998324127395E-14));
#263=CARTESIAN_POINT('',(6.93889390390723E-18,0.00580000000001339,0.0031499999999859));
#264=CARTESIAN_POINT('',(0.00604156570609655,0.00317657437669236,-0.000769706551635846));
#265=CARTESIAN_POINT('',(0.00460445621774863,0.00452063205711325,-0.00608078335329747));
#266=CARTESIAN_POINT('',(0.00274069382200585,0.0062788338923671,-0.0131388734777761));
#267=CARTESIAN_POINT('',(0.00217632416857071,0.00736942515852218,-0.0215625260060571));
#268=CARTESIAN_POINT('',(0.00178649581289628,0.00779239407394036,-0.0266685347358475));
#269=CARTESIAN_POINT('',(0.00137897766138037,0.0084110527343781,-0.0317383598640175));
#270=CARTESIAN_POINT('',(0.0010107706839538,0.00858030534572556,-0.0368334176693304));
#271=CARTESIAN_POINT('',(0.000476198068125392,0.0082947581280755,-0.0419195645463749));
#272=CARTESIAN_POINT('',(-0.000405433464901052,0.00813803472842027,-0.0470047875683934));
#273=CARTESIAN_POINT('',(-0.00151154640227083,0.0076743640638682,-0.0520794861511377));
#274=CARTESIAN_POINT('',(-0.00275178133976329,0.00727461680049012,-0.057171010201305));
#275=CARTESIAN_POINT('',(-0.00432332938482551,0.00691863020978701,-0.0622530145045067));
#276=CARTESIAN_POINT('',(-0.00615304142034907,0.00655795051361839,-0.0673349457013923));
#277=CARTESIAN_POINT('',(-0.00818244163171299,0.00600572068322854,-0.0724201677227519));
#278=CARTESIAN_POINT('',(-0.0105287161121728,0.00559275753113573,-0.0775055581060421));
#279=CARTESIAN_POINT('',(-0.0131790925396825,0.0051934129039365,-0.0825809737304467));
#280=CARTESIAN_POINT('',(-0.0159302332535749,0.00459564331591247,-0.0878151117300293));
#281=CARTESIAN_POINT('',(-0.0202916963745191,0.00420086564171184,-0.0926744502811105));
#282=CARTESIAN_POINT('',(-0.022873181458408,0.00384613842098364,-0.0960962163910301));
#283=CARTESIAN_POINT('',(-0.0241585679610171,0.00366951079509584,-0.0978000000000176));
#284=CARTESIAN_POINT('',(0.00603972528973562,0.00324880850596752,-0.00076970655163587));
#285=CARTESIAN_POINT('',(0.00458991663630064,0.00460182082730299,-0.00608078335329747));
#286=CARTESIAN_POINT('',(0.0027092758049968,0.00637208316646069,-0.013138873477776));
#287=CARTESIAN_POINT('',(0.0021246887812492,0.00748284625317704,-0.0215625260060571));
#288=CARTESIAN_POINT('',(0.00173413167765972,0.00791874628301655,-0.0266685347358475));
#289=CARTESIAN_POINT('',(0.00128703676688176,0.00853205456523614,-0.0317383598640176));
#290=CARTESIAN_POINT('',(0.000914082220265309,0.00870994611586877,-0.0368334176693303));
#291=CARTESIAN_POINT('',(0.000384290580285745,0.00843377286578135,-0.0419195645463749));
#292=CARTESIAN_POINT('',(-0.000518511619790039,0.00827453185444259,-0.0470047875683934));
#293=CARTESIAN_POINT('',(-0.00162059995353215,0.00781496083164974,-0.0520794861511377));
#294=CARTESIAN_POINT('',(-0.00286181836290352,0.00741586727393161,-0.057171010201305));
#295=CARTESIAN_POINT('',(-0.00442615552052702,0.00705932847832978,-0.0622530145045067));
#296=CARTESIAN_POINT('',(-0.00626081756574989,0.00669315488348757,-0.0673349457013924));
#297=CARTESIAN_POINT('',(-0.00822750981275608,0.0061466654033383,-0.0724201677227519));
#298=CARTESIAN_POINT('',(-0.0105647969422349,0.00572351714817768,-0.0775055581060421));
#299=CARTESIAN_POINT('',(-0.013225309006811,0.00530892783235649,-0.0825809737304468));
#300=CARTESIAN_POINT('',(-0.0159373694073503,0.00470184789742489,-0.0878151117300292));
#301=CARTESIAN_POINT('',(-0.0203529854436447,0.00426452177046751,-0.0926744502811106));
#302=CARTESIAN_POINT('',(-0.0229053079278348,0.00389784348231683,-0.0960962163910301));
#303=CARTESIAN_POINT('',(-0.0241761736368636,0.0037152651186725,-0.0978000000000177));
#304=CARTESIAN_POINT('',(0.00603307906052505,0.00331818686130043,-0.00076970655163587));
#305=CARTESIAN_POINT('',(0.00456779066175194,0.00467802968106084,-0.00608078335329747));
#306=CARTESIAN_POINT('',(0.002666219638113,0.00645737235136693,-0.0131388734777761));
#307=CARTESIAN_POINT('',(0.00204373188862835,0.00757908156562509,-0.0215625260060572));
#308=CARTESIAN_POINT('',(0.0016377936506975,0.00802327789687712,-0.0266685347358476));
#309=CARTESIAN_POINT('',(0.00115179419374777,0.00862851183855528,-0.0317383598640176));
#310=CARTESIAN_POINT('',(0.000764562496378404,0.00881260435101339,-0.0368334176693304));
#311=CARTESIAN_POINT('',(0.00022781203231346,0.0085458566983921,-0.0419195645463749));
#312=CARTESIAN_POINT('',(-0.000691203419420482,0.00838374170141145,-0.0470047875683935));
#313=CARTESIAN_POINT('',(-0.0017926025401448,0.0079297171171817,-0.0520794861511379));
#314=CARTESIAN_POINT('',(-0.00303366817667289,0.00753257895961013,-0.057171010201305));
#315=CARTESIAN_POINT('',(-0.0045898690836824,0.00717748139912656,-0.0622530145045068));
#316=CARTESIAN_POINT('',(-0.00641984736968702,0.00680699109902074,-0.0673349457013925));
#317=CARTESIAN_POINT('',(-0.00834371045089907,0.00627354994690089,-0.072420167722752));
#318=CARTESIAN_POINT('',(-0.0106609656858294,0.00584268436120176,-0.0775055581060422));
#319=CARTESIAN_POINT('',(-0.0133134482914794,0.00541383985362615,-0.0825809737304469));
#320=CARTESIAN_POINT('',(-0.0159851437287774,0.00480244777263472,-0.0878151117300292));
#321=CARTESIAN_POINT('',(-0.0204126800030592,0.00431967325431884,-0.0926744502811106));
#322=CARTESIAN_POINT('',(-0.022939191772536,0.0039449947683232,-0.0960962163910301));
#323=CARTESIAN_POINT('',(-0.0241972056760199,0.00375843290448656,-0.0978000000000177));
#324=CARTESIAN_POINT('',(0.00601441958829802,0.00341846040652811,-0.000769706551635874));
#325=CARTESIAN_POINT('',(0.00452166765290016,0.00478481402686154,-0.0060807833532975));
#326=CARTESIAN_POINT('',(0.00258301100808606,0.00657255848984788,-0.0131388734777761));
#327=CARTESIAN_POINT('',(0.0018950637097328,0.00769526279348743,-0.0215625260060572));
#328=CARTESIAN_POINT('',(0.00145847288434113,0.00814365761889678,-0.0266685347358476));
#329=CARTESIAN_POINT('',(0.000937427661326043,0.00873042043878006,-0.0317383598640176));
#330=CARTESIAN_POINT('',(0.000535645277997744,0.00891644226793064,-0.0368334176693305));
#331=CARTESIAN_POINT('',(-1.25435127107613E-5,0.00865868972039695,-0.0419195645463749));
#332=CARTESIAN_POINT('',(-0.000931425448679298,0.00848659648132953,-0.0470047875683936));
#333=CARTESIAN_POINT('',(-0.00203108940324019,0.00803845302668519,-0.0520794861511377));
#334=CARTESIAN_POINT('',(-0.00326743604480608,0.00764253377510463,-0.0571710102013052));
#335=CARTESIAN_POINT('',(-0.00481580725511714,0.00729150253998332,-0.0622530145045067));
#336=CARTESIAN_POINT('',(-0.00663265234080051,0.0069159623565092,-0.0673349457013923));
#337=CARTESIAN_POINT('',(-0.00854713058153349,0.00641775107130802,-0.0724201677227521));
#338=CARTESIAN_POINT('',(-0.0108345460568999,0.00598270589519359,-0.0775055581060422));
#339=CARTESIAN_POINT('',(-0.0134645389652232,0.00553851702049324,-0.0825809737304467));
#340=CARTESIAN_POINT('',(-0.016092031438201,0.00493327313590504,-0.0878151117300293));
#341=CARTESIAN_POINT('',(-0.0204949441104362,0.0043877682568598,-0.0926744502811105));
#342=CARTESIAN_POINT('',(-0.0229901387817169,0.00400772827864021,-0.0960962163910301));
#343=CARTESIAN_POINT('',(-0.0242325591125036,0.00381849679266183,-0.0978000000000177));
#344=CARTESIAN_POINT('',(0.00599672424273991,0.00348921641390035,-0.000769706551635898));
#345=CARTESIAN_POINT('',(0.00448226751826937,0.0048584547592532,-0.0060807833532975));
#346=CARTESIAN_POINT('',(0.00251440034814604,0.00664973437106126,-0.0131388734777761));
#347=CARTESIAN_POINT('',(0.00177839473342924,0.00776590254543319,-0.0215625260060573));
#348=CARTESIAN_POINT('',(0.00131959502465832,0.00821321835654899,-0.0266685347358475));
#349=CARTESIAN_POINT('',(0.000790619598278121,0.00878260645158428,-0.0317383598640176));
#350=CARTESIAN_POINT('',(0.000379566186638826,0.00896758595183668,-0.0368334176693305));
#351=CARTESIAN_POINT('',(-0.000173995184549775,0.00871296285835009,-0.0419195645463749));
#352=CARTESIAN_POINT('',(-0.00109563085758066,0.00853622048508938,-0.0470047875683936));
#353=CARTESIAN_POINT('',(-0.0021952760773734,0.00809210526585395,-0.0520794861511378));
#354=CARTESIAN_POINT('',(-0.00342995778625028,0.00769808896493164,-0.0571710102013052));
#355=CARTESIAN_POINT('',(-0.00497360851283443,0.00735033716539622,-0.0622530145045068));
#356=CARTESIAN_POINT('',(-0.00678253601022781,0.00697390237937244,-0.0673349457013925));
#357=CARTESIAN_POINT('',(-0.00868562890142924,0.00649290879282281,-0.0724201677227521));
#358=CARTESIAN_POINT('',(-0.0109604894461409,0.00606145176343755,-0.0775055581060423));
#359=CARTESIAN_POINT('',(-0.0135722748895198,0.0056096589846196,-0.0825809737304468));
#360=CARTESIAN_POINT('',(-0.0161778379363413,0.00501488493869519,-0.0878151117300293));
#361=CARTESIAN_POINT('',(-0.0205554731585792,0.00443314063450492,-0.0926744502811106));
#362=CARTESIAN_POINT('',(-0.0230282632966562,0.00405022364321749,-0.0960962163910301));
#363=CARTESIAN_POINT('',(-0.0242595278455417,0.00385955961990303,-0.0978000000000177));
#364=CARTESIAN_POINT('',(0.00595846744843015,0.00360726030510069,-0.000769706551635937));
#365=CARTESIAN_POINT('',(0.00440368788766587,0.00497801318879186,-0.00608078335329762));
#366=CARTESIAN_POINT('',(0.00238213764614064,0.00677058449037265,-0.0131388734777763));
#367=CARTESIAN_POINT('',(0.00157858406869965,0.00786231207450934,-0.0215625260060572));
#368=CARTESIAN_POINT('',(0.00109477185638314,0.00829937067863392,-0.0266685347358478));
#369=CARTESIAN_POINT('',(0.00054243518099596,0.00884514673585339,-0.0317383598640177));
#370=CARTESIAN_POINT('',(0.000112563808297808,0.00902997085188332,-0.0368334176693306));
#371=CARTESIAN_POINT('',(-0.000451432929128895,0.00878024714268372,-0.041919564546375));
#372=CARTESIAN_POINT('',(-0.00138375838588559,0.00860342104663954,-0.0470047875683936));
#373=CARTESIAN_POINT('',(-0.00248374519135796,0.00816675538208235,-0.0520794861511379));
#374=CARTESIAN_POINT('',(-0.00371676320476679,0.00777803935271764,-0.0571710102013051));
#375=CARTESIAN_POINT('',(-0.00525177133269732,0.00743537808254204,-0.0622530145045069));
#376=CARTESIAN_POINT('',(-0.00704916101709861,0.00706144367867268,-0.0673349457013923));
#377=CARTESIAN_POINT('',(-0.00892329401880412,0.00659258596729938,-0.0724201677227519));
#378=CARTESIAN_POINT('',(-0.0111740765867847,0.00616613394598611,-0.0775055581060423));
#379=CARTESIAN_POINT('',(-0.0137591008637404,0.00570917046323858,-0.0825809737304469));
#380=CARTESIAN_POINT('',(-0.0163226361371194,0.00512654052499371,-0.0878151117300293));
#381=CARTESIAN_POINT('',(-0.0206660342083865,0.00450823119503359,-0.0926744502811107));
#382=CARTESIAN_POINT('',(-0.0230977473382436,0.00411939555939278,-0.0960962163910302));
#383=CARTESIAN_POINT('',(-0.0243085586091833,0.00392578449384551,-0.0978000000000177));
#384=CARTESIAN_POINT('',(0.0059011334385833,0.00373873184092799,-0.000769706551635957));
#385=CARTESIAN_POINT('',(0.00430330502405178,0.00510326298149756,-0.00608078335329758));
#386=CARTESIAN_POINT('',(0.00222441223648379,0.00688669795433844,-0.0131388734777762));
#387=CARTESIAN_POINT('',(0.00134761831648882,0.0079362429356526,-0.0215625260060573));
#388=CARTESIAN_POINT('',(0.000830176692612205,0.00835991497423754,-0.0266685347358478));
#389=CARTESIAN_POINT('',(0.000243814731425843,0.0088900785633156,-0.0317383598640177));
#390=CARTESIAN_POINT('',(-0.00020742796269668,0.00907426193157976,-0.0368334176693306));
#391=CARTESIAN_POINT('',(-0.000785804881034241,0.00883163200867868,-0.0419195645463752));
#392=CARTESIAN_POINT('',(-0.00172778009171382,0.00865562307322622,-0.0470047875683936));
#393=CARTESIAN_POINT('',(-0.00282855044521049,0.00822794433083561,-0.0520794861511379));
#394=CARTESIAN_POINT('',(-0.00405924011174479,0.00784589417774321,-0.057171010201305));
#395=CARTESIAN_POINT('',(-0.00558474005262303,0.00750971472149992,-0.062253014504507));
#396=CARTESIAN_POINT('',(-0.00736773114464716,0.00713953962165798,-0.0673349457013924));
#397=CARTESIAN_POINT('',(-0.00921586258250286,0.00668573410519174,-0.0724201677227523));
#398=CARTESIAN_POINT('',(-0.0114365106805895,0.00626299917640467,-0.0775055581060423));
#399=CARTESIAN_POINT('',(-0.0139893571704898,0.00580438016582336,-0.0825809737304471));
#400=CARTESIAN_POINT('',(-0.0165035377468814,0.00522916923010453,-0.0878151117300295));
#401=CARTESIAN_POINT('',(-0.0207999720531724,0.00458611842184321,-0.0926744502811105));
#402=CARTESIAN_POINT('',(-0.0231841119130198,0.00419215693835953,-0.0960962163910302));
#403=CARTESIAN_POINT('',(-0.0243712352534976,0.00399599358394848,-0.0978000000000178));
#404=CARTESIAN_POINT('',(0.0058122713824627,0.00389052743647603,-0.000769706551635989));
#405=CARTESIAN_POINT('',(0.00416551153312537,0.00523698656501526,-0.00608078335329764));
#406=CARTESIAN_POINT('',(0.00202131416752065,0.0069958030853004,-0.0131388734777763));
#407=CARTESIAN_POINT('',(0.00105657230242472,0.00799427833602214,-0.0215625260060574));
#408=CARTESIAN_POINT('',(0.000501812841234903,0.00840158276481371,-0.0266685347358478));
#409=CARTESIAN_POINT('',(-0.000114104601245731,0.00891631313664862,-0.0317383598640178));
#410=CARTESIAN_POINT('',(-0.000589107616388917,0.0091000619287056,-0.0368334176693307));
#411=CARTESIAN_POINT('',(-0.00118366195635652,0.00886560787932995,-0.0419195645463752));
#412=CARTESIAN_POINT('',(-0.00213437756082024,0.00869223350519315,-0.0470047875683937));
#413=CARTESIAN_POINT('',(-0.0032366159622594,0.00827520408553207,-0.0520794861511381));
#414=CARTESIAN_POINT('',(-0.00446458228294965,0.00790162551266499,-0.0571710102013053));
#415=CARTESIAN_POINT('',(-0.00597981952152105,0.00757343447948282,-0.0622530145045069));
#416=CARTESIAN_POINT('',(-0.00774526242542746,0.00720926640610357,-0.0673349457013928));
#417=CARTESIAN_POINT('',(-0.00956956909869386,0.00677106665140844,-0.0724201677227521));
#418=CARTESIAN_POINT('',(-0.0117576838877443,0.00635458415207961,-0.0775055581060425));
#419=CARTESIAN_POINT('',(-0.0142706607358551,0.00589674593398083,-0.082580973730447));
#420=CARTESIAN_POINT('',(-0.0167357370115871,0.00533126790852574,-0.0878151117300294));
#421=CARTESIAN_POINT('',(-0.0209610705940772,0.00466905567270767,-0.0926744502811108));
#422=CARTESIAN_POINT('',(-0.0232926524288256,0.00427107476891361,-0.0960962163910302));
#423=CARTESIAN_POINT('',(-0.0244536058036168,0.00407291004380026,-0.0978000000000177));
#424=CARTESIAN_POINT('',(0.00570756427602771,0.00403621317197991,-0.000769706551636013));
#425=CARTESIAN_POINT('',(0.00401468150607146,0.00535749874731045,-0.00608078335329764));
#426=CARTESIAN_POINT('',(0.00180908143190317,0.0070826319028669,-0.0131388734777762));
#427=CARTESIAN_POINT('',(0.00076715729479797,0.00803264488573423,-0.0215625260060575));
#428=CARTESIAN_POINT('',(0.000179165597696982,0.00842496909774286,-0.0266685347358478));
#429=CARTESIAN_POINT('',(-0.000465057981726831,0.00892406992120394,-0.0317383598640179));
#430=CARTESIAN_POINT('',(-0.000963956962627138,0.0091065389401907,-0.0368334176693308));
#431=CARTESIAN_POINT('',(-0.00157479672717861,0.00887972642879027,-0.0419195645463752));
#432=CARTESIAN_POINT('',(-0.00253571254278595,0.00870898759731769,-0.047004787568394));
#433=CARTESIAN_POINT('',(-0.00363995884757126,0.00830262143141441,-0.0520794861511381));
#434=CARTESIAN_POINT('',(-0.00486594609109292,0.00793769705712763,-0.0571710102013055));
#435=CARTESIAN_POINT('',(-0.00637131296441768,0.00761775088287106,-0.0622530145045071));
#436=CARTESIAN_POINT('',(-0.00812033549804611,0.00726016345980096,-0.0673349457013929));
#437=CARTESIAN_POINT('',(-0.00991898026305271,0.00683744441273565,-0.0724201677227524));
#438=CARTESIAN_POINT('',(-0.012075681731828,0.00642828658767733,-0.0775055581060423));
#439=CARTESIAN_POINT('',(-0.0145501218816255,0.00597297731521934,-0.0825809737304472));
#440=CARTESIAN_POINT('',(-0.0169673253959203,0.00541881928043314,-0.0878151117300293));
#441=CARTESIAN_POINT('',(-0.0211245813082631,0.00474145780070463,-0.092674450281111));
#442=CARTESIAN_POINT('',(-0.0234039562214267,0.00434258143262765,-0.0960962163910303));
#443=CARTESIAN_POINT('',(-0.0245389144538224,0.00414397083327315,-0.0978000000000178));
#444=CARTESIAN_POINT('',(0.00557941973883979,0.00418333871252092,-0.000769706551636076));
#445=CARTESIAN_POINT('',(0.00384526518708621,0.00547372908421603,-0.00608078335329776));
#446=CARTESIAN_POINT('',(0.00158450757276233,0.00715766440277239,-0.0131388734777765));
#447=CARTESIAN_POINT('',(0.000465586723599367,0.00805346266619592,-0.0215625260060573));
#448=CARTESIAN_POINT('',(-0.000156938214583498,0.0084276477723737,-0.026668534735848));
#449=CARTESIAN_POINT('',(-0.000831211451771755,0.00891067815509749,-0.0317383598640179));
#450=CARTESIAN_POINT('',(-0.00135533142003061,0.00909228022235558,-0.0368334176693308));
#451=CARTESIAN_POINT('',(-0.00198383236187418,0.00887364949747701,-0.0419195645463754));
#452=CARTESIAN_POINT('',(-0.0029555938167112,0.00870695188267473,-0.0470047875683936));
#453=CARTESIAN_POINT('',(-0.00406243241608949,0.0083120662660734,-0.0520794861511384));
#454=CARTESIAN_POINT('',(-0.00528672315397111,0.00795671184048859,-0.0571710102013053));
#455=CARTESIAN_POINT('',(-0.00678215968637035,0.00764565830099248,-0.0622530145045072));
#456=CARTESIAN_POINT('',(-0.00851432567719061,0.00729565959193892,-0.0673349457013925));
#457=CARTESIAN_POINT('',(-0.010287269985054,0.00688759336769956,-0.0724201677227526));
#458=CARTESIAN_POINT('',(-0.0124112713299839,0.00648682842537445,-0.0775055581060423));
#459=CARTESIAN_POINT('',(-0.0148459296421818,0.00603563010134739,-0.0825809737304471));
#460=CARTESIAN_POINT('',(-0.0172132099080832,0.00549434158145975,-0.0878151117300297));
#461=CARTESIAN_POINT('',(-0.0213000924363235,0.00480584432586266,-0.0926744502811106));
#462=CARTESIAN_POINT('',(-0.0235244963742153,0.00440939732147732,-0.0960962163910301));
#463=CARTESIAN_POINT('',(-0.0246320831722026,0.00421199636354924,-0.0978000000000176));
#464=CARTESIAN_POINT('',(0.00536906488038372,0.0043858453213829,-0.000769706551636124));
#465=CARTESIAN_POINT('',(0.00358616638751268,0.00562457027272602,-0.00608078335329775));
#466=CARTESIAN_POINT('',(0.0012598149854232,0.00723985093770324,-0.0131388734777764));
#467=CARTESIAN_POINT('',(3.3200896879481E-5,0.00805390873691857,-0.0215625260060575));
#468=CARTESIAN_POINT('',(-0.000637354847266529,0.00840381293511868,-0.026668534735848));
#469=CARTESIAN_POINT('',(-0.00135303432378109,0.00886967147063081,-0.031738359864018));
#470=CARTESIAN_POINT('',(-0.00191290497747182,0.00905108473729539,-0.0368334176693309));
#471=CARTESIAN_POINT('',(-0.00256695642062376,0.00884470929017345,-0.0419195645463754));
#472=CARTESIAN_POINT('',(-0.0035540717535106,0.0086853589322606,-0.047004787568394));
#473=CARTESIAN_POINT('',(-0.00466510262892583,0.00830703274961815,-0.0520794861511383));
#474=CARTESIAN_POINT('',(-0.00588731294864312,0.00796583131669596,-0.0571710102013055));
#475=CARTESIAN_POINT('',(-0.00736903709536568,0.00766761718286133,-0.0622530145045072));
#476=CARTESIAN_POINT('',(-0.00907734311540739,0.00732942388871037,-0.067334945701393));
#477=CARTESIAN_POINT('',(-0.0108153077737287,0.00694003441890596,-0.0724201677227524));
#478=CARTESIAN_POINT('',(-0.0128937991987274,0.00655108515552019,-0.0775055581060426));
#479=CARTESIAN_POINT('',(-0.0152716581979047,0.00610783116643415,-0.0825809737304472));
#480=CARTESIAN_POINT('',(-0.0175709700985027,0.00558185410648782,-0.0878151117300296));
#481=CARTESIAN_POINT('',(-0.0215534566178662,0.00488811858155229,-0.0926744502811109));
#482=CARTESIAN_POINT('',(-0.0237019985573366,0.00449496959562859,-0.0960962163910303));
#483=CARTESIAN_POINT('',(-0.024771811753826,0.00429921080423573,-0.0978000000000178));
#484=CARTESIAN_POINT('',(0.00508262369677592,0.00460426391040054,-0.000769706551636191));
#485=CARTESIAN_POINT('',(0.0032607958295882,0.00577017077439001,-0.0060807833532979));
#486=CARTESIAN_POINT('',(0.000881241600920424,0.00728960246714441,-0.0131388734777766));
#487=CARTESIAN_POINT('',(-0.000461771409217902,0.00802248092074905,-0.0215625260060575));
#488=CARTESIAN_POINT('',(-0.00118526449473166,0.00834625370366474,-0.0266685347358482));
#489=CARTESIAN_POINT('',(-0.00194754490267602,0.00879276244522615,-0.0317383598640181));
#490=CARTESIAN_POINT('',(-0.00254856680903516,0.00897332465069157,-0.036833417669331));
#491=CARTESIAN_POINT('',(-0.00323261719952671,0.00878087253425395,-0.0419195645463755));
#492=CARTESIAN_POINT('',(-0.00423786986207306,0.00862968706825364,-0.047004787568394));
#493=CARTESIAN_POINT('',(-0.00535457327001202,0.00827056417551666,-0.0520794861511384));
#494=CARTESIAN_POINT('',(-0.00657515087906769,0.00794587136291843,-0.0571710102013055));
#495=CARTESIAN_POINT('',(-0.00804181547093349,0.00766292274789029,-0.0622530145045073));
#496=CARTESIAN_POINT('',(-0.00972349397282169,0.00733886347240016,-0.067334945701393));
#497=CARTESIAN_POINT('',(-0.0114220962746636,0.00697249227054414,-0.0724201677227527));
#498=CARTESIAN_POINT('',(-0.0134492085885653,0.00659848520553381,-0.0775055581060427));
#499=CARTESIAN_POINT('',(-0.0157626960641301,0.00616620717434441,-0.0825809737304473));
#500=CARTESIAN_POINT('',(-0.0179854941998331,0.00566009601724514,-0.0878151117300296));
#501=CARTESIAN_POINT('',(-0.0218489253390694,0.00496399229378133,-0.092674450281111));
#502=CARTESIAN_POINT('',(-0.0239122721387204,0.00457844524033007,-0.0960962163910304));
#503=CARTESIAN_POINT('',(-0.0249396645273209,0.00438647164276026,-0.0978000000000178));
#504=CARTESIAN_POINT('',(0.00453816820889581,0.00492809351610577,-0.000769706551636322));
#505=CARTESIAN_POINT('',(0.00269042728262925,0.00596627109955355,-0.00608078335329797));
#506=CARTESIAN_POINT('',(0.000272636087247003,0.00731768605680997,-0.0131388734777766));
#507=CARTESIAN_POINT('',(-0.0012529472601362,0.00791229099671396,-0.0215625260060577));
#508=CARTESIAN_POINT('',(-0.00205889002703827,0.00819206544476001,-0.0266685347358481));
#509=CARTESIAN_POINT('',(-0.00289552811392891,0.00860808324711357,-0.0317383598640182));
#510=CARTESIAN_POINT('',(-0.00356366722643442,0.00878813300588058,-0.036833417669331));
#511=CARTESIAN_POINT('',(-0.0042978901124564,0.00861857693857833,-0.0419195645463756));
#512=CARTESIAN_POINT('',(-0.00533353449606721,0.00848192936819916,-0.0470047875683942));
#513=CARTESIAN_POINT('',(-0.00646114281903242,0.00815435942625902,-0.0520794861511386));
#514=CARTESIAN_POINT('',(-0.00768054126943224,0.00785710774062914,-0.0571710102013058));
#515=CARTESIAN_POINT('',(-0.00912419144344649,0.0075995856460976,-0.0622530145045076));
#516=CARTESIAN_POINT('',(-0.0107641216905805,0.00729964542513125,-0.0673349457013929));
#517=CARTESIAN_POINT('',(-0.0124011872015593,0.00697013384465274,-0.0724201677227527));
#518=CARTESIAN_POINT('',(-0.0143470076419172,0.00662221640651949,-0.077505558106043));
#519=CARTESIAN_POINT('',(-0.0165580934464177,0.00621062194945775,-0.0825809737304474));
#520=CARTESIAN_POINT('',(-0.0186600398145208,0.00574069578525866,-0.0878151117300299));
#521=CARTESIAN_POINT('',(-0.0223329859444525,0.00504655053211554,-0.0926744502811109));
#522=CARTESIAN_POINT('',(-0.0242614591349176,0.00468243135177241,-0.0960962163910304));
#523=CARTESIAN_POINT('',(-0.0252216945533353,0.00450112723242067,-0.0978000000000179));
#524=CARTESIAN_POINT('',(0.00383514749328536,0.00522548590438203,-0.000769706551636474));
#525=CARTESIAN_POINT('',(0.00201642371624576,0.00610486155611781,-0.00608078335329802));
#526=CARTESIAN_POINT('',(-0.000369148386425255,0.00724838458957911,-0.0131388734777765));
#527=CARTESIAN_POINT('',(-0.00208484168842168,0.00770823830291348,-0.0215625260060579));
#528=CARTESIAN_POINT('',(-0.002976319515922,0.00794428734800199,-0.0266685347358483));
#529=CARTESIAN_POINT('',(-0.00389297435794001,0.00833392040356263,-0.0317383598640183));
#530=CARTESIAN_POINT('',(-0.00463430198475073,0.00851492124516205,-0.0368334176693313));
#531=CARTESIAN_POINT('',(-0.00542470862410276,0.00837067677333784,-0.0419195645463757));
#532=CARTESIAN_POINT('',(-0.00649448656977282,0.0082516758118085,-0.0470047875683944));
#533=CARTESIAN_POINT('',(-0.00763601920500598,0.00795847863116483,-0.0520794861511386));
#534=CARTESIAN_POINT('',(-0.00885603853863278,0.00769173584431779,-0.0571710102013063));
#535=CARTESIAN_POINT('',(-0.0102766570896439,0.00746217658351553,-0.0622530145045074));
#536=CARTESIAN_POINT('',(-0.0118734174077856,0.00718989186404795,-0.0673349457013936));
#537=CARTESIAN_POINT('',(-0.013447029187202,0.00689856140566554,-0.0724201677227527));
#538=CARTESIAN_POINT('',(-0.0153078544887489,0.0065802271761866,-0.077505558106043));
#539=CARTESIAN_POINT('',(-0.0174109565645111,0.00619486456351835,-0.0825809737304476));
#540=CARTESIAN_POINT('',(-0.0193875670768289,0.00576410448110692,-0.0878151117300299));
#541=CARTESIAN_POINT('',(-0.0228568363040027,0.00508566344422241,-0.0926744502811112));
#542=CARTESIAN_POINT('',(-0.0246473163887858,0.00474830873649404,-0.0960962163910306));
#543=CARTESIAN_POINT('',(-0.0255388415610728,0.0045803313227906,-0.0978000000000181));
#544=CARTESIAN_POINT('',(0.0027043764840272,0.00554471808486235,-0.000769706551636704));
#545=CARTESIAN_POINT('',(0.00101129355635487,0.00619238257158613,-0.00608078335329831));
#546=CARTESIAN_POINT('',(-0.00121979679145131,0.00703325258717792,-0.0131388734777769));
#547=CARTESIAN_POINT('',(-0.00320108609188178,0.00732203994046195,-0.0215625260060579));
#548=CARTESIAN_POINT('',(-0.00420828910721361,0.00749993251101248,-0.0266685347358484));
#549=CARTESIAN_POINT('',(-0.0052369235694681,0.00785552147599551,-0.0317383598640185));
#550=CARTESIAN_POINT('',(-0.00608199720255512,0.00803874824865289,-0.0368334176693313));
#551=CARTESIAN_POINT('',(-0.00695391600077459,0.00792989917896315,-0.041919564546376));
#552=CARTESIAN_POINT('',(-0.00807346269550013,0.00783618527922005,-0.0470047875683947));
#553=CARTESIAN_POINT('',(-0.00923755128801576,0.00759100699840492,-0.0520794861511387));
#554=CARTESIAN_POINT('',(-0.010461207494544,0.00736726605321556,-0.0571710102013061));
#555=CARTESIAN_POINT('',(-0.0118522847813479,0.00717759472267766,-0.062253014504508));
#556=CARTESIAN_POINT('',(-0.0133915594050674,0.00694501622703686,-0.0673349457013934));
#557=CARTESIAN_POINT('',(-0.014880241936315,0.00670802407487305,-0.0724201677227532));
#558=CARTESIAN_POINT('',(-0.016626054803396,0.00643325479449051,-0.077505558106043));
#559=CARTESIAN_POINT('',(-0.0185823220646146,0.00608825786219918,-0.0825809737304479));
#560=CARTESIAN_POINT('',(-0.0203898957682598,0.0057171814893488,-0.08781511173003));
#561=CARTESIAN_POINT('',(-0.0235798958391709,0.00506734679026309,-0.0926744502811113));
#562=CARTESIAN_POINT('',(-0.0251863193529619,0.00477377009039937,-0.0960962163910305));
#563=CARTESIAN_POINT('',(-0.0259861981184786,0.00462759085045704,-0.0978000000000179));
#564=CARTESIAN_POINT('',(0.00141705333170492,0.00574829660890616,-0.00076970655163691));
#565=CARTESIAN_POINT('',(-5.89104218356706E-5,0.00615736098701341,-0.00608078335329841));
#566=CARTESIAN_POINT('',(-0.00201809385010347,0.00668722935744706,-0.0131388734777768));
#567=CARTESIAN_POINT('',(-0.0042741558042579,0.00682404284269971,-0.0215625260060581));
#568=CARTESIAN_POINT('',(-0.00539627877992375,0.00694749888336326,-0.0266685347358486));
#569=CARTESIAN_POINT('',(-0.00654033225489433,0.00727390735967981,-0.0317383598640186));
#570=CARTESIAN_POINT('',(-0.00749264899513131,0.00746069417351491,-0.0368334176693317));
#571=CARTESIAN_POINT('',(-0.00845060148175236,0.00738775152864165,-0.0419195645463761));
#572=CARTESIAN_POINT('',(-0.00962306157172363,0.00732100714350889,-0.0470047875683947));
#573=CARTESIAN_POINT('',(-0.0108132594394693,0.00712431966638559,-0.0520794861511391));
#574=CARTESIAN_POINT('',(-0.0120435499629968,0.0069446471667805,-0.0571710102013065));
#575=CARTESIAN_POINT('',(-0.0134074019109209,0.00679579015957362,-0.062253014504508));
#576=CARTESIAN_POINT('',(-0.0148914044586218,0.00660478951436939,-0.0673349457013938));
#577=CARTESIAN_POINT('',(-0.0162976953567337,0.00642184803884794,-0.0724201677227533));
#578=CARTESIAN_POINT('',(-0.0179308386522547,0.00619312641348485,-0.0775055581060435));
#579=CARTESIAN_POINT('',(-0.0197425112094082,0.00589288831833592,-0.0825809737304478));
#580=CARTESIAN_POINT('',(-0.0213849871653434,0.00558430060696861,-0.0878151117300302));
#581=CARTESIAN_POINT('',(-0.0242974395354137,0.00497486250208654,-0.0926744502811112));
#582=CARTESIAN_POINT('',(-0.0257255294051654,0.00472694660627679,-0.0960962163910307));
#583=CARTESIAN_POINT('',(-0.0264366113535168,0.0046035030317836,-0.0978000000000182));
#584=CARTESIAN_POINT('',(0.000331772793758094,0.00578514278729122,-0.000769706551637097));
#585=CARTESIAN_POINT('',(-0.000912228011208587,0.0060274039795027,-0.00608078335329854));
#586=CARTESIAN_POINT('',(-0.0025790671077002,0.00633990312715237,-0.0131388734777769));
#587=CARTESIAN_POINT('',(-0.00505989108609434,0.00637230559181659,-0.0215625260060581));
#588=CARTESIAN_POINT('',(-0.00627059804702745,0.00645673534237391,-0.0266685347358486));
#589=CARTESIAN_POINT('',(-0.0075066257135368,0.0067642406016486,-0.0317383598640187));
#590=CARTESIAN_POINT('',(-0.00854384717926208,0.00695419013250504,-0.0368334176693317));
#591=CARTESIAN_POINT('',(-0.00957093009568358,0.00690861150041954,-0.0419195645463762));
#592=CARTESIAN_POINT('',(-0.0107862671714326,0.00686358031359284,-0.0470047875683949));
#593=CARTESIAN_POINT('',(-0.0119988704328305,0.00670411924812766,-0.0520794861511392));
#594=CARTESIAN_POINT('',(-0.0132362656203078,0.00655870063182628,-0.0571710102013066));
#595=CARTESIAN_POINT('',(-0.0145807870546671,0.00644167318854938,-0.0622530145045082));
#596=CARTESIAN_POINT('',(-0.0160238716849458,0.00628377169174053,-0.0673349457013939));
#597=CARTESIAN_POINT('',(-0.0173684620976293,0.00614146372690164,-0.0724201677227535));
#598=CARTESIAN_POINT('',(-0.0189166878407922,0.00594938064487991,-0.0775055581060434));
#599=CARTESIAN_POINT('',(-0.0206189402145646,0.00568674090877409,-0.0825809737304479));
#600=CARTESIAN_POINT('',(-0.0221372033355867,0.00542648348850681,-0.0878151117300303));
#601=CARTESIAN_POINT('',(-0.0248377957259131,0.00485894847393142,-0.0926744502811113));
#602=CARTESIAN_POINT('',(-0.0261311235915838,0.00464506340335707,-0.0960962163910307));
#603=CARTESIAN_POINT('',(-0.0267751041407477,0.00453856463466704,-0.0978000000000182));
#604=CARTESIAN_POINT('',(-0.000403305357384044,0.00577074022124941,-0.000769706551637228));
#605=CARTESIAN_POINT('',(-0.00148026732054954,0.00591367957235129,-0.00608078335329862));
#606=CARTESIAN_POINT('',(-0.00293633927632844,0.00609657353239303,-0.0131388734777769));
#607=CARTESIAN_POINT('',(-0.00556981909433219,0.00606032235070803,-0.0215625260060582));
#608=CARTESIAN_POINT('',(-0.00683939766911677,0.00611965546035516,-0.0266685347358486));
#609=CARTESIAN_POINT('',(-0.00813748742057438,0.00641531401496563,-0.0317383598640188));
#610=CARTESIAN_POINT('',(-0.00923147548696049,0.00660746999131922,-0.0368334176693317));
#611=CARTESIAN_POINT('',(-0.0103049263328908,0.00657993124929002,-0.0419195645463762));
#612=CARTESIAN_POINT('',(-0.0115492631379773,0.00654952377491709,-0.047004787568395));
#613=CARTESIAN_POINT('',(-0.0127771547252547,0.00641466061696063,-0.0520794861511393));
#614=CARTESIAN_POINT('',(-0.0140196900207818,0.00629198334214359,-0.0571710102013066));
#615=CARTESIAN_POINT('',(-0.015351720162809,0.00619604678747431,-0.0622530145045082));
#616=CARTESIAN_POINT('',(-0.0167681146809248,0.00606025450132266,-0.067334945701394));
#617=CARTESIAN_POINT('',(-0.0180718419694247,0.00594439121154778,-0.0724201677227535));
#618=CARTESIAN_POINT('',(-0.0195641762198442,0.00577669709934958,-0.0775055581060436));
#619=CARTESIAN_POINT('',(-0.0211945442251994,0.00553954001032229,-0.082580973730448));
#620=CARTESIAN_POINT('',(-0.0226307123976702,0.00531104918486088,-0.0878151117300304));
#621=CARTESIAN_POINT('',(-0.0251926060956912,0.00477371202026869,-0.0926744502811114));
#622=CARTESIAN_POINT('',(-0.0263965832149251,0.00458210828078542,-0.0960962163910307));
#623=CARTESIAN_POINT('',(-0.0269960737749023,0.00448670394855888,-0.0978000000000182));
#624=CARTESIAN_POINT('',(-0.00126485328429043,0.00573139645501518,-0.000769706551637343));
#625=CARTESIAN_POINT('',(-0.00214625116050115,0.00576234439994808,-0.00608078335329876));
#626=CARTESIAN_POINT('',(-0.00335564014356141,0.00579899644903295,-0.0131388734777771));
#627=CARTESIAN_POINT('',(-0.0061707077076872,0.00568145522414524,-0.0215625260060582));
#628=CARTESIAN_POINT('',(-0.00751076012493153,0.00571137976554381,-0.0266685347358487));
#629=CARTESIAN_POINT('',(-0.00888329743112366,0.00599347643157534,-0.0317383598640189));
#630=CARTESIAN_POINT('',(-0.0100452249046928,0.00618839164741669,-0.0368334176693317));
#631=CARTESIAN_POINT('',(-0.0111741917461335,0.00618229350728208,-0.0419195645463767));
#632=CARTESIAN_POINT('',(-0.0124534423429452,0.00616953858287296,-0.0470047875683948));
#633=CARTESIAN_POINT('',(-0.0136997827234513,0.00606393114468344,-0.0520794861511395));
#634=CARTESIAN_POINT('',(-0.0149486879854161,0.00596838081699766,-0.0571710102013067));
#635=CARTESIAN_POINT('',(-0.0162660157169026,0.00589754552560591,-0.0622530145045085));
#636=CARTESIAN_POINT('',(-0.0176508791583165,0.0057882152926218,-0.0673349457013941));
#637=CARTESIAN_POINT('',(-0.0189058758526023,0.0057033379806769,-0.0724201677227533));
#638=CARTESIAN_POINT('',(-0.0203318812931516,0.00556471432577662,-0.0775055581060437));
#639=CARTESIAN_POINT('',(-0.0218770095578273,0.00535826854193559,-0.0825809737304482));
#640=CARTESIAN_POINT('',(-0.0232155711889339,0.00516723061291391,-0.0878151117300304));
#641=CARTESIAN_POINT('',(-0.0256132708928295,0.00466777723630957,-0.0926744502811115));
#642=CARTESIAN_POINT('',(-0.0267108869204395,0.00450224044751459,-0.0960962163910308));
#643=CARTESIAN_POINT('',(-0.0272574176115299,0.0044198155071846,-0.0978000000000182));
#644=CARTESIAN_POINT('',(-0.00211734204259518,0.00560965006185354,-0.000769706551637465));
#645=CARTESIAN_POINT('',(-0.00281085844674998,0.00554747691164258,-0.00608078335329877));
#646=CARTESIAN_POINT('',(-0.00378370810039121,0.00546203584336996,-0.013138873477777));
#647=CARTESIAN_POINT('',(-0.00679008868172589,0.00525856128938536,-0.0215625260060582));
#648=CARTESIAN_POINT('',(-0.00820641736800896,0.00525877402374081,-0.0266685347358488));
#649=CARTESIAN_POINT('',(-0.00965838561907831,0.00552698602666506,-0.0317383598640181));
#650=CARTESIAN_POINT('',(-0.0108930506544281,0.00572473163008738,-0.0368334176693322));
#651=CARTESIAN_POINT('',(-0.0120818884858397,0.00574123356534473,-0.0419195645463764));
#652=CARTESIAN_POINT('',(-0.0133984295103245,0.00574697892450748,-0.0470047875683952));
#653=CARTESIAN_POINT('',(-0.0146651006500338,0.00567222986371648,-0.0520794861511394));
#654=CARTESIAN_POINT('',(-0.0159213650782934,0.0056053685135988,-0.0571710102013068));
#655=CARTESIAN_POINT('',(-0.0172237192134175,0.00556119760547893,-0.0622530145045087));
#656=CARTESIAN_POINT('',(-0.0185756202153311,0.00547996961014402,-0.0673349457013935));
#657=CARTESIAN_POINT('',(-0.0197805008121753,0.00542866644234061,-0.0724201677227538));
#658=CARTESIAN_POINT('',(-0.0211368247477701,0.00532116778137373,-0.0775055581060436));
#659=CARTESIAN_POINT('',(-0.0225921876186735,0.00514788524215366,-0.0825809737304483));
#660=CARTESIAN_POINT('',(-0.02382873483717,0.00499746276003718,-0.0878151117300304));
#661=CARTESIAN_POINT('',(-0.0260519293803026,0.00453876959078142,-0.0926744502811117));
#662=CARTESIAN_POINT('',(-0.0270379848815135,0.00440219118089734,-0.0960962163910312));
#663=CARTESIAN_POINT('',(-0.0275289667740645,0.00433418534746895,-0.0978000000000187));
#664=CARTESIAN_POINT('',(-0.00325000309774519,0.00535855412219674,-0.000769706551637601));
#665=CARTESIAN_POINT('',(-0.00370723793426494,0.0051862305227332,-0.00608078335329889));
#666=CARTESIAN_POINT('',(-0.00438325761852434,0.00495560356362679,-0.013138873477777));
#667=CARTESIAN_POINT('',(-0.0076542172936474,0.00462199349572066,-0.0215625260060583));
#668=CARTESIAN_POINT('',(-0.00918054760485925,0.0045790999060446,-0.0266685347358487));
#669=CARTESIAN_POINT('',(-0.0107446003394521,0.00482508023387203,-0.0317383598640199));
#670=CARTESIAN_POINT('',(-0.0120840619632969,0.00502561900373192,-0.0368334176693315));
#671=CARTESIAN_POINT('',(-0.0133598138134271,0.00507324067176754,-0.0419195645463767));
#672=CARTESIAN_POINT('',(-0.0147301437455607,0.00510447827652035,-0.0470047875683951));
#673=CARTESIAN_POINT('',(-0.0160272591197229,0.00507344230566064,-0.0520794861511399));
#674=CARTESIAN_POINT('',(-0.0172951577530179,0.00504741106584415,-0.057171010201307));
#675=CARTESIAN_POINT('',(-0.0185772554675922,0.00504182910993353,-0.0622530145045083));
#676=CARTESIAN_POINT('',(-0.0198829112763279,0.0050013440735626,-0.0673349457013952));
#677=CARTESIAN_POINT('',(-0.0210185631028125,0.00500015681270313,-0.0724201677227535));
#678=CARTESIAN_POINT('',(-0.0222767090782429,0.0049391233720476,-0.0775055581060439));
#679=CARTESIAN_POINT('',(-0.0236046145488754,0.00481515618984965,-0.0825809737304483));
#680=CARTESIAN_POINT('',(-0.0246980164301683,0.00472698447342362,-0.0878151117300307));
#681=CARTESIAN_POINT('',(-0.0266711475179265,0.00432859874026592,-0.0926744502811114));
#682=CARTESIAN_POINT('',(-0.027499062024913,0.00423771473169627,-0.0960962163910305));
#683=CARTESIAN_POINT('',(-0.0279113015296989,0.00419246129264,-0.0978000000000179));
#684=CARTESIAN_POINT('',(-0.00382455881316351,0.00517694074301487,-0.0007697065516377));
#685=CARTESIAN_POINT('',(-0.00416833919277214,0.0049552791634421,-0.0060807833532989));
#686=CARTESIAN_POINT('',(-0.00470224446895921,0.00465919257123683,-0.013138873477777));
#687=CARTESIAN_POINT('',(-0.00811563442313073,0.00425133063755419,-0.0215625260060583));
#688=CARTESIAN_POINT('',(-0.00970342855159348,0.00418441110099227,-0.0266685347358489));
#689=CARTESIAN_POINT('',(-0.0113313243877614,0.00441823996169531,-0.0317383598640187));
#690=CARTESIAN_POINT('',(-0.0127296914215357,0.00461995536756569,-0.0368334176693321));
#691=CARTESIAN_POINT('',(-0.0140541849278536,0.00468412373508824,-0.0419195645463766));
#692=CARTESIAN_POINT('',(-0.0154560343692479,0.00472987248251777,-0.0470047875683954));
#693=CARTESIAN_POINT('',(-0.0167707332058513,0.00472283695176825,-0.0520794861511395));
#694=CARTESIAN_POINT('',(-0.0180459701753062,0.00471951402493314,-0.0571710102013073));
#695=CARTESIAN_POINT('',(-0.0193173431379428,0.00473540405550427,-0.0622530145045083));
#696=CARTESIAN_POINT('',(-0.0205984371198455,0.00471814943579871,-0.0673349457013951));
#697=CARTESIAN_POINT('',(-0.0216940367217666,0.00474335220930269,-0.0724201677227538));
#698=CARTESIAN_POINT('',(-0.0228985653543932,0.00470873789636981,-0.0775055581060439));
#699=CARTESIAN_POINT('',(-0.0241574172757169,0.00461376156602386,-0.0825809737304486));
#700=CARTESIAN_POINT('',(-0.0251708680751369,0.00455979297862298,-0.0878151117300304));
#701=CARTESIAN_POINT('',(-0.0270116828017341,0.00420166291521391,-0.0926744502811121));
#702=CARTESIAN_POINT('',(-0.0277506649260727,0.00413591455531283,-0.096096216391031));
#703=CARTESIAN_POINT('',(-0.0281186227555494,0.00410317678939934,-0.0978000000000182));
#704=CARTESIAN_POINT('',(-0.00474171498067268,0.00478479588836353,-0.00076970655163776));
#705=CARTESIAN_POINT('',(-0.00493545618897081,0.00449482876974097,-0.006080783353299));
#706=CARTESIAN_POINT('',(-0.00528351758153963,0.00410730376564443,-0.0131388734777771));
#707=CARTESIAN_POINT('',(-0.00896333215935285,0.00356636364849092,-0.0215625260060584));
#708=CARTESIAN_POINT('',(-0.0106717200590485,0.00345871313586862,-0.0266685347358488));
#709=CARTESIAN_POINT('',(-0.0124262958615678,0.00367532885062992,-0.0317383598640194));
#710=CARTESIAN_POINT('',(-0.0139374735485995,0.00388243762521164,-0.0368334176693321));
#711=CARTESIAN_POINT('',(-0.0153540449987483,0.00397974878606395,-0.0419195645463767));
#712=CARTESIAN_POINT('',(-0.0168171780712859,0.00405532256550014,-0.0470047875683954));
#713=CARTESIAN_POINT('',(-0.018164397648273,0.00409385519326943,-0.0520794861511401));
#714=CARTESIAN_POINT('',(-0.0194532472600829,0.00413350897752973,-0.0571710102013069));
#715=CARTESIAN_POINT('',(-0.020703587749418,0.0041886909635868,-0.0622530145045093));
#716=CARTESIAN_POINT('',(-0.0219384813040381,0.00421408670995908,-0.0673349457013937));
#717=CARTESIAN_POINT('',(-0.0229540559610928,0.0042832691787884,-0.0724201677227543));
#718=CARTESIAN_POINT('',(-0.0240563598085298,0.00429454388026295,-0.0775055581060441));
#719=CARTESIAN_POINT('',(-0.02518597380177,0.00425138019055476,-0.0825809737304482));
#720=CARTESIAN_POINT('',(-0.0260457958439741,0.00425446275046173,-0.0878151117300311));
#721=CARTESIAN_POINT('',(-0.0276421324526322,0.00397064366825866,-0.0926744502811111));
#722=CARTESIAN_POINT('',(-0.0282131476746714,0.00394714187051209,-0.0960962163910308));
#723=CARTESIAN_POINT('',(-0.028497470549041,0.00393543973293283,-0.0978000000000185));
#724=CARTESIAN_POINT('',(-0.00517601907474317,0.00453501632650246,-0.000769706551637787));
#725=CARTESIAN_POINT('',(-0.00532409679108528,0.0042216042229819,-0.00608078335329901));
#726=CARTESIAN_POINT('',(-0.00561738390055115,0.00380191800681471,-0.0131388734777771));
#727=CARTESIAN_POINT('',(-0.00944477787879931,0.00318640531745042,-0.0215625260060583));
#728=CARTESIAN_POINT('',(-0.0112243631910089,0.00305799176112621,-0.0266685347358491));
#729=CARTESIAN_POINT('',(-0.0130454794007133,0.00326399404434166,-0.0317383598640191));
#730=CARTESIAN_POINT('',(-0.0146201048384803,0.0034748748577316,-0.0368334176693322));
#731=CARTESIAN_POINT('',(-0.0160894403468969,0.00359214086952392,-0.0419195645463769));
#732=CARTESIAN_POINT('',(-0.0175831470884341,0.003682947448158,-0.0470047875683956));
#733=CARTESIAN_POINT('',(-0.0189485882615092,0.00374730532175042,-0.0520794861511399));
#734=CARTESIAN_POINT('',(-0.020244062314918,0.00381064808211243,-0.0571710102013075));
#735=CARTESIAN_POINT('',(-0.0214826004775246,0.00388784406991458,-0.0622530145045086));
#736=CARTESIAN_POINT('',(-0.0226894560270568,0.00393549557367659,-0.0673349457013948));
#737=CARTESIAN_POINT('',(-0.0236682379521345,0.00403463949226289,-0.0724201677227544));
#738=CARTESIAN_POINT('',(-0.0247122300477614,0.00407075857003963,-0.0775055581060443));
#739=CARTESIAN_POINT('',(-0.0257657201589217,0.00405332318186833,-0.0825809737304488));
#740=CARTESIAN_POINT('',(-0.0265447029861866,0.00409233001076918,-0.0878151117300306));
#741=CARTESIAN_POINT('',(-0.0279833993837704,0.00383206906141697,-0.0926744502811119));
#742=CARTESIAN_POINT('',(-0.028466627032676,0.00383728260676165,-0.096096216391031));
#743=CARTESIAN_POINT('',(-0.0287072382612541,0.00383987856242245,-0.0978000000000183));
#744=CARTESIAN_POINT('',(-0.00554258633505499,0.00423910586437289,-0.000769706551637835));
#745=CARTESIAN_POINT('',(-0.00567194253537163,0.00390370943356108,-0.00608078335329901));
#746=CARTESIAN_POINT('',(-0.00594430981949588,0.00345326041188115,-0.013138873477777));
#747=CARTESIAN_POINT('',(-0.00988942947288545,0.00274528762179358,-0.0215625260060584));
#748=CARTESIAN_POINT('',(-0.0117333574715049,0.00258856085879691,-0.0266685347358489));
#749=CARTESIAN_POINT('',(-0.0136051309840214,0.00277208382744362,-0.0317383598640191));
#750=CARTESIAN_POINT('',(-0.0152388074950885,0.00297868580993265,-0.0368334176693322));
#751=CARTESIAN_POINT('',(-0.0167605248124564,0.00310936923719352,-0.0419195645463768));
#752=CARTESIAN_POINT('',(-0.0182808643414075,0.0032087528752069,-0.0470047875683956));
#753=CARTESIAN_POINT('',(-0.0196671521286963,0.00329609548208391,-0.05207948615114));
#754=CARTESIAN_POINT('',(-0.0209713184022216,0.00338121854283543,-0.0571710102013072));
#755=CARTESIAN_POINT('',(-0.0222021381360544,0.00348187200386408,-0.0622530145045091));
#756=CARTESIAN_POINT('',(-0.0233838322722976,0.00355356888870691,-0.0673349457013945));
#757=CARTESIAN_POINT('',(-0.0243402585586636,0.00369406977021495,-0.0724201677227541));
#758=CARTESIAN_POINT('',(-0.0253332893397653,0.00376335992861618,-0.0775055581060442));
#759=CARTESIAN_POINT('',(-0.0263147768631471,0.0037788197567171,-0.0825809737304486));
#760=CARTESIAN_POINT('',(-0.0270265599840974,0.00387003174199042,-0.0878151117300309));
#761=CARTESIAN_POINT('',(-0.0283077249548103,0.0036421740613396,-0.0926744502811117));
#762=CARTESIAN_POINT('',(-0.0287106691652007,0.00369053048976757,-0.096096216391031));
#763=CARTESIAN_POINT('',(-0.0289113052457935,0.00371460837454932,-0.0978000000000184));
#764=CARTESIAN_POINT('',(-0.00582787020235395,0.00399069083379938,-0.000769706551637835));
#765=CARTESIAN_POINT('',(-0.00594704635911506,0.00363766208414869,-0.00608078335329901));
#766=CARTESIAN_POINT('',(-0.00620866423067602,0.00316240240359139,-0.013138873477777));
#767=CARTESIAN_POINT('',(-0.0102411028169443,0.00237514860851308,-0.0215625260060584));
#768=CARTESIAN_POINT('',(-0.0121350184086134,0.00219364188916695,-0.026668534735849));
#769=CARTESIAN_POINT('',(-0.0140487332082417,0.0023581811605517,-0.0317383598640191));
#770=CARTESIAN_POINT('',(-0.0157312683647024,0.00256067415276398,-0.0368334176693322));
#771=CARTESIAN_POINT('',(-0.0172951644012239,0.0027009897320598,-0.0419195645463769));
#772=CARTESIAN_POINT('',(-0.018840001005712,0.00280811932282729,-0.0470047875683956));
#773=CARTESIAN_POINT('',(-0.0202436330340358,0.00291382191562423,-0.05207948615114));
#774=CARTESIAN_POINT('',(-0.0215558837521028,0.00301687212951392,-0.0571710102013074));
#775=CARTESIAN_POINT('',(-0.0227807331792012,0.00313668807428488,-0.0622530145045091));
#776=CARTESIAN_POINT('',(-0.0239437205408167,0.00322922555171856,-0.0673349457013947));
#777=CARTESIAN_POINT('',(-0.0248770715154843,0.00340026605426475,-0.0724201677227542));
#778=CARTESIAN_POINT('',(-0.0258299081463538,0.00349776275550822,-0.0775055581060443));
#779=CARTESIAN_POINT('',(-0.0267551457692781,0.00354237825228411,-0.0825809737304487));
#780=CARTESIAN_POINT('',(-0.0274108037670776,0.0036755709140771,-0.0878151117300309));
#781=CARTESIAN_POINT('',(-0.0285744276024116,0.0034842359564284,-0.0926744502811118));
#782=CARTESIAN_POINT('',(-0.0289094408723549,0.00356676369104057,-0.096096216391031));
#783=CARTESIAN_POINT('',(-0.0290762524251574,0.00360785633063141,-0.0978000000000184));
#784=CARTESIAN_POINT('',(-0.00603896617041555,0.00372042032940274,-0.000769706551637835));
#785=CARTESIAN_POINT('',(-0.00615919077189307,0.00334635552569954,-0.00608078335329901));
#786=CARTESIAN_POINT('',(-0.00642460567359959,0.00284200686707294,-0.013138873477777));
#787=CARTESIAN_POINT('',(-0.0105481923979211,0.00197919562587904,-0.0215625260060584));
#788=CARTESIAN_POINT('',(-0.0124926553649244,0.0017713792405325,-0.0266685347358489));
#789=CARTESIAN_POINT('',(-0.0144702230696811,0.00192421995036796,-0.0317383598640192));
#790=CARTESIAN_POINT('',(-0.0162037717989243,0.00212237223598846,-0.0368334176693322));
#791=CARTESIAN_POINT('',(-0.0178095196674571,0.00227053899752783,-0.0419195645463769));
#792=CARTESIAN_POINT('',(-0.0193903259146942,0.00239055238353324,-0.0470047875683957));
#793=CARTESIAN_POINT('',(-0.020811867158007,0.00251442946839673,-0.0520794861511401));
#794=CARTESIAN_POINT('',(-0.0221351318484568,0.00263680159148667,-0.0571710102013074));
#795=CARTESIAN_POINT('',(-0.0233536807375498,0.00277546129023576,-0.0622530145045091));
#796=CARTESIAN_POINT('',(-0.0245032112996695,0.00289259240501408,-0.0673349457013947));
#797=CARTESIAN_POINT('',(-0.0253909291675179,0.00307889079637928,-0.0724201677227543));
#798=CARTESIAN_POINT('',(-0.0263036261348913,0.00320437358369321,-0.0775055581060443));
#799=CARTESIAN_POINT('',(-0.0271819515770219,0.00328577244834896,-0.0825809737304487));
#800=CARTESIAN_POINT('',(-0.0277648975340349,0.00344788498579735,-0.0878151117300309));
#801=CARTESIAN_POINT('',(-0.0288585404376122,0.00333360438149193,-0.0926744502811118));
#802=CARTESIAN_POINT('',(-0.0291110218944383,0.00343965914262734,-0.096096216391031));
#803=CARTESIAN_POINT('',(-0.0292367387768595,0.00349246648184138,-0.0978000000000184));
#804=CARTESIAN_POINT('',(-0.00617162391330467,0.00344789840487994,-0.000769706551637808));
#805=CARTESIAN_POINT('',(-0.00634813358462041,0.00306703816407505,-0.00608078335329899));
#806=CARTESIAN_POINT('',(-0.00669001029289144,0.0025525073890879,-0.013138873477777));
#807=CARTESIAN_POINT('',(-0.0109647579575732,0.00163605383222019,-0.0215625260060584));
#808=CARTESIAN_POINT('',(-0.0129891982762215,0.00141524036614066,-0.026668534735849));
#809=CARTESIAN_POINT('',(-0.0150726595428759,0.00157864525207677,-0.0317383598640192));
#810=CARTESIAN_POINT('',(-0.0168773506861877,0.00178957708062983,-0.0368334176693323));
#811=CARTESIAN_POINT('',(-0.0185344449824031,0.00196134547060852,-0.041919564546377));
#812=CARTESIAN_POINT('',(-0.0201665778961072,0.00211090766386011,-0.0470047875683957));
#813=CARTESIAN_POINT('',(-0.0216046500762525,0.00226240108295338,-0.0520794861511402));
#814=CARTESIAN_POINT('',(-0.0229371464603586,0.00241158417886206,-0.0571710102013075));
#815=CARTESIAN_POINT('',(-0.0241400838833304,0.00256914448736022,-0.0622530145045092));
#816=CARTESIAN_POINT('',(-0.0252671772279633,0.00271032754632505,-0.0673349457013948));
#817=CARTESIAN_POINT('',(-0.0260716166813315,0.00289028016239286,-0.0724201677227543));
#818=CARTESIAN_POINT('',(-0.0269226478698171,0.00303083064206103,-0.0775055581060443));
#819=CARTESIAN_POINT('',(-0.0277362250657919,0.00313857614393804,-0.0825809737304488));
#820=CARTESIAN_POINT('',(-0.0282043922127609,0.00329864113253083,-0.087815111730031));
#821=CARTESIAN_POINT('',(-0.0292235651348714,0.00326140841158881,-0.0926744502811118));
#822=CARTESIAN_POINT('',(-0.0293572121632943,0.00335966831395967,-0.0960962163910311));
#823=CARTESIAN_POINT('',(-0.0294237583879929,0.00340859439648614,-0.0978000000000185));
#824=CARTESIAN_POINT('',(-0.00620701768953162,0.00336455440902416,-0.000769706551637808));
#825=CARTESIAN_POINT('',(-0.00640473211851984,0.0029826953945282,-0.00608078335329899));
#826=CARTESIAN_POINT('',(-0.00677522591918991,0.00246647532675869,-0.013138873477777));
#827=CARTESIAN_POINT('',(-0.0110998848981648,0.00153496171565143,-0.0215625260060585));
#828=CARTESIAN_POINT('',(-0.0131505633821808,0.00131099035137033,-0.026668534735849));
#829=CARTESIAN_POINT('',(-0.0152726102177734,0.00148053661061232,-0.0317383598640192));
#830=CARTESIAN_POINT('',(-0.0170997224458301,0.00169637875060208,-0.0368334176693323));
#831=CARTESIAN_POINT('',(-0.0187737510877372,0.00187687603484821,-0.041919564546377));
#832=CARTESIAN_POINT('',(-0.020420999924161,0.00203587412977176,-0.0470047875683958));
#833=CARTESIAN_POINT('',(-0.0218637831886403,0.00219637280013148,-0.0520794861511402));
#834=CARTESIAN_POINT('',(-0.0231984275349848,0.00235397767987943,-0.0571710102013075));
#835=CARTESIAN_POINT('',(-0.0243958518858442,0.00251728075051259,-0.0622530145045092));
#836=CARTESIAN_POINT('',(-0.0255149257571493,0.00266540782091158,-0.0673349457013949));
#837=CARTESIAN_POINT('',(-0.0262945249423636,0.0028441736455872,-0.0724201677227544));
#838=CARTESIAN_POINT('',(-0.0271237721501529,0.00298751252274397,-0.0775055581060444));
#839=CARTESIAN_POINT('',(-0.0279159420025754,0.00310226322620588,-0.0825809737304488));
#840=CARTESIAN_POINT('',(-0.0283475927223982,0.00326098065056203,-0.087815111730031));
#841=CARTESIAN_POINT('',(-0.029331862238112,0.00323729141033796,-0.0926744502811119));
#842=CARTESIAN_POINT('',(-0.0294328928197507,0.00333628470902854,-0.0960962163910311));
#843=CARTESIAN_POINT('',(-0.0294831984933336,0.00338557596807154,-0.0978000000000185));
#844=CARTESIAN_POINT('',(-0.00625434792638638,0.00323009037040143,-0.000769706551637808));
#845=CARTESIAN_POINT('',(-0.00649301789332224,0.00284837958006325,-0.00608078335329899));
#846=CARTESIAN_POINT('',(-0.00691876078248956,0.00233184153627795,-0.013138873477777));
#847=CARTESIAN_POINT('',(-0.0113389687726314,0.00138139224310733,-0.0215625260060585));
#848=CARTESIAN_POINT('',(-0.0134384586856831,0.00115530737347043,-0.026668534735849));
#849=CARTESIAN_POINT('',(-0.0155991411767271,0.00132605222128387,-0.0317383598640192));
#850=CARTESIAN_POINT('',(-0.0174578852351785,0.00154782274761781,-0.0368334176693323));
#851=CARTESIAN_POINT('',(-0.0191601475417962,0.00174312117370088,-0.041919564546377));
#852=CARTESIAN_POINT('',(-0.0208170025456177,0.00190950974975774,-0.0470047875683958));
#853=CARTESIAN_POINT('',(-0.0222674713178016,0.00208391512884953,-0.0520794861511403));
#854=CARTESIAN_POINT('',(-0.0236026581203319,0.00225280306727276,-0.0571710102013076));
#855=CARTESIAN_POINT('',(-0.0247927087294709,0.00242590065055511,-0.0622530145045092));
#856=CARTESIAN_POINT('',(-0.0258934207926595,0.00258091220780781,-0.067334945701395));
#857=CARTESIAN_POINT('',(-0.0266639114715019,0.00277860950981418,-0.0724201677227544));
#858=CARTESIAN_POINT('',(-0.0274590157609161,0.00292764168649012,-0.0775055581060445));
#859=CARTESIAN_POINT('',(-0.0282081516207885,0.00304698641054309,-0.0825809737304488));
#860=CARTESIAN_POINT('',(-0.0286014032294859,0.0032201875095961,-0.0878151117300311));
#861=CARTESIAN_POINT('',(-0.0294781250215016,0.00317581766580139,-0.0926744502811118));
#862=CARTESIAN_POINT('',(-0.0295456072035366,0.00329175563440598,-0.0960962163910311));
#863=CARTESIAN_POINT('',(-0.0295792082832003,0.00334948407177496,-0.0978000000000184));
#864=CARTESIAN_POINT('',(-0.00628513464252023,0.00310849265098591,-0.000769706551637784));
#865=CARTESIAN_POINT('',(-0.00658395706755038,0.00273441708779212,-0.00608078335329899));
#866=CARTESIAN_POINT('',(-0.00708842812022977,0.00222684787917039,-0.013138873477777));
#867=CARTESIAN_POINT('',(-0.0115589690853755,0.0012446574607747,-0.0215625260060585));
#868=CARTESIAN_POINT('',(-0.0136920634468528,0.0010131130498963,-0.026668534735849));
#869=CARTESIAN_POINT('',(-0.0158449250244836,0.00116728428574904,-0.0317383598640193));
#870=CARTESIAN_POINT('',(-0.017722837083201,0.00138806768185768,-0.0368334176693323));
#871=CARTESIAN_POINT('',(-0.0194485177035245,0.00159301628788448,-0.0419195645463771));
#872=CARTESIAN_POINT('',(-0.0210941444687085,0.00175320025294519,-0.0470047875683958));
#873=CARTESIAN_POINT('',(-0.0225519833627831,0.00193684211208161,-0.0520794861511403));
#874=CARTESIAN_POINT('',(-0.0238850312020469,0.00211133282936989,-0.0571710102013076));
#875=CARTESIAN_POINT('',(-0.0250726363994348,0.00229372879384081,-0.0622530145045092));
#876=CARTESIAN_POINT('',(-0.0261535050699054,0.00245037480394036,-0.067334945701395));
#877=CARTESIAN_POINT('',(-0.0269593185771588,0.00269320341507741,-0.0724201677227544));
#878=CARTESIAN_POINT('',(-0.0277315052250357,0.0028526186742917,-0.0775055581060445));
#879=CARTESIAN_POINT('',(-0.028436635115372,0.00297073515795776,-0.0825809737304488));
#880=CARTESIAN_POINT('',(-0.0288322095194437,0.00318572887999473,-0.0878151117300311));
#881=CARTESIAN_POINT('',(-0.0295530121728207,0.0030724123005777,-0.0926744502811119));
#882=CARTESIAN_POINT('',(-0.0296228283331493,0.00323071269030455,-0.0960962163910311));
#883=CARTESIAN_POINT('',(-0.0296575915594451,0.00330953444510861,-0.0978000000000185));
#884=CARTESIAN_POINT('',(-0.00629988195667288,0.00300048395526435,-0.000769706551637784));
#885=CARTESIAN_POINT('',(-0.00665215830658668,0.0026309412719353,-0.006080783353299));
#886=CARTESIAN_POINT('',(-0.00722501704454675,0.00212793161601385,-0.0131388734777771));
#887=CARTESIAN_POINT('',(-0.011681712693712,0.00109841540917765,-0.0215625260060585));
#888=CARTESIAN_POINT('',(-0.0138230158157394,0.000853329011796422,-0.0266685347358491));
#889=CARTESIAN_POINT('',(-0.0159236397544569,0.00097189331447066,-0.0317383598640193));
#890=CARTESIAN_POINT('',(-0.0178017760654884,0.00117895454323752,-0.0368334176693323));
#891=CARTESIAN_POINT('',(-0.0195410396778731,0.00138132125831522,-0.0419195645463771));
#892=CARTESIAN_POINT('',(-0.0211582389724635,0.00152019806943788,-0.0470047875683958));
#893=CARTESIAN_POINT('',(-0.0226234001098764,0.00170462550568471,-0.0520794861511402));
#894=CARTESIAN_POINT('',(-0.0239543190267552,0.00187724318665779,-0.0571710102013077));
#895=CARTESIAN_POINT('',(-0.025147310990089,0.0020676849841872,-0.0622530145045092));
#896=CARTESIAN_POINT('',(-0.0262147510609517,0.00222359471820417,-0.0673349457013949));
#897=CARTESIAN_POINT('',(-0.027094384195849,0.00253133328238783,-0.0724201677227545));
#898=CARTESIAN_POINT('',(-0.0278633355135301,0.00270942600828057,-0.0775055581060445));
#899=CARTESIAN_POINT('',(-0.0285386321756742,0.00282957896219248,-0.0825809737304488));
#900=CARTESIAN_POINT('',(-0.0289790441596278,0.00311219653726241,-0.0878151117300311));
#901=CARTESIAN_POINT('',(-0.0295398033814815,0.00291448847905299,-0.0926744502811119));
#902=CARTESIAN_POINT('',(-0.0296492442749704,0.00314078824486781,-0.0960962163910311));
#903=CARTESIAN_POINT('',(-0.0297037376548477,0.00325346860329303,-0.0978000000000185));
#904=CARTESIAN_POINT('',(-0.00630487658744123,0.00294552157498485,-0.000769706551637763));
#905=CARTESIAN_POINT('',(-0.00668341477028384,0.00257744440880467,-0.00608078335329901));
#906=CARTESIAN_POINT('',(-0.00728953445073912,0.00207556836014748,-0.0131388734777771));
#907=CARTESIAN_POINT('',(-0.0117268514101038,0.00101807398258497,-0.0215625260060584));
#908=CARTESIAN_POINT('',(-0.0138675357475981,0.000764108907367676,-0.0266685347358491));
#909=CARTESIAN_POINT('',(-0.0159326707367188,0.00086049219528813,-0.0317383598640192));
#910=CARTESIAN_POINT('',(-0.0178070279427304,0.00105728059756189,-0.0368334176693323));
#911=CARTESIAN_POINT('',(-0.0195515173677937,0.00125567205456782,-0.041919564546377));
#912=CARTESIAN_POINT('',(-0.021150531541268,0.00138011364785269,-0.0470047875683958));
#913=CARTESIAN_POINT('',(-0.0226197921625331,0.00156371440658158,-0.0520794861511402));
#914=CARTESIAN_POINT('',(-0.0239497997553889,0.00173421935693349,-0.0571710102013077));
#915=CARTESIAN_POINT('',(-0.0251472845768996,0.0019290454921383,-0.0622530145045092));
#916=CARTESIAN_POINT('',(-0.0262088445338463,0.00208374479547687,-0.0673349457013949));
#917=CARTESIAN_POINT('',(-0.027134528137012,0.00242979210688345,-0.0724201677227544));
#918=CARTESIAN_POINT('',(-0.0279054521876481,0.00261898234711823,-0.0775055581060445));
#919=CARTESIAN_POINT('',(-0.0285682724932879,0.00274236753497189,-0.0825809737304488));
#920=CARTESIAN_POINT('',(-0.029039027695087,0.00306085501881722,-0.0878151117300311));
#921=CARTESIAN_POINT('',(-0.0295199938723864,0.00283483138962984,-0.0926744502811118));
#922=CARTESIAN_POINT('',(-0.0296548458583302,0.00309220594859262,-0.0960962163910311));
#923=CARTESIAN_POINT('',(-0.0297219920617555,0.00322035922992297,-0.0978000000000185));
#924=CARTESIAN_POINT('',(-0.00630713399224639,0.00289410178835813,-0.00076970655163776));
#925=CARTESIAN_POINT('',(-0.00670881325668863,0.00252630252277229,-0.006080783353299));
#926=CARTESIAN_POINT('',(-0.00734387532163899,0.0020239698954553,-0.0131388734777771));
#927=CARTESIAN_POINT('',(-0.0117504877371817,0.000936170058767701,-0.0215625260060585));
#928=CARTESIAN_POINT('',(-0.0138860623617318,0.000672546140196601,-0.026668534735849));
#929=CARTESIAN_POINT('',(-0.0159075620619748,0.000741152601152015,-0.0317383598640192));
#930=CARTESIAN_POINT('',(-0.0177782891059678,0.000931824340386998,-0.0368334176693323));
#931=CARTESIAN_POINT('',(-0.0195250705105764,0.00112238598871567,-0.041919564546377));
#932=CARTESIAN_POINT('',(-0.0211105096573853,0.00124535795359951,-0.0470047875683958));
#933=CARTESIAN_POINT('',(-0.0225835174966472,0.0014278578440397,-0.0520794861511401));
#934=CARTESIAN_POINT('',(-0.0239136912558549,0.00159890466888345,-0.0571710102013076));
#935=CARTESIAN_POINT('',(-0.0251161234236598,0.00179654484915232,-0.0622530145045092));
#936=CARTESIAN_POINT('',(-0.0261746091888975,0.00195504677777663,-0.0673349457013949));
#937=CARTESIAN_POINT('',(-0.027139999215725,0.00230756886051497,-0.0724201677227544));
#938=CARTESIAN_POINT('',(-0.0279188388099901,0.0025154946627077,-0.0775055581060444));
#939=CARTESIAN_POINT('',(-0.0285726325798304,0.00264361126481039,-0.0825809737304489));
#940=CARTESIAN_POINT('',(-0.0290787596171343,0.00299482301849554,-0.087815111730031));
#941=CARTESIAN_POINT('',(-0.0294906158255314,0.00277015386445533,-0.0926744502811119));
#942=CARTESIAN_POINT('',(-0.0296528668163418,0.00304665750043936,-0.0960962163910311));
#943=CARTESIAN_POINT('',(-0.0297336556750201,0.00318433563146338,-0.0978000000000185));
#944=CARTESIAN_POINT('',(-0.00630677586455719,0.00284250452709513,-0.00076970655163776));
#945=CARTESIAN_POINT('',(-0.00672917322897262,0.00247287537203987,-0.00608078335329899));
#946=CARTESIAN_POINT('',(-0.00738970024960408,0.00196729897680539,-0.013138873477777));
#947=CARTESIAN_POINT('',(-0.0117521812869521,0.000846369287274885,-0.0215625260060585));
#948=CARTESIAN_POINT('',(-0.013872779636336,0.000563937579920858,-0.026668534735849));
#949=CARTESIAN_POINT('',(-0.0158573490726153,0.000627161634945565,-0.0317383598640192));
#950=CARTESIAN_POINT('',(-0.0177236175972054,0.000817098508113753,-0.0368334176693323));
#951=CARTESIAN_POINT('',(-0.0194708083050829,0.000999677649632585,-0.041919564546377));
#952=CARTESIAN_POINT('',(-0.0210451446864772,0.00113417807124774,-0.0470047875683957));
#953=CARTESIAN_POINT('',(-0.0225209692211338,0.00131624183953686,-0.0520794861511402));
#954=CARTESIAN_POINT('',(-0.0238513934578076,0.00149070910989066,-0.0571710102013075));
#955=CARTESIAN_POINT('',(-0.0250586738133863,0.00168899028226918,-0.0622530145045092));
#956=CARTESIAN_POINT('',(-0.0261156254947198,0.00185399997528372,-0.0673349457013949));
#957=CARTESIAN_POINT('',(-0.0271172251086041,0.00218241965662943,-0.0724201677227544));
#958=CARTESIAN_POINT('',(-0.0279061156227666,0.00240414419033081,-0.0775055581060445));
#959=CARTESIAN_POINT('',(-0.0285553125051515,0.00254394131021328,-0.0825809737304488));
#960=CARTESIAN_POINT('',(-0.0290987206110869,0.00290621261722431,-0.0878151117300312));
#961=CARTESIAN_POINT('',(-0.0294512606669411,0.00272590725112017,-0.0926744502811117));
#962=CARTESIAN_POINT('',(-0.0296437679614108,0.00300578637262172,-0.0960962163910311));
#963=CARTESIAN_POINT('',(-0.0297396221964438,0.00314514524298104,-0.0978000000000185));
#964=CARTESIAN_POINT('',(-0.00630457077453034,0.00280006290704188,-0.00076970655163776));
#965=CARTESIAN_POINT('',(-0.00674189782435229,0.00242755641890649,-0.006080783353299));
#966=CARTESIAN_POINT('',(-0.00742035003841914,0.00191744589280955,-0.0131388734777771));
#967=CARTESIAN_POINT('',(-0.0117352029236423,0.000765508313135479,-0.0215625260060584));
#968=CARTESIAN_POINT('',(-0.0138441143781773,0.00047354157797181,-0.026668534735849));
#969=CARTESIAN_POINT('',(-0.0158024177019758,0.000548322165166806,-0.0317383598640192));
#970=CARTESIAN_POINT('',(-0.0176648062671156,0.000743124514254772,-0.0368334176693323));
#971=CARTESIAN_POINT('',(-0.019411353208272,0.000922915935995944,-0.041919564546377));
#972=CARTESIAN_POINT('',(-0.0209783422776792,0.00107785573557877,-0.0470047875683957));
#973=CARTESIAN_POINT('',(-0.0224551243178985,0.00125866295602084,-0.0520794861511401));
#974=CARTESIAN_POINT('',(-0.0237852613140666,0.00143649497116944,-0.0571710102013076));
#975=CARTESIAN_POINT('',(-0.0249960117994231,0.00163260329781885,-0.0622530145045091));
#976=CARTESIAN_POINT('',(-0.0260524935838673,0.00180671688456573,-0.0673349457013949));
#977=CARTESIAN_POINT('',(-0.0270805740270043,0.00209142135900582,-0.0724201677227543));
#978=CARTESIAN_POINT('',(-0.0278790879246574,0.00232001240992321,-0.0775055581060445));
#979=CARTESIAN_POINT('',(-0.0285268617011043,0.00247179601592016,-0.0825809737304488));
#980=CARTESIAN_POINT('',(-0.0291020201306287,0.00282590468674493,-0.0878151117300311));
#981=CARTESIAN_POINT('',(-0.0294117378101753,0.00270898775694628,-0.0926744502811117));
#982=CARTESIAN_POINT('',(-0.0296311291979908,0.00297837770515895,-0.096096216391031));
#983=CARTESIAN_POINT('',(-0.0297403697008496,0.00311251375170525,-0.0978000000000185));
#984=CARTESIAN_POINT('',(-0.00629979943324797,0.00275046341464054,-0.000769706551637736));
#985=CARTESIAN_POINT('',(-0.00674955446834354,0.00236952166403675,-0.006080783353299));
#986=CARTESIAN_POINT('',(-0.00744250589760016,0.00184795961490715,-0.0131388734777771));
#987=CARTESIAN_POINT('',(-0.011701988831187,0.000673649552558637,-0.0215625260060584));
#988=CARTESIAN_POINT('',(-0.013796985193335,0.000375306742235161,-0.026668534735849));
#989=CARTESIAN_POINT('',(-0.0157300577190394,0.000481783383939637,-0.0317383598640192));
#990=CARTESIAN_POINT('',(-0.0175881280384899,0.000689678529642132,-0.0368334176693323));
#991=CARTESIAN_POINT('',(-0.0193320880846677,0.000866983153695998,-0.0419195645463769));
#992=CARTESIAN_POINT('',(-0.020890076730607,0.00104249758415004,-0.0470047875683957));
#993=CARTESIAN_POINT('',(-0.0223669099534856,0.00122129152077638,-0.0520794861511401));
#994=CARTESIAN_POINT('',(-0.0236961906609958,0.00140195988233061,-0.0571710102013074));
#995=CARTESIAN_POINT('',(-0.0249105984442543,0.00159504178869395,-0.0622530145045092));
#996=CARTESIAN_POINT('',(-0.0259670648473152,0.00177682878770385,-0.0673349457013949));
#997=CARTESIAN_POINT('',(-0.0270235961294989,0.00201675380245389,-0.0724201677227543));
#998=CARTESIAN_POINT('',(-0.0278335982185202,0.00224047653495626,-0.0775055581060444));
#999=CARTESIAN_POINT('',(-0.0284816398846668,0.00240650848149147,-0.0825809737304488));
#1000=CARTESIAN_POINT('',(-0.0290937910097534,0.00273417346029501,-0.087815111730031));
#1001=CARTESIAN_POINT('',(-0.0293600761365473,0.00270602533769295,-0.0926744502811117));
#1002=CARTESIAN_POINT('',(-0.0296118413395823,0.00295298091864306,-0.0960962163910311));
#1003=CARTESIAN_POINT('',(-0.0297372015811842,0.00307594632815806,-0.0978000000000185));
#1004=CARTESIAN_POINT('',(-0.00629133308482862,0.00269456209799086,-0.000769706551637732));
#1005=CARTESIAN_POINT('',(-0.00674815573702219,0.00229776074098223,-0.00608078335329897));
#1006=CARTESIAN_POINT('',(-0.00744859053577492,0.0017557594337912,-0.0131388734777771));
#1007=CARTESIAN_POINT('',(-0.0116482129812664,0.000580015730680037,-0.0215625260060584));
#1008=CARTESIAN_POINT('',(-0.0137276635316862,0.000282088160395899,-0.026668534735849));
#1009=CARTESIAN_POINT('',(-0.0156413396408005,0.000455547326727222,-0.0317383598640191));
#1010=CARTESIAN_POINT('',(-0.0174904372582767,0.000668631258176892,-0.0368334176693322));
#1011=CARTESIAN_POINT('',(-0.019229842863838,0.000846663448219576,-0.0419195645463769));
#1012=CARTESIAN_POINT('',(-0.0207773200459444,0.00104131409762281,-0.0470047875683957));
#1013=CARTESIAN_POINT('',(-0.0222529436400918,0.00121763287921053,-0.0520794861511401));
#1014=CARTESIAN_POINT('',(-0.02358061216628,0.00140002265549237,-0.0571710102013075));
#1015=CARTESIAN_POINT('',(-0.0247986212719727,0.00158890779432665,-0.0622530145045092));
#1016=CARTESIAN_POINT('',(-0.02585581536596,0.00177616760712001,-0.0673349457013949));
#1017=CARTESIAN_POINT('',(-0.0269408588734485,0.00197140150861142,-0.0724201677227543));
#1018=CARTESIAN_POINT('',(-0.0277642605059117,0.00218674087004265,-0.0775055581060444));
#1019=CARTESIAN_POINT('',(-0.0284148679987195,0.00236795183465526,-0.0825809737304488));
#1020=CARTESIAN_POINT('',(-0.0290676440008094,0.00264533393330214,-0.087815111730031));
#1021=CARTESIAN_POINT('',(-0.0292952980727875,0.00272039263845775,-0.0926744502811117));
#1022=CARTESIAN_POINT('',(-0.0295840600795453,0.00293269101038049,-0.096096216391031));
#1023=CARTESIAN_POINT('',(-0.0297278419624116,0.00303839972181115,-0.0978000000000185));
#1024=CARTESIAN_POINT('',(-0.00627422836375532,0.00261683064223408,-0.000769706551637732));
#1025=CARTESIAN_POINT('',(-0.0067304800219771,0.00219303114035759,-0.00608078335329897));
#1026=CARTESIAN_POINT('',(-0.00742814754602816,0.00161744130991068,-0.0131388734777771));
#1027=CARTESIAN_POINT('',(-0.0115520935743461,0.000484141317177387,-0.0215625260060584));
#1028=CARTESIAN_POINT('',(-0.0136184734944264,0.000230721586098452,-0.0266685347358489));
#1029=CARTESIAN_POINT('',(-0.0155029173750001,0.000475381880874253,-0.0317383598640191));
#1030=CARTESIAN_POINT('',(-0.017338001740701,0.000699082261899429,-0.0368334176693322));
#1031=CARTESIAN_POINT('',(-0.0190676017618395,0.000878194114828959,-0.0419195645463769));
#1032=CARTESIAN_POINT('',(-0.0206006252702248,0.00109379693169336,-0.0470047875683957));
#1033=CARTESIAN_POINT('',(-0.0220727589871536,0.00126591559690808,-0.05207948615114));
#1034=CARTESIAN_POINT('',(-0.0233974378288945,0.00144842809154435,-0.0571710102013075));
#1035=CARTESIAN_POINT('',(-0.024619714995365,0.00163041215483041,-0.0622530145045092));
#1036=CARTESIAN_POINT('',(-0.0256791987786088,0.00182060024227948,-0.0673349457013947));
#1037=CARTESIAN_POINT('',(-0.0267978789036734,0.00196363741370675,-0.0724201677227543));
#1038=CARTESIAN_POINT('',(-0.0276403187913984,0.00216467068837557,-0.0775055581060444));
#1039=CARTESIAN_POINT('',(-0.0282986697265092,0.00235717791369882,-0.0825809737304488));
#1040=CARTESIAN_POINT('',(-0.0290033118249097,0.00257408659368357,-0.087815111730031));
#1041=CARTESIAN_POINT('',(-0.0291968861624285,0.00275509368108037,-0.0926744502811118));
#1042=CARTESIAN_POINT('',(-0.029535535472782,0.00291719683662831,-0.096096216391031));
#1043=CARTESIAN_POINT('',(-0.0297041575017694,0.00299791208440258,-0.0978000000000184));
#1044=CARTESIAN_POINT('',(-0.00624194852483507,0.00250964753402614,-0.000769706551637704));
#1045=CARTESIAN_POINT('',(-0.00668028042699352,0.00203932627103978,-0.00608078335329893));
#1046=CARTESIAN_POINT('',(-0.00735295570460627,0.00140899794520148,-0.013138873477777));
#1047=CARTESIAN_POINT('',(-0.0114046252629334,0.000465710063347948,-0.0215625260060584));
#1048=CARTESIAN_POINT('',(-0.0134464554832051,0.000251719919521249,-0.0266685347358489));
#1049=CARTESIAN_POINT('',(-0.0152936508778426,0.000580982445812064,-0.0317383598640191));
#1050=CARTESIAN_POINT('',(-0.0171065775777059,0.000816844394733699,-0.0368334176693322));
#1051=CARTESIAN_POINT('',(-0.0188186977895075,0.000998485038238987,-0.0419195645463769));
#1052=CARTESIAN_POINT('',(-0.020332939094226,0.00123266982525971,-0.0470047875683956));
#1053=CARTESIAN_POINT('',(-0.0217981688100245,0.00139797397171076,-0.05207948615114));
#1054=CARTESIAN_POINT('',(-0.0231181030379983,0.00157718094193385,-0.0571710102013074));
#1055=CARTESIAN_POINT('',(-0.0243452308775409,0.00174863199917518,-0.0622530145045091));
#1056=CARTESIAN_POINT('',(-0.0254099011862815,0.00193620397599593,-0.0673349457013948));
#1057=CARTESIAN_POINT('',(-0.0265646205774921,0.00202532133819614,-0.0724201677227543));
#1058=CARTESIAN_POINT('',(-0.027433291357904,0.00220397505970464,-0.0775055581060444));
#1059=CARTESIAN_POINT('',(-0.0281082464119622,0.00239925220450683,-0.0825809737304487));
#1060=CARTESIAN_POINT('',(-0.0288756605995662,0.00254541485136445,-0.0878151117300309));
#1061=CARTESIAN_POINT('',(-0.0290535398375608,0.00281630832077886,-0.0926744502811118));
#1062=CARTESIAN_POINT('',(-0.0294540828303291,0.00291941978812898,-0.096096216391031));
#1063=CARTESIAN_POINT('',(-0.029653523284133,0.00297076158716676,-0.0978000000000184));
#1064=CARTESIAN_POINT('',(-0.00620000785733385,0.00241584424525022,-0.000769706551637676));
#1065=CARTESIAN_POINT('',(-0.00661196496235447,0.00195862635906447,-0.0060807833532989));
#1066=CARTESIAN_POINT('',(-0.00724910446463723,0.00134914773799388,-0.013138873477777));
#1067=CARTESIAN_POINT('',(-0.0112408749653154,0.000554562665565561,-0.0215625260060583));
#1068=CARTESIAN_POINT('',(-0.0132569603198559,0.00037632182403936,-0.0266685347358489));
#1069=CARTESIAN_POINT('',(-0.0150732170045206,0.000753937030839356,-0.0317383598640191));
#1070=CARTESIAN_POINT('',(-0.0168635316416009,0.000997053468208275,-0.0368334176693322));
#1071=CARTESIAN_POINT('',(-0.0185556427907227,0.00118012713133298,-0.0419195645463769));
#1072=CARTESIAN_POINT('',(-0.0200555798987603,0.00141596469070119,-0.0470047875683956));
#1073=CARTESIAN_POINT('',(-0.0215129003303067,0.00157325553846167,-0.05207948615114));
#1074=CARTESIAN_POINT('',(-0.0228286988548193,0.00174472501965173,-0.0571710102013074));
#1075=CARTESIAN_POINT('',(-0.0240594346001794,0.00190603289652706,-0.0622530145045091));
#1076=CARTESIAN_POINT('',(-0.0251320464486536,0.00208355124002479,-0.0673349457013947));
#1077=CARTESIAN_POINT('',(-0.0263054311580947,0.00215082873804613,-0.0724201677227543));
#1078=CARTESIAN_POINT('',(-0.027198087701188,0.0023078993711425,-0.0775055581060443));
#1079=CARTESIAN_POINT('',(-0.0278960211652795,0.00249169307543157,-0.0825809737304487));
#1080=CARTESIAN_POINT('',(-0.028708818205757,0.0025938146434222,-0.0878151117300309));
#1081=CARTESIAN_POINT('',(-0.0289141229796241,0.00287643407676743,-0.0926744502811118));
#1082=CARTESIAN_POINT('',(-0.0293613458155929,0.00294360708137516,-0.096096216391031));
#1083=CARTESIAN_POINT('',(-0.029584029340127,0.00297705421380345,-0.0978000000000184));
#1084=CARTESIAN_POINT('',(-0.00615033913115241,0.0023287947633253,-0.000769706551637673));
#1085=CARTESIAN_POINT('',(-0.00653207391140116,0.00191724551540852,-0.00608078335329889));
#1086=CARTESIAN_POINT('',(-0.00712899204170615,0.00136938900758868,-0.013138873477777));
#1087=CARTESIAN_POINT('',(-0.0110706770775063,0.000681908659596944,-0.0215625260060583));
#1088=CARTESIAN_POINT('',(-0.0130620665863607,0.000530371380128119,-0.0266685347358489));
#1089=CARTESIAN_POINT('',(-0.0148548523709841,0.000923249499359845,-0.0317383598640191));
#1090=CARTESIAN_POINT('',(-0.0166254593101754,0.0011654588753356,-0.0368334176693321));
#1091=CARTESIAN_POINT('',(-0.0182993373575411,0.00134633223941058,-0.0419195645463769));
#1092=CARTESIAN_POINT('',(-0.0197912256291343,0.00156892278458803,-0.0470047875683955));
#1093=CARTESIAN_POINT('',(-0.0212422052560146,0.00171761596625502,-0.0520794861511401));
#1094=CARTESIAN_POINT('',(-0.0225560662926015,0.00187878805674923,-0.0571710102013074));
#1095=CARTESIAN_POINT('',(-0.0237900238404018,0.00203234197772095,-0.0622530145045092));
#1096=CARTESIAN_POINT('',(-0.024872834135084,0.00219673557092422,-0.0673349457013947));
#1097=CARTESIAN_POINT('',(-0.0260502673217839,0.00227191252054006,-0.0724201677227543));
#1098=CARTESIAN_POINT('',(-0.0269635954145283,0.00241310350770077,-0.0775055581060443));
#1099=CARTESIAN_POINT('',(-0.0276871995620632,0.00258063931010392,-0.0825809737304487));
#1100=CARTESIAN_POINT('',(-0.028529125097405,0.00266653811991928,-0.087815111730031));
#1101=CARTESIAN_POINT('',(-0.0287905827942858,0.00291124700763414,-0.0926744502811117));
#1102=CARTESIAN_POINT('',(-0.0292693216117244,0.00296714543213297,-0.096096216391031));
#1103=CARTESIAN_POINT('',(-0.0295076977379515,0.00299497866689242,-0.0978000000000184));
#1104=CARTESIAN_POINT('',(-0.00611263953513088,0.0022719233131616,-0.000769706551637649));
#1105=CARTESIAN_POINT('',(-0.0064723072649926,0.00190497061020265,-0.00608078335329889));
#1106=CARTESIAN_POINT('',(-0.00704004978691091,0.00141585875781232,-0.013138873477777));
#1107=CARTESIAN_POINT('',(-0.0109523241984054,0.000779701247345479,-0.0215625260060583));
#1108=CARTESIAN_POINT('',(-0.0129274323821882,0.000641964615496225,-0.0266685347358489));
#1109=CARTESIAN_POINT('',(-0.0147090545237641,0.00102515345624463,-0.0317383598640191));
#1110=CARTESIAN_POINT('',(-0.0164672021041194,0.00126572317416248,-0.0368334176693321));
#1111=CARTESIAN_POINT('',(-0.0181298684724914,0.00144351346644556,-0.0419195645463769));
#1112=CARTESIAN_POINT('',(-0.0196165825005163,0.00165782119120805,-0.0470047875683955));
#1113=CARTESIAN_POINT('',(-0.0210636152131906,0.00180117626323132,-0.05207948615114));
#1114=CARTESIAN_POINT('',(-0.0223763459571284,0.00195600160478378,-0.0571710102013074));
#1115=CARTESIAN_POINT('',(-0.0236126073721087,0.00210476570170644,-0.062253014504509));
#1116=CARTESIAN_POINT('',(-0.0247023258685268,0.00226087636137657,-0.0673349457013947));
#1117=CARTESIAN_POINT('',(-0.0258833426513662,0.00234041735899644,-0.0724201677227542));
#1118=CARTESIAN_POINT('',(-0.0268078913719739,0.0024766026160066,-0.0775055581060443));
#1119=CARTESIAN_POINT('',(-0.0275500543036335,0.00263153449620145,-0.0825809737304486));
#1120=CARTESIAN_POINT('',(-0.0284042684069483,0.0027199392981496,-0.087815111730031));
#1121=CARTESIAN_POINT('',(-0.0287123165661922,0.00292480081586142,-0.0926744502811117));
#1122=CARTESIAN_POINT('',(-0.0292071338388924,0.0029819871213715,-0.096096216391031));
#1123=CARTESIAN_POINT('',(-0.0294535158333327,0.00301046162455398,-0.0978000000000184));
#1124=CARTESIAN_POINT('',(-0.00606377222299677,0.0022071286956455,-0.000769706551637645));
#1125=CARTESIAN_POINT('',(-0.0063969915971446,0.00190332034737505,-0.00608078335329885));
#1126=CARTESIAN_POINT('',(-0.00692993017050676,0.00149630717876975,-0.0131388734777769));
#1127=CARTESIAN_POINT('',(-0.0108130724632942,0.000892685549026969,-0.0215625260060583));
#1128=CARTESIAN_POINT('',(-0.0127724358740646,0.000755612359998122,-0.0266685347358489));
#1129=CARTESIAN_POINT('',(-0.0145410281224321,0.00112950793493785,-0.0317383598640191));
#1130=CARTESIAN_POINT('',(-0.0162849001993337,0.00136867924696706,-0.0368334176693321));
#1131=CARTESIAN_POINT('',(-0.017935271283208,0.00154234559248243,-0.0419195645463769));
#1132=CARTESIAN_POINT('',(-0.0194162778657608,0.00174731503421014,-0.0470047875683955));
#1133=CARTESIAN_POINT('',(-0.0208592737211703,0.00188433231058168,-0.05207948615114));
#1134=CARTESIAN_POINT('',(-0.0221710542749169,0.00203196625193596,-0.0571710102013074));
#1135=CARTESIAN_POINT('',(-0.0234102117683989,0.00217547169015849,-0.062253014504509));
#1136=CARTESIAN_POINT('',(-0.024507853044171,0.00232290782275976,-0.0673349457013947));
#1137=CARTESIAN_POINT('',(-0.0256935505345235,0.00240722603281814,-0.0724201677227542));
#1138=CARTESIAN_POINT('',(-0.0266316464834868,0.00253737315401206,-0.0775055581060443));
#1139=CARTESIAN_POINT('',(-0.0273947200969162,0.00267965845027135,-0.0825809737304487));
#1140=CARTESIAN_POINT('',(-0.0282637788809789,0.00277087362092351,-0.0878151117300309));
#1141=CARTESIAN_POINT('',(-0.0286229889858019,0.00293578887902826,-0.0926744502811117));
#1142=CARTESIAN_POINT('',(-0.0291354372860412,0.00299673280912032,-0.096096216391031));
#1143=CARTESIAN_POINT('',(-0.0293905982135723,0.00302707832831203,-0.0978000000000184));
#1144=CARTESIAN_POINT('',(-0.00589497113352048,0.00200734914226681,-0.000769706551637593));
#1145=CARTESIAN_POINT('',(-0.00614389413129093,0.00193214949471054,-0.00608078335329882));
#1146=CARTESIAN_POINT('',(-0.00656654580600135,0.00181872233212251,-0.0131388734777769));
#1147=CARTESIAN_POINT('',(-0.0103806817311591,0.00119719036036794,-0.0215625260060583));
#1148=CARTESIAN_POINT('',(-0.0122877312348424,0.00107756365002282,-0.0266685347358488));
#1149=CARTESIAN_POINT('',(-0.0140167967205975,0.0014186611247576,-0.031738359864019));
#1150=CARTESIAN_POINT('',(-0.015717139749175,0.00165282259207966,-0.036833417669332));
#1151=CARTESIAN_POINT('',(-0.0173311083259606,0.00181165809280794,-0.0419195645463768));
#1152=CARTESIAN_POINT('',(-0.0187949469297125,0.00198854654464646,-0.0470047875683954));
#1153=CARTESIAN_POINT('',(-0.0202266807903905,0.00210567508420416,-0.0520794861511399));
#1154=CARTESIAN_POINT('',(-0.0215363739578306,0.00223155769927121,-0.0571710102013073));
#1155=CARTESIAN_POINT('',(-0.0227852153996742,0.00235948401986805,-0.0622530145045089));
#1156=CARTESIAN_POINT('',(-0.0239075018255768,0.00248222635221807,-0.0673349457013946));
#1157=CARTESIAN_POINT('',(-0.025109866052079,0.00257976954944348,-0.0724201677227541));
#1158=CARTESIAN_POINT('',(-0.0260901705587104,0.00269371958808764,-0.0775055581060442));
#1159=CARTESIAN_POINT('',(-0.026917222132769,0.00280155052468048,-0.0825809737304486));
#1160=CARTESIAN_POINT('',(-0.0278339780798896,0.00290219957492146,-0.0878151117300309));
#1161=CARTESIAN_POINT('',(-0.0283463472558888,0.00295779428078061,-0.0926744502811117));
#1162=CARTESIAN_POINT('',(-0.0289148475877733,0.00303120526033318,-0.096096216391031));
#1163=CARTESIAN_POINT('',(-0.0291979182349344,0.00306775843774609,-0.0978000000000183));
#1164=CARTESIAN_POINT('',(-0.00564307289719763,0.00178544242332159,-0.000769706551637513));
#1165=CARTESIAN_POINT('',(-0.00584550967103795,0.00188389481484449,-0.00608078335329877));
#1166=CARTESIAN_POINT('',(-0.006206007822127,0.00199323449357362,-0.0131388734777769));
#1167=CARTESIAN_POINT('',(-0.00993240788765785,0.00134908092311627,-0.0215625260060582));
#1168=CARTESIAN_POINT('',(-0.011789371670774,0.00123360278459864,-0.0266685347358488));
#1169=CARTESIAN_POINT('',(-0.0134771860923168,0.00155064143256829,-0.031738359864019));
#1170=CARTESIAN_POINT('',(-0.0151385188348036,0.00177152192897865,-0.036833417669332));
#1171=CARTESIAN_POINT('',(-0.016723737977948,0.0019079221740447,-0.0419195645463767));
#1172=CARTESIAN_POINT('',(-0.0181721996821889,0.00206247835749356,-0.0470047875683954));
#1173=CARTESIAN_POINT('',(-0.019598373624485,0.00215884690493838,-0.0520794861511398));
#1174=CARTESIAN_POINT('',(-0.0209097303667049,0.00226594096222774,-0.0571710102013072));
#1175=CARTESIAN_POINT('',(-0.0221715872995943,0.00238144948052274,-0.0622530145045088));
#1176=CARTESIAN_POINT('',(-0.0233185136916539,0.00249035767947019,-0.0673349457013945));
#1177=CARTESIAN_POINT('',(-0.0245496478255259,0.0025895397042343,-0.072420167722754));
#1178=CARTESIAN_POINT('',(-0.0255734219844798,0.00269851291423232,-0.0775055581060441));
#1179=CARTESIAN_POINT('',(-0.0264598314379333,0.00279509967724563,-0.0825809737304486));
#1180=CARTESIAN_POINT('',(-0.0274341532458201,0.00290489423892386,-0.0878151117300308));
#1181=CARTESIAN_POINT('',(-0.0280696838823081,0.00292646771876759,-0.0926744502811116));
#1182=CARTESIAN_POINT('',(-0.0287018231963385,0.00301413046166667,-0.0960962163910309));
#1183=CARTESIAN_POINT('',(-0.0290165812970513,0.00305777995133733,-0.0978000000000183));
#1184=CARTESIAN_POINT('',(-0.00531622102467035,0.00156950225982055,-0.000769706551637434));
#1185=CARTESIAN_POINT('',(-0.00550477247517743,0.00181891688010268,-0.00608078335329872));
#1186=CARTESIAN_POINT('',(-0.00584452328704015,0.00212313123969793,-0.0131388734777769));
#1187=CARTESIAN_POINT('',(-0.00946347690523405,0.00150454800939833,-0.0215625260060582));
#1188=CARTESIAN_POINT('',(-0.0112667680204218,0.00140604215550059,-0.0266685347358487));
#1189=CARTESIAN_POINT('',(-0.0129011668945161,0.00173735862337739,-0.0317383598640189));
#1190=CARTESIAN_POINT('',(-0.0145165529855299,0.00195503609164233,-0.0368334176693319));
#1191=CARTESIAN_POINT('',(-0.0160673865815893,0.00207274986944504,-0.0419195645463767));
#1192=CARTESIAN_POINT('',(-0.0174913909161202,0.0022202284854912,-0.0470047875683953));
#1193=CARTESIAN_POINT('',(-0.0189083373658527,0.00229531161519444,-0.0520794861511398));
#1194=CARTESIAN_POINT('',(-0.0202177939764699,0.00238489179899347,-0.0571710102013071));
#1195=CARTESIAN_POINT('',(-0.0214931191665674,0.00248355677546604,-0.0622530145045087));
#1196=CARTESIAN_POINT('',(-0.0226634357416444,0.00257896778987852,-0.0673349457013944));
#1197=CARTESIAN_POINT('',(-0.0239405276263479,0.00264566594160784,-0.0724201677227539));
#1198=CARTESIAN_POINT('',(-0.0250143965590827,0.00273961172252288,-0.077505558106044));
#1199=CARTESIAN_POINT('',(-0.0259611605076944,0.00282564088448763,-0.0825809737304485));
#1200=CARTESIAN_POINT('',(-0.0270152225045212,0.00290981266276525,-0.0878151117300307));
#1201=CARTESIAN_POINT('',(-0.0277511185806115,0.00294221049152157,-0.0926744502811116));
#1202=CARTESIAN_POINT('',(-0.0284681153091498,0.00301387373755164,-0.0960962163910309));
#1203=CARTESIAN_POINT('',(-0.0288251260558049,0.00304955667438327,-0.0978000000000183));
#1204=CARTESIAN_POINT('',(-0.00494449227557789,0.00134650825796897,-0.000769706551637351));
#1205=CARTESIAN_POINT('',(-0.00512980683581882,0.00174992230197591,-0.00608078335329864));
#1206=CARTESIAN_POINT('',(-0.0054621194292703,0.00225373650449996,-0.0131388734777768));
#1207=CARTESIAN_POINT('',(-0.00895917029063463,0.00169118780723164,-0.0215625260060581));
#1208=CARTESIAN_POINT('',(-0.0107037470545923,0.00161766689863779,-0.0266685347358487));
#1209=CARTESIAN_POINT('',(-0.0122794063610958,0.00196763487413515,-0.0317383598640188));
#1210=CARTESIAN_POINT('',(-0.0138444741813081,0.00218254757224708,-0.0368334176693318));
#1211=CARTESIAN_POINT('',(-0.0153565846180657,0.00228185484792118,-0.0419195645463765));
#1212=CARTESIAN_POINT('',(-0.0167541741702702,0.00241962291949193,-0.0470047875683952));
#1213=CARTESIAN_POINT('',(-0.0181602206345149,0.0024716930513815,-0.0520794861511396));
#1214=CARTESIAN_POINT('',(-0.0194671287467105,0.00254149112876685,-0.057171010201307));
#1215=CARTESIAN_POINT('',(-0.0207564646311038,0.00262139670318531,-0.0622530145045086));
#1216=CARTESIAN_POINT('',(-0.0219522878523271,0.00270000417659276,-0.0673349457013944));
#1217=CARTESIAN_POINT('',(-0.0232759639107842,0.00273566639662085,-0.0724201677227538));
#1218=CARTESIAN_POINT('',(-0.024404412788771,0.00281030063192325,-0.0775055581060439));
#1219=CARTESIAN_POINT('',(-0.0254171589669128,0.00288117568723736,-0.0825809737304484));
#1220=CARTESIAN_POINT('',(-0.0265569221799561,0.00293577398891415,-0.0878151117300306));
#1221=CARTESIAN_POINT('',(-0.02740686286816,0.00296661098761994,-0.0926744502811115));
#1222=CARTESIAN_POINT('',(-0.0282144940210953,0.00302061441386146,-0.0960962163910308));
#1223=CARTESIAN_POINT('',(-0.0286166339325551,0.00304750408121563,-0.0978000000000182));
#1224=CARTESIAN_POINT('',(-0.00447275797284306,0.00113504605641125,-0.000769706551637252));
#1225=CARTESIAN_POINT('',(-0.00468215134197566,0.00171681330464176,-0.00608078335329862));
#1226=CARTESIAN_POINT('',(-0.00504178211699457,0.00245188297915351,-0.0131388734777769));
#1227=CARTESIAN_POINT('',(-0.00840275725152172,0.0019575995804232,-0.0215625260060579));
#1228=CARTESIAN_POINT('',(-0.0100826739529779,0.00191644947094823,-0.0266685347358488));
#1229=CARTESIAN_POINT('',(-0.0115936735105549,0.0022833608727946,-0.0317383598640184));
#1230=CARTESIAN_POINT('',(-0.0131011565046594,0.00249898435172782,-0.036833417669332));
#1231=CARTESIAN_POINT('',(-0.0145671660968611,0.0025813031694768,-0.0419195645463765));
#1232=CARTESIAN_POINT('',(-0.0159348868537367,0.00270572747523012,-0.0470047875683949));
#1233=CARTESIAN_POINT('',(-0.0173266016239531,0.00273268551695658,-0.0520794861511397));
#1234=CARTESIAN_POINT('',(-0.0186292826460438,0.00277927392467181,-0.0571710102013076));
#1235=CARTESIAN_POINT('',(-0.019932908798791,0.0028370736830782,-0.0622530145045077));
#1236=CARTESIAN_POINT('',(-0.0211572781217972,0.00289237251504146,-0.0673349457013944));
#1237=CARTESIAN_POINT('',(-0.0225274567107087,0.0028991216008071,-0.0724201677227537));
#1238=CARTESIAN_POINT('',(-0.0237161776257344,0.00294762418874714,-0.0775055581060438));
#1239=CARTESIAN_POINT('',(-0.0248045198466484,0.00299169471464887,-0.0825809737304482));
#1240=CARTESIAN_POINT('',(-0.0260350779615853,0.00301457611755878,-0.0878151117300305));
#1241=CARTESIAN_POINT('',(-0.0270260010798551,0.00300980447832744,-0.0926744502811104));
#1242=CARTESIAN_POINT('',(-0.0279308155770882,0.00304454372082557,-0.0960962163910304));
#1243=CARTESIAN_POINT('',(-0.0283813455256696,0.00306184126544307,-0.0978000000000181));
#1244=CARTESIAN_POINT('',(-0.00362045226459074,0.000852931337013963,-0.000769706551637085));
#1245=CARTESIAN_POINT('',(-0.00391575091513552,0.00169664953935063,-0.00608078335329845));
#1246=CARTESIAN_POINT('',(-0.0043800111831069,0.00277099758761056,-0.0131388734777767));
#1247=CARTESIAN_POINT('',(-0.0075223326370278,0.00236315743996841,-0.021562526006058));
#1248=CARTESIAN_POINT('',(-0.00910327748202627,0.0023654920268225,-0.0266685347358485));
#1249=CARTESIAN_POINT('',(-0.010517680867401,0.00273879960693158,-0.0317383598640187));
#1250=CARTESIAN_POINT('',(-0.0119377321728975,0.00295026568711627,-0.0368334176693316));
#1251=CARTESIAN_POINT('',(-0.0133339865505766,0.00300352905989648,-0.0419195645463763));
#1252=CARTESIAN_POINT('',(-0.0146592598052724,0.00309915739749531,-0.0470047875683949));
#1253=CARTESIAN_POINT('',(-0.0160306082978677,0.0030866570416423,-0.0520794861511394));
#1254=CARTESIAN_POINT('',(-0.0173288392994989,0.00309598127376435,-0.0571710102013067));
#1255=CARTESIAN_POINT('',(-0.0186553334066548,0.00312121783871727,-0.0622530145045084));
#1256=CARTESIAN_POINT('',(-0.0199261321397744,0.00313966891204795,-0.0673349457013941));
#1257=CARTESIAN_POINT('',(-0.0213620768116894,0.00311804799390119,-0.0724201677227536));
#1258=CARTESIAN_POINT('',(-0.0226433710422364,0.00313134245437383,-0.0775055581060437));
#1259=CARTESIAN_POINT('',(-0.0238518609047105,0.00313325828502812,-0.0825809737304482));
#1260=CARTESIAN_POINT('',(-0.0252159093196921,0.00312468825883648,-0.0878151117300304));
#1261=CARTESIAN_POINT('',(-0.0264420270162857,0.00304410321172383,-0.0926744502811113));
#1262=CARTESIAN_POINT('',(-0.0274917690266544,0.00306348124083378,-0.0960962163910307));
#1263=CARTESIAN_POINT('',(-0.0280144620376544,0.0030731300500485,-0.0978000000000182));
#1264=CARTESIAN_POINT('',(-0.00303089040381641,0.000712434131376559,-0.000769706551636946));
#1265=CARTESIAN_POINT('',(-0.00341059292702523,0.00169173202393553,-0.00608078335329831));
#1266=CARTESIAN_POINT('',(-0.00397966149669896,0.00294191123593795,-0.0131388734777766));
#1267=CARTESIAN_POINT('',(-0.00698188473836626,0.00258732272743273,-0.021562526006058));
#1268=CARTESIAN_POINT('',(-0.00850389281961724,0.00261334197095412,-0.0266685347358486));
#1269=CARTESIAN_POINT('',(-0.00985922293060092,0.00299198382233096,-0.0317383598640184));
#1270=CARTESIAN_POINT('',(-0.0112268447672048,0.00319975633705502,-0.0368334176693317));
#1271=CARTESIAN_POINT('',(-0.0125818776702539,0.00323409448020937,-0.0419195645463761));
#1272=CARTESIAN_POINT('',(-0.0138815662831295,0.00331331834705198,-0.047004787568395));
#1273=CARTESIAN_POINT('',(-0.0152414098355978,0.00327663548923561,-0.0520794861511392));
#1274=CARTESIAN_POINT('',(-0.0165375041511161,0.00326376251558066,-0.0571710102013066));
#1275=CARTESIAN_POINT('',(-0.0178784394448983,0.00326961849730056,-0.0622530145045083));
#1276=CARTESIAN_POINT('',(-0.0191774492307741,0.00326739182809081,-0.0673349457013936));
#1277=CARTESIAN_POINT('',(-0.0206554888477314,0.00322612706643906,-0.0724201677227536));
#1278=CARTESIAN_POINT('',(-0.021993305377886,0.00321969032727865,-0.0775055581060435));
#1279=CARTESIAN_POINT('',(-0.02327417323353,0.00319961256521237,-0.0825809737304482));
#1280=CARTESIAN_POINT('',(-0.024721109566377,0.00317147951729195,-0.0878151117300304));
#1281=CARTESIAN_POINT('',(-0.0260852289188988,0.00305754555420358,-0.0926744502811112));
#1282=CARTESIAN_POINT('',(-0.0272246214470249,0.00306721601482118,-0.0960962163910308));
#1283=CARTESIAN_POINT('',(-0.0277919537109095,0.00307203118095537,-0.0978000000000184));
#1284=CARTESIAN_POINT('',(-0.00181127127959629,0.00050617629299166,-0.000769706551636752));
#1285=CARTESIAN_POINT('',(-0.00239160220086824,0.00171309814595131,-0.0060807833532983));
#1286=CARTESIAN_POINT('',(-0.003211258695761,0.00325918122239297,-0.0131388734777768));
#1287=CARTESIAN_POINT('',(-0.00593475004900756,0.00302012825435513,-0.0215625260060577));
#1288=CARTESIAN_POINT('',(-0.00734380962608213,0.00309250720369588,-0.0266685347358481));
#1289=CARTESIAN_POINT('',(-0.00858342111512986,0.0034873947733398,-0.0317383598640187));
#1290=CARTESIAN_POINT('',(-0.00984917833884295,0.00368932479531349,-0.0368334176693313));
#1291=CARTESIAN_POINT('',(-0.0111240572571977,0.00368753536116549,-0.0419195645463762));
#1292=CARTESIAN_POINT('',(-0.0123731928146132,0.00373748787291417,-0.0470047875683944));
#1293=CARTESIAN_POINT('',(-0.0137104029783773,0.00365403487215416,-0.0520794861511393));
#1294=CARTESIAN_POINT('',(-0.0150019089574242,0.00359854882817224,-0.0571710102013064));
#1295=CARTESIAN_POINT('',(-0.0163707779832401,0.00356640433644339,-0.0622530145045081));
#1296=CARTESIAN_POINT('',(-0.0177239380601248,0.00352451997847028,-0.0673349457013945));
#1297=CARTESIAN_POINT('',(-0.019285729010071,0.00344003162426756,-0.0724201677227531));
#1298=CARTESIAN_POINT('',(-0.020733430587114,0.00339414859484853,-0.0775055581060435));
#1299=CARTESIAN_POINT('',(-0.0221538822523937,0.00333207281561432,-0.0825809737304478));
#1300=CARTESIAN_POINT('',(-0.0237636611603598,0.00326119484734275,-0.0878151117300302));
#1301=CARTESIAN_POINT('',(-0.0253909006920523,0.00308968297192139,-0.0926744502811113));
#1302=CARTESIAN_POINT('',(-0.026705731937776,0.00307669821577614,-0.0960962163910304));
#1303=CARTESIAN_POINT('',(-0.0273604195619694,0.00307023277834521,-0.0978000000000177));
#1304=CARTESIAN_POINT('',(-0.000969866859829918,0.000441410668060535,-0.000769706551636604));
#1305=CARTESIAN_POINT('',(-0.00171079523149091,0.00176070824021758,-0.0060807833532981));
#1306=CARTESIAN_POINT('',(-0.00273215611489495,0.00345357947736461,-0.0131388734777765));
#1307=CARTESIAN_POINT('',(-0.00527406654694814,0.00329774849239874,-0.0215625260060578));
#1308=CARTESIAN_POINT('',(-0.00661296763452608,0.00340002109559193,-0.0266685347358482));
#1309=CARTESIAN_POINT('',(-0.00777970803496833,0.00380647949672479,-0.0317383598640184));
#1310=CARTESIAN_POINT('',(-0.00898119840459564,0.00400534931658812,-0.0368334176693313));
#1311=CARTESIAN_POINT('',(-0.0102051222469408,0.00398152836811337,-0.041919564546376));
#1312=CARTESIAN_POINT('',(-0.011422487153142,0.00401298807970165,-0.0470047875683946));
#1313=CARTESIAN_POINT('',(-0.0127451332681081,0.00390019092017351,-0.052079486151139));
#1314=CARTESIAN_POINT('',(-0.0140335927235045,0.00381775061470176,-0.0571710102013064));
#1315=CARTESIAN_POINT('',(-0.0154199012395582,0.00376146214870803,-0.062253014504508));
#1316=CARTESIAN_POINT('',(-0.0168073020516233,0.0036939616471947,-0.0673349457013937));
#1317=CARTESIAN_POINT('',(-0.018420922359206,0.00358253097277252,-0.0724201677227532));
#1318=CARTESIAN_POINT('',(-0.0199379378712556,0.00351081080751878,-0.0775055581060433));
#1319=CARTESIAN_POINT('',(-0.0214467573482097,0.00342114368154765,-0.0825809737304478));
#1320=CARTESIAN_POINT('',(-0.023158634025296,0.00332224014576379,-0.0878151117300302));
#1321=CARTESIAN_POINT('',(-0.0249541161102318,0.0031119999011701,-0.0926744502811111));
#1322=CARTESIAN_POINT('',(-0.0263789996899012,0.00308390350831846,-0.0960962163910306));
#1323=CARTESIAN_POINT('',(-0.0270884851455899,0.00306991360600646,-0.0978000000000181));
#1324=CARTESIAN_POINT('',(0.000356217553432284,0.000458306853792996,-0.00076970655163639));
#1325=CARTESIAN_POINT('',(-0.000655707703685617,0.00189415540528987,-0.00608078335329794));
#1326=CARTESIAN_POINT('',(-0.0020181944476849,0.00374047193792807,-0.0131388734777765));
#1327=CARTESIAN_POINT('',(-0.00428213875042502,0.00371575132785045,-0.0215625260060577));
#1328=CARTESIAN_POINT('',(-0.00551660324317101,0.00386019184100657,-0.0266685347358481));
#1329=CARTESIAN_POINT('',(-0.00657386391325102,0.00428255536631677,-0.0317383598640182));
#1330=CARTESIAN_POINT('',(-0.00767900795865595,0.00447615446711956,-0.0368334176693312));
#1331=CARTESIAN_POINT('',(-0.00882664272983682,0.00441886603729002,-0.0419195645463758));
#1332=CARTESIAN_POINT('',(-0.00999642534636401,0.00442204615651974,-0.0470047875683944));
#1333=CARTESIAN_POINT('',(-0.0112973691948576,0.00426511502891133,-0.0520794861511388));
#1334=CARTESIAN_POINT('',(-0.0125813837655612,0.00414220584941763,-0.0571710102013061));
#1335=CARTESIAN_POINT('',(-0.0139939174206163,0.00404982680667547,-0.0622530145045078));
#1336=CARTESIAN_POINT('',(-0.0154327265447845,0.00394406704429237,-0.0673349457013935));
#1337=CARTESIAN_POINT('',(-0.0171241325371995,0.003793114534604,-0.072420167722753));
#1338=CARTESIAN_POINT('',(-0.0187450189904824,0.00368332904058043,-0.0775055581060431));
#1339=CARTESIAN_POINT('',(-0.020386411834309,0.00355248429171849,-0.0825809737304477));
#1340=CARTESIAN_POINT('',(-0.0222512220544007,0.00341321828866088,-0.0878151117300301));
#1341=CARTESIAN_POINT('',(-0.024298895206735,0.00314368861318041,-0.0926744502811109));
#1342=CARTESIAN_POINT('',(-0.0258888173416928,0.00309424970112024,-0.0960962163910305));
#1343=CARTESIAN_POINT('',(-0.0266804796546881,0.00306963282044856,-0.0978000000000179));
#1344=CARTESIAN_POINT('',(0.00149788033036043,0.000532102633291981,-0.000769706551636204));
#1345=CARTESIAN_POINT('',(0.000260604247719489,0.00204330954497978,-0.00608078335329781));
#1346=CARTESIAN_POINT('',(-0.0013852241421426,0.00398979053814977,-0.0131388734777764));
#1347=CARTESIAN_POINT('',(-0.00340589340292639,0.00408525854283133,-0.0215625260060575));
#1348=CARTESIAN_POINT('',(-0.0045476170698174,0.00426591472804602,-0.0266685347358481));
#1349=CARTESIAN_POINT('',(-0.005508018382362,0.004702128088744,-0.0317383598640181));
#1350=CARTESIAN_POINT('',(-0.00652802414461031,0.00489087477061594,-0.0368334176693311));
#1351=CARTESIAN_POINT('',(-0.00760832729591285,0.00480394802569551,-0.0419195645463756));
#1352=CARTESIAN_POINT('',(-0.00873600886665467,0.00478197608065909,-0.0470047875683943));
#1353=CARTESIAN_POINT('',(-0.0100178347268536,0.00458602558029714,-0.0520794861511386));
#1354=CARTESIAN_POINT('',(-0.0112979498187636,0.00442733858344367,-0.0571710102013058));
#1355=CARTESIAN_POINT('',(-0.0127336942418022,0.00430310269373745,-0.0622530145045077));
#1356=CARTESIAN_POINT('',(-0.0142179128822059,0.00416354585677563,-0.0673349457013931));
#1357=CARTESIAN_POINT('',(-0.0159782726822712,0.00397799525727684,-0.0724201677227531));
#1358=CARTESIAN_POINT('',(-0.0176909587788546,0.00383475636490573,-0.077505558106043));
#1359=CARTESIAN_POINT('',(-0.0194494211768603,0.00366749276283121,-0.0825809737304477));
#1360=CARTESIAN_POINT('',(-0.0214495593661401,0.00349330207861232,-0.0878151117300297));
#1361=CARTESIAN_POINT('',(-0.0237195345784208,0.00316995362787414,-0.0926744502811108));
#1362=CARTESIAN_POINT('',(-0.0254554776200075,0.00310222031490682,-0.0960962163910305));
#1363=CARTESIAN_POINT('',(-0.0263198474236061,0.0030684941908209,-0.0978000000000181));
#1364=CARTESIAN_POINT('',(0.00283046653428734,0.000788563259493592,-0.000769706551636041));
#1365=CARTESIAN_POINT('',(0.00137196193584781,0.00231386103231408,-0.00608078335329767));
#1366=CARTESIAN_POINT('',(-0.000550329461104853,0.00428309929502949,-0.0131388734777763));
#1367=CARTESIAN_POINT('',(-0.0022690534864743,0.00455099659857901,-0.0215625260060575));
#1368=CARTESIAN_POINT('',(-0.003289076581755,0.00477639247815372,-0.0266685347358479));
#1369=CARTESIAN_POINT('',(-0.00412497196390275,0.00523146611790359,-0.031738359864018));
#1370=CARTESIAN_POINT('',(-0.00503529269175296,0.00541410136985429,-0.0368334176693309));
#1371=CARTESIAN_POINT('',(-0.00602915583472451,0.00528897239293726,-0.0419195645463755));
#1372=CARTESIAN_POINT('',(-0.00710275803434439,0.00523475479510395,-0.0470047875683941));
#1373=CARTESIAN_POINT('',(-0.00836032810376174,0.00498847950137412,-0.0520794861511385));
#1374=CARTESIAN_POINT('',(-0.0096357474811343,0.00478359745868619,-0.0571710102013057));
#1375=CARTESIAN_POINT('',(-0.0111018115844731,0.00461835233320951,-0.0622530145045073));
#1376=CARTESIAN_POINT('',(-0.0126449877165024,0.00443530402478889,-0.0673349457013933));
#1377=CARTESIAN_POINT('',(-0.0144949422810472,0.00420496238293918,-0.0724201677227526));
#1378=CARTESIAN_POINT('',(-0.0163266114869217,0.00401878120052146,-0.0775055581060429));
#1379=CARTESIAN_POINT('',(-0.0182366798485242,0.00380506945310359,-0.0825809737304473));
#1380=CARTESIAN_POINT('',(-0.0204121743478686,0.00358537686974404,-0.0878151117300298));
#1381=CARTESIAN_POINT('',(-0.0229701726340892,0.00319692090539559,-0.0926744502811111));
#1382=CARTESIAN_POINT('',(-0.0248952090701066,0.00310551268753227,-0.0960962163910304));
#1383=CARTESIAN_POINT('',(-0.0258537332418442,0.00305999823145336,-0.0978000000000178));
#1384=CARTESIAN_POINT('',(0.00363996597450934,0.00105119439191669,-0.000769706551635937));
#1385=CARTESIAN_POINT('',(0.00208612995143903,0.00254785420451851,-0.00608078335329761));
#1386=CARTESIAN_POINT('',(4.66070235319218E-5,0.00448371135998398,-0.0131388734777762));
#1387=CARTESIAN_POINT('',(-0.00147121624685764,0.00488030078454967,-0.0215625260060573));
#1388=CARTESIAN_POINT('',(-0.0024038461533031,0.00513602428956993,-0.0266685347358478));
#1389=CARTESIAN_POINT('',(-0.00315284437239388,0.00560494323241104,-0.0317383598640179));
#1390=CARTESIAN_POINT('',(-0.00398580745084337,0.00578306727669523,-0.0368334176693308));
#1391=CARTESIAN_POINT('',(-0.00491885949996511,0.00563109660312402,-0.0419195645463754));
#1392=CARTESIAN_POINT('',(-0.00595442758549317,0.00555416634276457,-0.0470047875683939));
#1393=CARTESIAN_POINT('',(-0.00719490037588168,0.00527248239655529,-0.0520794861511383));
#1394=CARTESIAN_POINT('',(-0.00846700624646426,0.00503514667003575,-0.0571710102013055));
#1395=CARTESIAN_POINT('',(-0.00995436036804787,0.00484102116624236,-0.0622530145045074));
#1396=CARTESIAN_POINT('',(-0.0115390034772124,0.00462736747330773,-0.0673349457013928));
#1397=CARTESIAN_POINT('',(-0.013451829403672,0.00436547834251824,-0.0724201677227526));
#1398=CARTESIAN_POINT('',(-0.0153671437667706,0.00414901755851241,-0.0775055581060427));
#1399=CARTESIAN_POINT('',(-0.0173838619580303,0.00390247781558198,-0.0825809737304473));
#1400=CARTESIAN_POINT('',(-0.0196826670329724,0.00365184581741136,-0.0878151117300297));
#1401=CARTESIAN_POINT('',(-0.0224430069558855,0.00321288713164685,-0.0926744502811107));
#1402=CARTESIAN_POINT('',(-0.0245011424351455,0.00310519236989165,-0.0960962163910302));
#1403=CARTESIAN_POINT('',(-0.0255259399759456,0.00305156843302454,-0.0978000000000177));
#1404=CARTESIAN_POINT('',(0.00414669345430708,0.00124568373186012,-0.000769706551635906));
#1405=CARTESIAN_POINT('',(0.00254667260714494,0.00271335218016109,-0.00608078335329756));
#1406=CARTESIAN_POINT('',(0.000451277618051654,0.00461429054653396,-0.0131388734777762));
#1407=CARTESIAN_POINT('',(-0.000934868942754805,0.00509925102988082,-0.0215625260060573));
#1408=CARTESIAN_POINT('',(-0.00180836120614567,0.00537516477230846,-0.0266685347358477));
#1409=CARTESIAN_POINT('',(-0.00249898670051849,0.00585295873195234,-0.0317383598640178));
#1410=CARTESIAN_POINT('',(-0.00328011147291381,0.0060281505411367,-0.0368334176693307));
#1411=CARTESIAN_POINT('',(-0.00417247908451273,0.00585823278026016,-0.0419195645463753));
#1412=CARTESIAN_POINT('',(-0.00518253455484631,0.00576590593538404,-0.0470047875683938));
#1413=CARTESIAN_POINT('',(-0.00641163322696445,0.00546047958974003,-0.0520794861511381));
#1414=CARTESIAN_POINT('',(-0.00768158515271305,0.00520133111382732,-0.0571710102013055));
#1415=CARTESIAN_POINT('',(-0.00918330237765034,0.00498786044843039,-0.0622530145045071));
#1416=CARTESIAN_POINT('',(-0.0107958292254802,0.00475359007884142,-0.067334945701393));
#1417=CARTESIAN_POINT('',(-0.0127510273923554,0.00447101222808748,-0.0724201677227524));
#1418=CARTESIAN_POINT('',(-0.0147225595677979,0.00423430325161242,-0.0775055581060427));
#1419=CARTESIAN_POINT('',(-0.0168109232109057,0.00396575522208343,-0.0825809737304471));
#1420=CARTESIAN_POINT('',(-0.0191925736996241,0.00369392221579663,-0.0878151117300298));
#1421=CARTESIAN_POINT('',(-0.0220890550523472,0.00322400020880197,-0.0926744502811106));
#1422=CARTESIAN_POINT('',(-0.0242365346937714,0.00310553707755196,-0.0960962163910302));
#1423=CARTESIAN_POINT('',(-0.025305818945283,0.00304655129804237,-0.0978000000000177));
#1424=CARTESIAN_POINT('',(0.00459947895048171,0.00144983406876453,-0.00076970655163585));
#1425=CARTESIAN_POINT('',(0.002972155925197,0.00288020365624603,-0.00608078335329751));
#1426=CARTESIAN_POINT('',(0.000844961905588446,0.0047355082264379,-0.0131388734777762));
#1427=CARTESIAN_POINT('',(-0.000417562419101196,0.00530776785446268,-0.0215625260060572));
#1428=CARTESIAN_POINT('',(-0.00123345454640183,0.00560243505851043,-0.0266685347358477));
#1429=CARTESIAN_POINT('',(-0.0018688628133687,0.00609090946590722,-0.0317383598640177));
#1430=CARTESIAN_POINT('',(-0.00259990031939432,0.00626288550490845,-0.0368334176693307));
#1431=CARTESIAN_POINT('',(-0.00345303940754276,0.00607528161616354,-0.0419195645463751));
#1432=CARTESIAN_POINT('',(-0.00443881681277852,0.00596900115515038,-0.0470047875683939));
#1433=CARTESIAN_POINT('',(-0.00565695454234691,0.00564058489159327,-0.052079486151138));
#1434=CARTESIAN_POINT('',(-0.00692490008073724,0.00536060979733693,-0.0571710102013055));
#1435=CARTESIAN_POINT('',(-0.00844046654921272,0.00512847339023941,-0.062253014504507));
#1436=CARTESIAN_POINT('',(-0.0100799782194721,0.00487503355471666,-0.0673349457013931));
#1437=CARTESIAN_POINT('',(-0.012075622787227,0.0045702178793655,-0.0724201677227522));
#1438=CARTESIAN_POINT('',(-0.0141013786949656,0.00431402030546827,-0.0775055581060423));
#1439=CARTESIAN_POINT('',(-0.0162589501078514,0.00402589545455781,-0.0825809737304472));
#1440=CARTESIAN_POINT('',(-0.0187201878003015,0.00373055879081818,-0.0878151117300293));
#1441=CARTESIAN_POINT('',(-0.0217486713785647,0.00324160087825356,-0.0926744502811111));
#1442=CARTESIAN_POINT('',(-0.0239818925637299,0.0031116175726304,-0.0960962163910302));
#1443=CARTESIAN_POINT('',(-0.0250938696914178,0.00304689560787637,-0.0978000000000176));
#1444=CARTESIAN_POINT('',(0.00511814094209819,0.0017636548168567,-0.000769706551635822));
#1445=CARTESIAN_POINT('',(0.00349389709442633,0.00313917353195123,-0.00608078335329747));
#1446=CARTESIAN_POINT('',(0.00137494380940424,0.00492704767294042,-0.0131388734777761));
#1447=CARTESIAN_POINT('',(0.000271750733525756,0.00561568567790809,-0.0215625260060572));
#1448=CARTESIAN_POINT('',(-0.000464324297645418,0.00593496622188827,-0.0266685347358477));
#1449=CARTESIAN_POINT('',(-0.00102489798482659,0.00643845875546141,-0.0317383598640175));
#1450=CARTESIAN_POINT('',(-0.00168699335675496,0.00660575655267936,-0.0368334176693305));
#1451=CARTESIAN_POINT('',(-0.0024858485758419,0.00639403339060615,-0.0419195645463753));
#1452=CARTESIAN_POINT('',(-0.00343802306832372,0.0062689500420561,-0.0470047875683932));
#1453=CARTESIAN_POINT('',(-0.00464040368810048,0.00590921603091972,-0.0520794861511381));
#1454=CARTESIAN_POINT('',(-0.00590490774239738,0.00560090316991572,-0.0571710102013051));
#1455=CARTESIAN_POINT('',(-0.00743866561805674,0.00534315957765776,-0.0622530145045069));
#1456=CARTESIAN_POINT('',(-0.00911423332746773,0.00506351845616261,-0.067334945701392));
#1457=CARTESIAN_POINT('',(-0.0111639773411389,0.00472736756021893,-0.0724201677227525));
#1458=CARTESIAN_POINT('',(-0.0132627190142843,0.00444396072262366,-0.0775055581060428));
#1459=CARTESIAN_POINT('',(-0.015513566322904,0.00412868631444361,-0.0825809737304468));
#1460=CARTESIAN_POINT('',(-0.0180821021019914,0.00380046464901212,-0.0878151117300296));
#1461=CARTESIAN_POINT('',(-0.0212880806217334,0.00328195891048777,-0.0926744502811101));
#1462=CARTESIAN_POINT('',(-0.02363684319524,0.00313510315935666,-0.0960962163910301));
#1463=CARTESIAN_POINT('',(-0.0248063512929861,0.00306197997862921,-0.0978000000000179));
#1464=CARTESIAN_POINT('',(0.00549241712133396,0.00206899470655783,-0.000769706551635791));
#1465=CARTESIAN_POINT('',(0.00390743463465118,0.00339404685155366,-0.00608078335329742));
#1466=CARTESIAN_POINT('',(0.00184259507826244,0.00511972011287692,-0.013138873477776));
#1467=CARTESIAN_POINT('',(0.000873813896913839,0.00590946832066676,-0.0215625260060571));
#1468=CARTESIAN_POINT('',(0.000210250785858761,0.00624984703556258,-0.0266685347358476));
#1469=CARTESIAN_POINT('',(-0.000283992366057308,0.00676702661512553,-0.0317383598640176));
#1470=CARTESIAN_POINT('',(-0.00088396709891815,0.0069297938178498,-0.0368334176693304));
#1471=CARTESIAN_POINT('',(-0.00163371370401589,0.00669640129170586,-0.0419195645463748));
#1472=CARTESIAN_POINT('',(-0.0025555962816754,0.00655485084707747,-0.0470047875683937));
#1473=CARTESIAN_POINT('',(-0.0037432712277534,0.00616718146467555,-0.0520794861511378));
#1474=CARTESIAN_POINT('',(-0.00500415278810804,0.00583361953186489,-0.0571710102013052));
#1475=CARTESIAN_POINT('',(-0.00655359093731546,0.00555290984293177,-0.0622530145045068));
#1476=CARTESIAN_POINT('',(-0.00826080687486429,0.00525008887935267,-0.0673349457013926));
#1477=CARTESIAN_POINT('',(-0.0103578394840898,0.0048848272971302,-0.0724201677227521));
#1478=CARTESIAN_POINT('',(-0.0125209330220732,0.00457663050206808,-0.0775055581060421));
#1479=CARTESIAN_POINT('',(-0.0148543575385446,0.0042377110427258,-0.0825809737304472));
#1480=CARTESIAN_POINT('',(-0.0175168922049402,0.00387563684510941,-0.0878151117300292));
#1481=CARTESIAN_POINT('',(-0.0208823763971259,0.00334331757818433,-0.0926744502811106));
#1482=CARTESIAN_POINT('',(-0.0233333153217396,0.00318087905683835,-0.0960962163910301));
#1483=CARTESIAN_POINT('',(-0.0245536996005717,0.00309999682197865,-0.0978000000000175));
#1484=CARTESIAN_POINT('',(0.00573464799244319,0.00233914400283761,-0.000769706551635772));
#1485=CARTESIAN_POINT('',(0.00420526236096272,0.00363108154980964,-0.00608078335329727));
#1486=CARTESIAN_POINT('',(0.00221483957804874,0.00531624728155083,-0.0131388734777757));
#1487=CARTESIAN_POINT('',(0.00135404389352184,0.00618376085090336,-0.0215625260060572));
#1488=CARTESIAN_POINT('',(0.000752713021380681,0.0065403799678952,-0.0266685347358475));
#1489=CARTESIAN_POINT('',(0.000312921733223399,0.00707119164907228,-0.0317383598640176));
#1490=CARTESIAN_POINT('',(-0.000233781632456474,0.00722962478595449,-0.0368334176693305));
#1491=CARTESIAN_POINT('',(-0.000941012329747233,0.00697780036055203,-0.0419195645463745));
#1492=CARTESIAN_POINT('',(-0.00183713633004358,0.0068236950384527,-0.0470047875683937));
#1493=CARTESIAN_POINT('',(-0.00301131122585782,0.00641270048092457,-0.0520794861511373));
#1494=CARTESIAN_POINT('',(-0.00426823591479562,0.00605830252870582,-0.057171010201305));
#1495=CARTESIAN_POINT('',(-0.00582987714250347,0.00575818112135028,-0.0622530145045065));
#1496=CARTESIAN_POINT('',(-0.00756283652058083,0.00543656398896799,-0.0673349457013925));
#1497=CARTESIAN_POINT('',(-0.00969744975369833,0.00504343676961926,-0.0724201677227526));
#1498=CARTESIAN_POINT('',(-0.0119132540062261,0.00471378254420869,-0.0775055581060421));
#1499=CARTESIAN_POINT('',(-0.0143148792504548,0.00435618225526806,-0.0825809737304474));
#1500=CARTESIAN_POINT('',(-0.0170535510093501,0.00396140481011936,-0.0878151117300293));
#1501=CARTESIAN_POINT('',(-0.0205528580688489,0.00342516846335134,-0.0926744502811107));
#1502=CARTESIAN_POINT('',(-0.0230882879563955,0.0032504382130472,-0.0960962163910302));
#1503=CARTESIAN_POINT('',(-0.0243507424156925,0.00316343561646426,-0.0978000000000177));
#1504=CARTESIAN_POINT('',(0.00587151488490056,0.00254823983373332,-0.00076970655163583));
#1505=CARTESIAN_POINT('',(0.00439358145902348,0.00382622480347892,-0.00608078335329753));
#1506=CARTESIAN_POINT('',(0.00247152343894163,0.00549477299754085,-0.0131388734777762));
#1507=CARTESIAN_POINT('',(0.00169188651715675,0.00641180472347053,-0.0215625260060569));
#1508=CARTESIAN_POINT('',(0.00113856572925877,0.0067788621716967,-0.0266685347358476));
#1509=CARTESIAN_POINT('',(0.000738139537777555,0.0073216853611044,-0.0317383598640174));
#1510=CARTESIAN_POINT('',(0.000232413206416656,0.00747552798563559,-0.0368334176693304));
#1511=CARTESIAN_POINT('',(-0.000442020309994571,0.00720907617539314,-0.0419195645463749));
#1512=CARTESIAN_POINT('',(-0.00131895799445555,0.00704670818224321,-0.0470047875683928));
#1513=CARTESIAN_POINT('',(-0.00248219139782267,0.00661821649593209,-0.0520794861511391));
#1514=CARTESIAN_POINT('',(-0.00373550708337176,0.00624854613617461,-0.0571710102013045));
#1515=CARTESIAN_POINT('',(-0.0053054532167503,0.00593399139610014,-0.0622530145045067));
#1516=CARTESIAN_POINT('',(-0.00705700900409145,0.00559949372339486,-0.0673349457013924));
#1517=CARTESIAN_POINT('',(-0.00921748290319722,0.00518210628357149,-0.0724201677227514));
#1518=CARTESIAN_POINT('',(-0.0114713117003912,0.00483597346328139,-0.0775055581060408));
#1519=CARTESIAN_POINT('',(-0.0139237790183454,0.00446792354392732,-0.0825809737304475));
#1520=CARTESIAN_POINT('',(-0.0167145734262878,0.00403731158972085,-0.0878151117300285));
#1521=CARTESIAN_POINT('',(-0.0203236751428041,0.00353833616580126,-0.0926744502811102));
#1522=CARTESIAN_POINT('',(-0.022925954004957,0.00334969558054531,-0.09609621639103));
#1523=CARTESIAN_POINT('',(-0.0242216942539757,0.00325576667750977,-0.0978000000000177));
#1524=CARTESIAN_POINT('',(0.00594390888269701,0.00269731462343019,-0.000769706551635787));
#1525=CARTESIAN_POINT('',(0.00449918863825115,0.00397814866501759,-0.00608078335329739));
#1526=CARTESIAN_POINT('',(0.00262152144624948,0.00565114455155738,-0.013138873477776));
#1527=CARTESIAN_POINT('',(0.00190396542537447,0.00659731960663916,-0.021562526006057));
#1528=CARTESIAN_POINT('',(0.00138658585820085,0.00697055899888404,-0.0266685347358475));
#1529=CARTESIAN_POINT('',(0.00101179353737609,0.00752625280589258,-0.0317383598640174));
#1530=CARTESIAN_POINT('',(0.000537556627753726,0.00767671160753718,-0.0368334176693303));
#1531=CARTESIAN_POINT('',(-0.00011141417204757,0.00739964500408083,-0.0419195645463748));
#1532=CARTESIAN_POINT('',(-0.000974620176470461,0.00723393252381221,-0.0470047875683933));
#1533=CARTESIAN_POINT('',(-0.00212855862605558,0.00679315308108117,-0.0520794861511376));
#1534=CARTESIAN_POINT('',(-0.00337836352572819,0.0064132967169025,-0.057171010201305));
#1535=CARTESIAN_POINT('',(-0.00495333533166083,0.00608827323153378,-0.0622530145045066));
#1536=CARTESIAN_POINT('',(-0.00671794204500363,0.00574597165340827,-0.0673349457013923));
#1537=CARTESIAN_POINT('',(-0.00889377590241608,0.00530510061928035,-0.0724201677227518));
#1538=CARTESIAN_POINT('',(-0.0111735327420478,0.00494644597787056,-0.0775055581060422));
#1539=CARTESIAN_POINT('',(-0.013663119703687,0.00457373863622862,-0.0825809737304467));
#1540=CARTESIAN_POINT('',(-0.0164836491515761,0.0041099374088563,-0.0878151117300292));
#1541=CARTESIAN_POINT('',(-0.0201904997006275,0.00365641965530279,-0.0926744502811105));
#1542=CARTESIAN_POINT('',(-0.0228417797581013,0.0034492596907777,-0.09609621639103));
#1543=CARTESIAN_POINT('',(-0.0241619189375923,0.00334610952192978,-0.0978000000000176));
#1544=CARTESIAN_POINT('',(0.00598817425269921,0.00281465150349928,-0.000769706551635812));
#1545=CARTESIAN_POINT('',(0.00456411331501107,0.00410451112345901,-0.00608078335329739));
#1546=CARTESIAN_POINT('',(0.00271441430163139,0.00578970161211693,-0.013138873477776));
#1547=CARTESIAN_POINT('',(0.00204873218424751,0.00675764366611243,-0.0215625260060571));
#1548=CARTESIAN_POINT('',(0.00156131692542274,0.00713578455106476,-0.0266685347358473));
#1549=CARTESIAN_POINT('',(0.00120465707715412,0.00770186229620325,-0.0317383598640176));
#1550=CARTESIAN_POINT('',(0.000756215653996015,0.00784971213362595,-0.0368334176693302));
#1551=CARTESIAN_POINT('',(0.000128719110607419,0.0075647489100426,-0.041919564546375));
#1552=CARTESIAN_POINT('',(-0.000724706827856422,0.00739637686591526,-0.0470047875683932));
#1553=CARTESIAN_POINT('',(-0.00187050903981385,0.0069462885414715,-0.0520794861511379));
#1554=CARTESIAN_POINT('',(-0.00311725258702123,0.0065586235627089,-0.0571710102013048));
#1555=CARTESIAN_POINT('',(-0.00469542615194496,0.0062254333224886,-0.062253014504507));
#1556=CARTESIAN_POINT('',(-0.0064705404358189,0.00587708064013164,-0.0673349457013921));
#1557=CARTESIAN_POINT('',(-0.00865356654221922,0.00541792178469566,-0.072420167722752));
#1558=CARTESIAN_POINT('',(-0.0109523887714264,0.00504825295952989,-0.0775055581060418));
#1559=CARTESIAN_POINT('',(-0.0134742168882807,0.00467481355581735,-0.0825809737304471));
#1560=CARTESIAN_POINT('',(-0.0163058193494839,0.00417434768992129,-0.0878151117300288));
#1561=CARTESIAN_POINT('',(-0.0201289542650928,0.00379361084421331,-0.0926744502811105));
#1562=CARTESIAN_POINT('',(-0.0228034145417564,0.00354796848495326,-0.0960962163910303));
#1563=CARTESIAN_POINT('',(-0.0241350957367563,0.00342565696162412,-0.097800000000018));
#1564=CARTESIAN_POINT('',(0.00601093871139213,0.00289798273643191,-0.000769706551635811));
#1565=CARTESIAN_POINT('',(0.00459479867462508,0.00419927166786223,-0.00608078335329738));
#1566=CARTESIAN_POINT('',(0.00275644528549046,0.00589956305587822,-0.0131388734777759));
#1567=CARTESIAN_POINT('',(0.00213382477253068,0.00688235865945627,-0.0215625260060571));
#1568=CARTESIAN_POINT('',(0.00167005270969736,0.00726156674771365,-0.0266685347358474));
#1569=CARTESIAN_POINT('',(0.00132211846321914,0.007839364768781,-0.0317383598640175));
#1570=CARTESIAN_POINT('',(0.000894141345216987,0.0079829426053904,-0.0368334176693302));
#1571=CARTESIAN_POINT('',(0.000282652320206197,0.00768971590789868,-0.0419195645463749));
#1572=CARTESIAN_POINT('',(-0.000564906115166935,0.00752269711613778,-0.0470047875683933));
#1573=CARTESIAN_POINT('',(-0.00170435204945812,0.00706554108607278,-0.0520794861511374));
#1574=CARTESIAN_POINT('',(-0.00294867148355076,0.00667330759780986,-0.0571710102013051));
#1575=CARTESIAN_POINT('',(-0.00452833517602161,0.00633493529736697,-0.0622530145045066));
#1576=CARTESIAN_POINT('',(-0.00631064732918957,0.00598590070682451,-0.0673349457013925));
#1577=CARTESIAN_POINT('',(-0.00849589806361574,0.0055050221981232,-0.0724201677227519));
#1578=CARTESIAN_POINT('',(-0.0108063697819789,0.00513006823066323,-0.0775055581060421));
#1579=CARTESIAN_POINT('',(-0.0133536547718794,0.00475754821774344,-0.0825809737304467));
#1580=CARTESIAN_POINT('',(-0.0161822951613766,0.00423056104171535,-0.0878151117300292));
#1581=CARTESIAN_POINT('',(-0.0201227301673921,0.00390360013547854,-0.0926744502811104));
#1582=CARTESIAN_POINT('',(-0.0227966473203125,0.0036234408550385,-0.0960962163910301));
#1583=CARTESIAN_POINT('',(-0.0241280580803085,0.0034839424864809,-0.0978000000000177));
#1584=CARTESIAN_POINT('',(0.00603022181454135,0.0029959882239035,-0.000769706551635815));
#1585=CARTESIAN_POINT('',(0.00461424632332635,0.00431250626755876,-0.00608078335329742));
#1586=CARTESIAN_POINT('',(0.00277727947508775,0.00603328017221462,-0.013138873477776));
#1587=CARTESIAN_POINT('',(0.00219839733166042,0.00704931266625778,-0.0215625260060571));
#1588=CARTESIAN_POINT('',(0.00176686006619877,0.00743327371141067,-0.0266685347358475));
#1589=CARTESIAN_POINT('',(0.0014201437312622,0.00803926701243971,-0.0317383598640174));
#1590=CARTESIAN_POINT('',(0.001022822520329,0.00818457119826875,-0.0368334176693303));
#1591=CARTESIAN_POINT('',(0.000437297031419761,0.00788242709729463,-0.0419195645463748));
#1592=CARTESIAN_POINT('',(-0.00040398820471185,0.00772651860537385,-0.0470047875683933));
#1593=CARTESIAN_POINT('',(-0.00153195627723133,0.00726153959247336,-0.0520794861511376));
#1594=CARTESIAN_POINT('',(-0.00277174964227196,0.00686584679331813,-0.0571710102013049));
#1595=CARTESIAN_POINT('',(-0.00435250549725534,0.00651933937953372,-0.0622530145045066));
#1596=CARTESIAN_POINT('',(-0.00614604609293753,0.00617273906750726,-0.0673349457013923));
#1597=CARTESIAN_POINT('',(-0.00832631518581204,0.00564175985957467,-0.0724201677227519));
#1598=CARTESIAN_POINT('',(-0.0106516479639304,0.00525892292767099,-0.077505558106042));
#1599=CARTESIAN_POINT('',(-0.0132328500370686,0.00489100916839783,-0.0825809737304468));
#1600=CARTESIAN_POINT('',(-0.0160512553002214,0.00433254048720633,-0.0878151117300292));
#1601=CARTESIAN_POINT('',(-0.0201527900990558,0.00402149529432071,-0.0926744502811105));
#1602=CARTESIAN_POINT('',(-0.0228073823454295,0.00370743208148429,-0.09609621639103));
#1603=CARTESIAN_POINT('',(-0.0241291707472742,0.00355105209026706,-0.0978000000000176));
#1604=CARTESIAN_POINT('',(0.00603848888285067,0.00306602328781385,-0.000769706551635842));
#1605=CARTESIAN_POINT('',(0.00461700278853345,0.0043940294435458,-0.00608078335329744));
#1606=CARTESIAN_POINT('',(0.00277350931628267,0.00613047034940929,-0.013138873477776));
#1607=CARTESIAN_POINT('',(0.00221554373160413,0.0071796153783382,-0.0215625260060571));
#1608=CARTESIAN_POINT('',(0.00180784541141607,0.0075780148800374,-0.0266685347358475));
#1609=CARTESIAN_POINT('',(0.00145344163706648,0.00819884586646695,-0.0317383598640175));
#1610=CARTESIAN_POINT('',(0.00107847360981204,0.0083531785850283,-0.0368334176693303));
#1611=CARTESIAN_POINT('',(0.00051907491611137,0.00805402412668527,-0.0419195645463748));
#1612=CARTESIAN_POINT('',(-0.000325951828007827,0.0079015901569489,-0.0470047875683934));
#1613=CARTESIAN_POINT('',(-0.00144284105386094,0.00743420525592899,-0.0520794861511376));
#1614=CARTESIAN_POINT('',(-0.00268024726466586,0.00703572323448092,-0.0571710102013049));
#1615=CARTESIAN_POINT('',(-0.00426033782633181,0.0066833580995072,-0.0622530145045066));
#1616=CARTESIAN_POINT('',(-0.00606902547050617,0.0063324099164846,-0.0673349457013923));
#1617=CARTESIAN_POINT('',(-0.00821517773312099,0.00578018404013599,-0.0724201677227519));
#1618=CARTESIAN_POINT('',(-0.0105560292465529,0.00538570652837435,-0.077505558106042));
#1619=CARTESIAN_POINT('',(-0.0131699359284236,0.00500910851028015,-0.0825809737304468));
#1620=CARTESIAN_POINT('',(-0.0159730036222378,0.0044311409419569,-0.0878151117300292));
#1621=CARTESIAN_POINT('',(-0.0202006213222195,0.00409619784360763,-0.0926744502811105));
#1622=CARTESIAN_POINT('',(-0.0228283442720408,0.00376357097062088,-0.0960962163910301));
#1623=CARTESIAN_POINT('',(-0.024136753773756,0.00359794766502419,-0.0978000000000176));
#1624=CARTESIAN_POINT('',(0.00604160806287335,0.00314471762245053,-0.000769706551635842));
#1625=CARTESIAN_POINT('',(0.00460959706205553,0.00448443644717661,-0.00608078335329744));
#1626=CARTESIAN_POINT('',(0.00275255091091845,0.00623677910176475,-0.013138873477776));
#1627=CARTESIAN_POINT('',(0.0021940590871642,0.00731702234982666,-0.0215625260060572));
#1628=CARTESIAN_POINT('',(0.00180195624786438,0.00773349149856212,-0.0266685347358474));
#1629=CARTESIAN_POINT('',(0.00141244726481809,0.00835446205054424,-0.0317383598640175));
#1630=CARTESIAN_POINT('',(0.00104461860285324,0.00851943608415622,-0.0368334176693303));
#1631=CARTESIAN_POINT('',(0.00050624563448835,0.00822986567701849,-0.0419195645463749));
#1632=CARTESIAN_POINT('',(-0.000365538994307621,0.00807411723495095,-0.0470047875683934));
#1633=CARTESIAN_POINT('',(-0.0014738877175544,0.00760889823313943,-0.0520794861511377));
#1634=CARTESIAN_POINT('',(-0.0027135338798774,0.00720906811977705,-0.057171010201305));
#1635=CARTESIAN_POINT('',(-0.00428806841266994,0.00685364521728259,-0.0622530145045067));
#1636=CARTESIAN_POINT('',(-0.00611412556369432,0.00649553701400114,-0.0673349457013923));
#1637=CARTESIAN_POINT('',(-0.00817390491230807,0.00594199554754563,-0.0724201677227519));
#1638=CARTESIAN_POINT('',(-0.0105229157659608,0.00553373822677478,-0.0775055581060421));
#1639=CARTESIAN_POINT('',(-0.0131653253649303,0.00514136959425102,-0.0825809737304467));
#1640=CARTESIAN_POINT('',(-0.0159336392478067,0.00454833807449923,-0.0878151117300291));
#1641=CARTESIAN_POINT('',(-0.020264796628131,0.00417182370111993,-0.0926744502811105));
#1642=CARTESIAN_POINT('',(-0.0228594707178803,0.00382287708748591,-0.0960962163910301));
#1643=CARTESIAN_POINT('',(-0.0241514243590026,0.00364912777159964,-0.0978000000000177));
#1644=CARTESIAN_POINT('',(0.00604156570609655,0.00317657437669236,-0.000769706551635846));
#1645=CARTESIAN_POINT('',(0.00460445621774863,0.00452063205711325,-0.00608078335329747));
#1646=CARTESIAN_POINT('',(0.00274069382200585,0.0062788338923671,-0.0131388734777761));
#1647=CARTESIAN_POINT('',(0.00217632416857071,0.00736942515852218,-0.0215625260060571));
#1648=CARTESIAN_POINT('',(0.00178649581289628,0.00779239407394036,-0.0266685347358475));
#1649=CARTESIAN_POINT('',(0.00137897766138037,0.0084110527343781,-0.0317383598640175));
#1650=CARTESIAN_POINT('',(0.0010107706839538,0.00858030534572556,-0.0368334176693304));
#1651=CARTESIAN_POINT('',(0.000476198068125392,0.0082947581280755,-0.0419195645463749));
#1652=CARTESIAN_POINT('',(-0.000405433464901052,0.00813803472842027,-0.0470047875683934));
#1653=CARTESIAN_POINT('',(-0.00151154640227083,0.0076743640638682,-0.0520794861511377));
#1654=CARTESIAN_POINT('',(-0.00275178133976329,0.00727461680049012,-0.057171010201305));
#1655=CARTESIAN_POINT('',(-0.00432332938482551,0.00691863020978701,-0.0622530145045067));
#1656=CARTESIAN_POINT('',(-0.00615304142034907,0.00655795051361839,-0.0673349457013923));
#1657=CARTESIAN_POINT('',(-0.00818244163171299,0.00600572068322854,-0.0724201677227519));
#1658=CARTESIAN_POINT('',(-0.0105287161121728,0.00559275753113573,-0.0775055581060421));
#1659=CARTESIAN_POINT('',(-0.0131790925396825,0.0051934129039365,-0.0825809737304467));
#1660=CARTESIAN_POINT('',(-0.0159302332535749,0.00459564331591247,-0.0878151117300293));
#1661=CARTESIAN_POINT('',(-0.0202916963745191,0.00420086564171184,-0.0926744502811105));
#1662=CARTESIAN_POINT('',(-0.022873181458408,0.00384613842098364,-0.0960962163910301));
#1663=CARTESIAN_POINT('',(-0.0241585679610171,0.00366951079509584,-0.0978000000000176));
#1664=CARTESIAN_POINT('',(0.00603972528973562,0.00324880850596752,-0.00076970655163587));
#1665=CARTESIAN_POINT('',(0.00458991663630064,0.00460182082730299,-0.00608078335329747));
#1666=CARTESIAN_POINT('',(0.0027092758049968,0.00637208316646069,-0.013138873477776));
#1667=CARTESIAN_POINT('',(0.0021246887812492,0.00748284625317704,-0.0215625260060571));
#1668=CARTESIAN_POINT('',(0.00173413167765972,0.00791874628301655,-0.0266685347358475));
#1669=CARTESIAN_POINT('',(0.00128703676688176,0.00853205456523614,-0.0317383598640176));
#1670=CARTESIAN_POINT('',(0.000914082220265309,0.00870994611586877,-0.0368334176693303));
#1671=CARTESIAN_POINT('',(0.000384290580285745,0.00843377286578135,-0.0419195645463749));
#1672=CARTESIAN_POINT('',(-0.000518511619790039,0.00827453185444259,-0.0470047875683934));
#1673=CARTESIAN_POINT('',(-0.00162059995353215,0.00781496083164974,-0.0520794861511377));
#1674=CARTESIAN_POINT('',(-0.00286181836290352,0.00741586727393161,-0.057171010201305));
#1675=CARTESIAN_POINT('',(-0.00442615552052702,0.00705932847832978,-0.0622530145045067));
#1676=CARTESIAN_POINT('',(-0.00626081756574989,0.00669315488348757,-0.0673349457013924));
#1677=CARTESIAN_POINT('',(-0.00822750981275608,0.0061466654033383,-0.0724201677227519));
#1678=CARTESIAN_POINT('',(-0.0105647969422349,0.00572351714817768,-0.0775055581060421));
#1679=CARTESIAN_POINT('',(-0.013225309006811,0.00530892783235649,-0.0825809737304468));
#1680=CARTESIAN_POINT('',(-0.0159373694073503,0.00470184789742489,-0.0878151117300292));
#1681=CARTESIAN_POINT('',(-0.0203529854436447,0.00426452177046751,-0.0926744502811106));
#1682=CARTESIAN_POINT('',(-0.0229053079278348,0.00389784348231683,-0.0960962163910301));
#1683=CARTESIAN_POINT('',(-0.0241761736368636,0.0037152651186725,-0.0978000000000177));
#1684=CARTESIAN_POINT('',(-0.0243810969877638,0.00403070649828187,-0.0978000000000159));
#1685=CARTESIAN_POINT('',(-0.0241742072983538,0.00375951439791964,-0.0978000000000159));
#1686=CARTESIAN_POINT('',(-0.0241103095197519,0.00349828582958952,-0.0978000000000159));
#1687=CARTESIAN_POINT('',(-0.0241756883449619,0.00330005918818763,-0.0978000000000159));
#1688=CARTESIAN_POINT('',(-0.0242850165202051,0.00319907848953966,-0.0978000000000159));
#1689=CARTESIAN_POINT('',(-0.0245078163855589,0.003110603899722,-0.0978000000000159));
#1690=CARTESIAN_POINT('',(-0.024638705351103,0.00308867337648751,-0.0978000000000159));
#1691=CARTESIAN_POINT('',(-0.0248119407352014,0.00306416227884952,-0.0978000000000159));
#1692=CARTESIAN_POINT('',(-0.0250066461024238,0.00305116866203308,-0.0978000000000159));
#1693=CARTESIAN_POINT('',(-0.025177331718983,0.00304707579358506,-0.0978000000000159));
#1694=CARTESIAN_POINT('',(-0.025297488105757,0.0030473006509979,-0.0978000000000159));
#1695=CARTESIAN_POINT('',(-0.0253144441105143,0.00304759141658462,-0.0978000000000159));
#1696=CARTESIAN_POINT('',(-0.0253847381381137,0.00304868577694031,-0.0978000000000159));
#1697=CARTESIAN_POINT('',(-0.0254861477382798,0.00305084251738481,-0.0978000000000159));
#1698=CARTESIAN_POINT('',(-0.0256916172586783,0.00305564731112521,-0.0978000000000159));
#1699=CARTESIAN_POINT('',(-0.0258547648147639,0.00305951478182657,-0.0978000000000159));
#1700=CARTESIAN_POINT('',(-0.0260986884168869,0.00306433717483709,-0.0978000000000159));
#1701=CARTESIAN_POINT('',(-0.0263888835907236,0.00306821700993182,-0.0978000000000159));
#1702=CARTESIAN_POINT('',(-0.0267784405384205,0.00306999290464351,-0.0978000000000159));
#1703=CARTESIAN_POINT('',(-0.0271672346433792,0.00307000426313127,-0.0978000000000159));
#1704=CARTESIAN_POINT('',(-0.0274125493887168,0.003070607209101,-0.0978000000000159));
#1705=CARTESIAN_POINT('',(-0.0275360551161457,0.00307097563106632,-0.0978000000000159));
#1706=CARTESIAN_POINT('',(-0.0276119886569662,0.00307128596703751,-0.0978000000000159));
#1707=CARTESIAN_POINT('',(-0.0277150964476038,0.0030716638338577,-0.0978000000000159));
#1708=CARTESIAN_POINT('',(-0.0278516967826032,0.00307189552261079,-0.0978000000000159));
#1709=CARTESIAN_POINT('',(-0.0279650928491806,0.00307203508166655,-0.0978000000000159));
#1710=CARTESIAN_POINT('',(-0.0281550859543395,0.00306905219152545,-0.0978000000000159));
#1711=CARTESIAN_POINT('',(-0.0283434287260821,0.00306213343269054,-0.0978000000000159));
#1712=CARTESIAN_POINT('',(-0.0286102074550733,0.00305072242140806,-0.0978000000000159));
#1713=CARTESIAN_POINT('',(-0.0287353347344002,0.00304851450816884,-0.0978000000000159));
#1714=CARTESIAN_POINT('',(-0.0288174116211267,0.00304964573290882,-0.0978000000000159));
#1715=CARTESIAN_POINT('',(-0.0289337047330215,0.00305442230232334,-0.0978000000000159));
#1716=CARTESIAN_POINT('',(-0.0290509198778722,0.00305889473699046,-0.0978000000000159));
#1717=CARTESIAN_POINT('',(-0.0291462495479257,0.00306016945032512,-0.0978000000000159));
#1718=CARTESIAN_POINT('',(-0.0293012440416841,0.00304749686881002,-0.0978000000000159));
#1719=CARTESIAN_POINT('',(-0.0294006675799719,0.00302477330319651,-0.0978000000000159));
#1720=CARTESIAN_POINT('',(-0.0295177628872711,0.00299305625992232,-0.0978000000000159));
#1721=CARTESIAN_POINT('',(-0.0295589310954146,0.00298228876520689,-0.0978000000000159));
#1722=CARTESIAN_POINT('',(-0.0296557672076265,0.00296807590621896,-0.0978000000000159));
#1723=CARTESIAN_POINT('',(-0.0297211241216069,0.00300660042895445,-0.0978000000000159));
#1724=CARTESIAN_POINT('',(-0.0297469521919984,0.00310792437157695,-0.0978000000000159));
#1725=CARTESIAN_POINT('',(-0.0297239574699025,0.00325775920122925,-0.0978000000000159));
#1726=CARTESIAN_POINT('',(-0.0296218014212914,0.00333308072362695,-0.0978000000000159));
#1727=CARTESIAN_POINT('',(-0.0294950419587409,0.00338077197004744,-0.0978000000000159));
#1728=CARTESIAN_POINT('',(-0.0293542951213826,0.00343687556533501,-0.0978000000000159));
#1729=CARTESIAN_POINT('',(-0.029264659899694,0.00348724853769836,-0.0978000000000159));
#1730=CARTESIAN_POINT('',(-0.0291086364977767,0.00358322015306872,-0.0978000000000159));
#1731=CARTESIAN_POINT('',(-0.0289617056790546,0.00368193921840282,-0.0978000000000159));
#1732=CARTESIAN_POINT('',(-0.0288885471065061,0.00372973592831032,-0.0978000000000159));
#1733=CARTESIAN_POINT('',(-0.028731486388616,0.00382073153086539,-0.0978000000000159));
#1734=CARTESIAN_POINT('',(-0.0285991699964014,0.00388646996014729,-0.0978000000000159));
#1735=CARTESIAN_POINT('',(-0.0283386610255471,0.00400779707823109,-0.0978000000000159));
#1736=CARTESIAN_POINT('',(-0.0279810316329197,0.00416146436944608,-0.0978000000000159));
#1737=CARTESIAN_POINT('',(-0.0277074764324378,0.00427150896816747,-0.0978000000000159));
#1738=CARTESIAN_POINT('',(-0.0273313336778957,0.00439787937345435,-0.0978000000000159));
#1739=CARTESIAN_POINT('',(-0.026972548148547,0.00449666580579298,-0.0978000000000159));
#1740=CARTESIAN_POINT('',(-0.026557702908823,0.00458117863743119,-0.0978000000000159));
#1741=CARTESIAN_POINT('',(-0.0260825559340107,0.00463202504949226,-0.0978000000000159));
#1742=CARTESIAN_POINT('',(-0.0254188764259529,0.00458771778495023,-0.0978000000000159));
#1743=CARTESIAN_POINT('',(-0.0248086986606272,0.00434780225641915,-0.0978000000000159));
#1744=CARTESIAN_POINT('',(-0.0243810969877638,0.00403070649828187,-0.0978000000000159));
#1745=CARTESIAN_POINT('',(-0.0241742072983538,0.00375951439791964,-0.0978000000000159));
#1746=CARTESIAN_POINT('',(-0.0241103095197519,0.00349828582958952,-0.0978000000000159));
#1747=CARTESIAN_POINT('',(-0.0241631125101319,0.00368132134826771,-0.0978000000000159));
#1748=CARTESIAN_POINT('',(0.00513532758774054,0.0042122371135912,-0.00398588676246962));
#1749=CARTESIAN_POINT('',(0.00521549372120067,0.00399027876687503,-0.00387933943077102));
#1750=CARTESIAN_POINT('',(0.00521749262568558,0.00371987248871367,-0.00387701571358536));
#1751=CARTESIAN_POINT('',(0.00510042201103796,0.00353484466522947,-0.00403140425456226));
#1752=CARTESIAN_POINT('',(0.00496014990331625,0.0034159810294434,-0.00420283238870803));
#1753=CARTESIAN_POINT('',(0.00475631257272198,0.00328894689460956,-0.00443516315819693));
#1754=CARTESIAN_POINT('',(0.00447566797134864,0.00316299857968121,-0.00472192373515696));
#1755=CARTESIAN_POINT('',(0.00399285918147095,0.00299160260328632,-0.00514650922996341));
#1756=CARTESIAN_POINT('',(0.00333317367094963,0.002807378262954,-0.00560898804079898));
#1757=CARTESIAN_POINT('',(0.00244688779553387,0.00260467682685782,-0.00604830662725364));
#1758=CARTESIAN_POINT('',(0.00152361731317711,0.00240127852669474,-0.00634392276143124));
#1759=CARTESIAN_POINT('',(0.000226697304425163,0.00212644701889677,-0.0065537970775866));
#1760=CARTESIAN_POINT('',(-0.00140961703214708,0.00179963811592106,-0.00644665357155093));
#1761=CARTESIAN_POINT('',(-0.00327711424955376,0.00154655346050398,-0.00573124689423435));
#1762=CARTESIAN_POINT('',(-0.00459142689888849,0.0014923733941383,-0.00468580758889573));
#1763=CARTESIAN_POINT('',(-0.00541818486757744,0.00166909702044804,-0.00363545014990228));
#1764=CARTESIAN_POINT('',(-0.00581543846591295,0.00186060794629434,-0.00293431153169685));
#1765=CARTESIAN_POINT('',(-0.0060700281687452,0.00204421251177454,-0.0023418584943604));
#1766=CARTESIAN_POINT('',(-0.00622512328068866,0.00220578332064537,-0.00188848738061711));
#1767=CARTESIAN_POINT('',(-0.00631419049385509,0.00243428397581439,-0.00155220471363766));
#1768=CARTESIAN_POINT('',(-0.00636160334781877,0.00272328113171784,-0.00133463314291991));
#1769=CARTESIAN_POINT('',(-0.00634541901706273,0.00298994296351721,-0.00141153536101523));
#1770=CARTESIAN_POINT('',(-0.00629972858019435,0.00315246663634908,-0.00160581627305199));
#1771=CARTESIAN_POINT('',(-0.00622738061049358,0.00334616080638227,-0.00187175364317304));
#1772=CARTESIAN_POINT('',(-0.00611360532825438,0.00354563243965375,-0.00222315858465189));
#1773=CARTESIAN_POINT('',(-0.00594324545723472,0.00376758023878915,-0.00264525493003412));
#1774=CARTESIAN_POINT('',(-0.00567552744531415,0.00404300781892156,-0.0031940062091381));
#1775=CARTESIAN_POINT('',(-0.0052660632644367,0.00435647853068358,-0.00384879659589448));
#1776=CARTESIAN_POINT('',(-0.00465387343408897,0.004723943568987,-0.00456979091722588));
#1777=CARTESIAN_POINT('',(-0.00395783443167201,0.00508023281338671,-0.00518445970624421));
#1778=CARTESIAN_POINT('',(-0.00289687604236748,0.00553368254376917,-0.00587895908964864));
#1779=CARTESIAN_POINT('',(-0.00139472175799831,0.0060027323513916,-0.00644978430868409));
#1780=CARTESIAN_POINT('',(0.000294034780745004,0.00623705968994964,-0.0065551198677501));
#1781=CARTESIAN_POINT('',(0.00162310673389502,0.00616500362153306,-0.00632062590224776));
#1782=CARTESIAN_POINT('',(0.00256160338389985,0.00598157577588421,-0.00600050704294102));
#1783=CARTESIAN_POINT('',(0.00341539397760749,0.00567351124851351,-0.00555730407067972));
#1784=CARTESIAN_POINT('',(0.00404189422997268,0.0053296732394074,-0.00510564766749265));
#1785=CARTESIAN_POINT('',(0.00447902479625545,0.00500117468216731,-0.00471697069766226));
#1786=CARTESIAN_POINT('',(0.0047749945515187,0.00472834634085916,-0.00441661509659426));
#1787=CARTESIAN_POINT('',(0.0049915136771709,0.00446072717622729,-0.0041665652311715));
#1788=CARTESIAN_POINT('',(0.00513532758774054,0.0042122371135912,-0.00398588676246962));
#1789=CARTESIAN_POINT('',(0.00521549372120067,0.00399027876687503,-0.00387933943077102));
#1790=CARTESIAN_POINT('',(0.00521749262568558,0.00371987248871367,-0.00387701571358536));
#1791=CARTESIAN_POINT('',(0.0052024658497048,0.00398220411163416,-0.00389671003318984));
#1792=CARTESIAN_POINT('',(6.93889390390723E-18,-0.000399999999987025,-1.32671651442706E-14));
#1793=CARTESIAN_POINT('',(-0.000999575946189798,0.00621422746422236,0.00644836895134893));
#1794=CARTESIAN_POINT('',(0.000334969443002464,0.00617583430013487,0.00655170281130103));
#1795=CARTESIAN_POINT('',(0.0019831547439269,0.00585081788655621,0.00629282994133477));
#1796=CARTESIAN_POINT('',(0.00342636615942126,0.00532821847710792,0.00558513207000209));
#1797=CARTESIAN_POINT('',(0.00440320201408629,0.0048586408180842,0.00481173513712234));
#1798=CARTESIAN_POINT('',(0.00504836221953395,0.0044956327575465,0.00412999546418684));
#1799=CARTESIAN_POINT('',(0.00549517509822466,0.00418724983477968,0.0034953338799462));
#1800=CARTESIAN_POINT('',(0.0057916609884271,0.00392767030763338,0.00296235440782893));
#1801=CARTESIAN_POINT('',(0.0059837652513897,0.00371920477018704,0.00255199613166601));
#1802=CARTESIAN_POINT('',(0.00614644183433795,0.0034964186196622,0.00213051453659506));
#1803=CARTESIAN_POINT('',(0.00625358775669131,0.00328558213872604,0.00178162161327426));
#1804=CARTESIAN_POINT('',(0.00631987325991101,0.00308969470306029,0.00152436821476491));
#1805=CARTESIAN_POINT('',(0.00636000860335931,0.00288651865979401,0.0013425995008691));
#1806=CARTESIAN_POINT('',(0.00634867540550795,0.00261632089007479,0.00139594519397031));
#1807=CARTESIAN_POINT('',(0.00629372820081299,0.00237001498389739,0.00163447715142054));
#1808=CARTESIAN_POINT('',(0.00619356890954196,0.00216031919017051,0.00199075389647463));
#1809=CARTESIAN_POINT('',(0.00602953075379632,0.0020127071913754,0.00244398653402677));
#1810=CARTESIAN_POINT('',(0.00583128869035642,0.00187671288561331,0.00288543128866197));
#1811=CARTESIAN_POINT('',(0.00551828984373135,0.0017197369908191,0.00346193636157034));
#1812=CARTESIAN_POINT('',(0.00505173241771064,0.00156843121828384,0.0041306657376186));
#1813=CARTESIAN_POINT('',(0.00434932670487577,0.00151740443518848,0.00486554519864071));
#1814=CARTESIAN_POINT('',(0.00355524481762714,0.00154555412476438,0.00547220483179235));
#1815=CARTESIAN_POINT('',(0.00237244267253798,0.00165530495112039,0.00611645651450336));
#1816=CARTESIAN_POINT('',(0.00076466780116926,0.00192138661344908,0.0065560764162889));
#1817=CARTESIAN_POINT('',(-0.000894539590789626,0.00226488002593957,0.00649569096092019));
#1818=CARTESIAN_POINT('',(-0.00215187077485021,0.00253998588314702,0.00615963927499822));
#1819=CARTESIAN_POINT('',(-0.00306070830721696,0.0027409869524631,0.00576255106392472));
#1820=CARTESIAN_POINT('',(-0.00374883704806533,0.00292125856920421,0.00532717918262965));
#1821=CARTESIAN_POINT('',(-0.00425276470471367,0.00308038282933847,0.00492357836611705));
#1822=CARTESIAN_POINT('',(-0.00460668373867081,0.0032176953265649,0.00459430730540724));
#1823=CARTESIAN_POINT('',(-0.00487905548883754,0.00335445892752613,0.00429942216922705));
#1824=CARTESIAN_POINT('',(-0.00507045160714567,0.00350706174246862,0.00406917029886526));
#1825=CARTESIAN_POINT('',(-0.0051985480038271,0.00366641701703348,0.00390273317930437));
#1826=CARTESIAN_POINT('',(-0.00522619919680766,0.00393394662562127,0.00386473702975464));
#1827=CARTESIAN_POINT('',(-0.00513233875032234,0.00424300699950507,0.00399074828776609));
#1828=CARTESIAN_POINT('',(-0.00494165138988848,0.00453084136853581,0.00422865845156838));
#1829=CARTESIAN_POINT('',(-0.00467127954048674,0.00483283534892826,0.00452615037585764));
#1830=CARTESIAN_POINT('',(-0.00426418590536276,0.00517751825596691,0.0049205916820422));
#1831=CARTESIAN_POINT('',(-0.00367819931259954,0.00554731921554044,0.00538527090927746));
#1832=CARTESIAN_POINT('',(-0.00286947897715499,0.00588726680679848,0.00585854188067668));
#1833=CARTESIAN_POINT('',(-0.0019627423243565,0.00611408012738015,0.00622260369355901));
#1834=CARTESIAN_POINT('',(-0.000999575946189798,0.00621422746422236,0.00644836895134893));
#1835=CARTESIAN_POINT('',(0.000334969443002464,0.00617583430013487,0.00655170281130103));
#1836=CARTESIAN_POINT('',(0.0019831547439269,0.00585081788655621,0.00629282994133477));
#1837=CARTESIAN_POINT('',(5.20417042793042E-18,0.00616696426059212,0.00649999999998591));
#1838=CARTESIAN_POINT('',(6.93889390390723E-18,-0.000399999999987025,-1.32671651442706E-14));
#1839=CARTESIAN_POINT('',(1.03506341571232E-15,-0.000399999999987887,-0.00650000000001327));
#1840=CARTESIAN_POINT('',(6.93889390390723E-18,0.00660000000001297,-1.4210854715202E-14));
#1841=CARTESIAN_POINT('',(1.03506341571232E-15,0.00660000000001211,-0.00650000000001421));
#1842=CARTESIAN_POINT('',(6.93889390390723E-18,-0.000399999999987025,-1.32671651442706E-14));
#1843=CARTESIAN_POINT('',(6.93889390390723E-18,0.00660000000001297,-1.4210854715202E-14));
#1844=CARTESIAN_POINT('',(6.93889390390723E-18,0.00660000000001297,-1.41830991395864E-14));
#1845=CARTESIAN_POINT('',(8.09666885931248E-16,0.0066000000000123,-0.00507500000001418));
#1846=CARTESIAN_POINT('',(-0.00604170086161589,0.00317644797242957,0.000769207062315923));
#1847=CARTESIAN_POINT('',(-0.00460454402098335,0.00452054922716536,0.00608045084418619));
#1848=CARTESIAN_POINT('',(-0.00274070449255134,0.00627881327254514,0.013138714211623));
#1849=CARTESIAN_POINT('',(-0.00217632416857069,0.00736942515852791,0.0215625260060285));
#1850=CARTESIAN_POINT('',(-0.00178649581289627,0.00779239407394744,0.0266685347358188));
#1851=CARTESIAN_POINT('',(-0.00137897766138036,0.00841105273438652,0.0317383598639886));
#1852=CARTESIAN_POINT('',(-0.00101077068395379,0.00858030534573534,0.0368334176693015));
#1853=CARTESIAN_POINT('',(-0.000476198068125378,0.00829475812808662,0.041919564546346));
#1854=CARTESIAN_POINT('',(0.000405433464901066,0.00813803472843274,0.0470047875683646));
#1855=CARTESIAN_POINT('',(0.00151154640227085,0.00767436406388202,0.0520794861511091));
#1856=CARTESIAN_POINT('',(0.0027517813397633,0.00727461680050529,0.0571710102012764));
#1857=CARTESIAN_POINT('',(0.00432332938482552,0.00691863020980352,0.0622530145044782));
#1858=CARTESIAN_POINT('',(0.00615304142034908,0.00655795051363626,0.0673349457013639));
#1859=CARTESIAN_POINT('',(0.00818244163171301,0.00600572068324776,0.0724201677227237));
#1860=CARTESIAN_POINT('',(0.0105287161121728,0.00559275753115629,0.077505558106014));
#1861=CARTESIAN_POINT('',(0.0131790925396825,0.00519341290395842,0.0825809737304187));
#1862=CARTESIAN_POINT('',(0.0159302332535749,0.00459564331593578,0.0878151117300014));
#1863=CARTESIAN_POINT('',(0.0202916963745191,0.00420086564173643,0.0926744502810828));
#1864=CARTESIAN_POINT('',(0.0228731814584081,0.00384613842100913,0.0960962163910024));
#1865=CARTESIAN_POINT('',(0.0241585679610172,0.00366951079512179,0.09779999999999));
#1866=CARTESIAN_POINT('',(-0.00603986163956964,0.00324868125955058,0.000769207062315895));
#1867=CARTESIAN_POINT('',(-0.0045900052346843,0.00460173742918313,0.00608045084418616));
#1868=CARTESIAN_POINT('',(-0.00270928685779241,0.00637206216524982,0.013138714211623));
#1869=CARTESIAN_POINT('',(-0.00212468878124918,0.00748284625318276,0.0215625260060285));
#1870=CARTESIAN_POINT('',(-0.00173413167765971,0.00791874628302362,0.0266685347358188));
#1871=CARTESIAN_POINT('',(-0.00128703676688174,0.00853205456524456,0.0317383598639887));
#1872=CARTESIAN_POINT('',(-0.000914082220265295,0.00870994611587855,0.0368334176693014));
#1873=CARTESIAN_POINT('',(-0.000384290580285731,0.00843377286579247,0.0419195645463461));
#1874=CARTESIAN_POINT('',(0.000518511619790053,0.00827453185445506,0.0470047875683646));
#1875=CARTESIAN_POINT('',(0.00162059995353217,0.00781496083166356,0.0520794861511091));
#1876=CARTESIAN_POINT('',(0.00286181836290353,0.00741586727394678,0.0571710102012764));
#1877=CARTESIAN_POINT('',(0.00442615552052703,0.00705932847834629,0.0622530145044782));
#1878=CARTESIAN_POINT('',(0.0062608175657499,0.00669315488350544,0.067334945701364));
#1879=CARTESIAN_POINT('',(0.00822750981275609,0.00614666540335751,0.0724201677227237));
#1880=CARTESIAN_POINT('',(0.010564796942235,0.00572351714819825,0.077505558106014));
#1881=CARTESIAN_POINT('',(0.013225309006811,0.00530892783237841,0.0825809737304188));
#1882=CARTESIAN_POINT('',(0.0159373694073503,0.00470184789744819,0.0878151117300014));
#1883=CARTESIAN_POINT('',(0.0203529854436447,0.00426452177049209,0.0926744502810828));
#1884=CARTESIAN_POINT('',(0.0229053079278349,0.00389784348234232,0.0960962163910025));
#1885=CARTESIAN_POINT('',(0.0241761736368636,0.00371526511869845,0.09779999999999));
#1886=CARTESIAN_POINT('',(-0.00603321686617736,0.00331805897249761,0.000769207062315895));
#1887=CARTESIAN_POINT('',(-0.0045678802461585,0.00467794585516347,0.00608045084418616));
#1888=CARTESIAN_POINT('',(-0.0026662314074982,0.00645735114319746,0.013138714211623));
#1889=CARTESIAN_POINT('',(-0.00204373188862833,0.00757908156563081,0.0215625260060285));
#1890=CARTESIAN_POINT('',(-0.00163779365069749,0.0080232778968842,0.0266685347358188));
#1891=CARTESIAN_POINT('',(-0.00115179419374776,0.0086285118385637,0.0317383598639887));
#1892=CARTESIAN_POINT('',(-0.00076456249637839,0.00881260435102317,0.0368334176693015));
#1893=CARTESIAN_POINT('',(-0.000227812032313446,0.00854585669840323,0.041919564546346));
#1894=CARTESIAN_POINT('',(0.000691203419420496,0.00838374170142392,0.0470047875683646));
#1895=CARTESIAN_POINT('',(0.00179260254014482,0.00792971711719552,0.0520794861511092));
#1896=CARTESIAN_POINT('',(0.0030336681766729,0.0075325789596253,0.0571710102012763));
#1897=CARTESIAN_POINT('',(0.00458986908368241,0.00717748139914308,0.0622530145044783));
#1898=CARTESIAN_POINT('',(0.00641984736968703,0.0068069910990386,0.0673349457013641));
#1899=CARTESIAN_POINT('',(0.00834371045089908,0.00627354994692011,0.0724201677227238));
#1900=CARTESIAN_POINT('',(0.0106609656858295,0.00584268436122232,0.077505558106014));
#1901=CARTESIAN_POINT('',(0.0133134482914794,0.00541383985364806,0.0825809737304189));
#1902=CARTESIAN_POINT('',(0.0159851437287774,0.00480244777265802,0.0878151117300013));
#1903=CARTESIAN_POINT('',(0.0204126800030592,0.00431967325434343,0.0926744502810828));
#1904=CARTESIAN_POINT('',(0.022939191772536,0.0039449947683487,0.0960962163910024));
#1905=CARTESIAN_POINT('',(0.0241972056760199,0.00375843290451251,0.09779999999999));
#1906=CARTESIAN_POINT('',(-0.00601455997680426,0.00341833190540537,0.000769207062315891));
#1907=CARTESIAN_POINT('',(-0.00452175898441381,0.00478472980514876,0.00608045084418613));
#1908=CARTESIAN_POINT('',(-0.00258302401511594,0.00657253726286424,0.0131387142116229));
#1909=CARTESIAN_POINT('',(-0.00189506370973278,0.00769526279349315,0.0215625260060285));
#1910=CARTESIAN_POINT('',(-0.00145847288434112,0.00814365761890386,0.0266685347358188));
#1911=CARTESIAN_POINT('',(-0.000937427661326029,0.00873042043878849,0.0317383598639887));
#1912=CARTESIAN_POINT('',(-0.00053564527799773,0.00891644226794042,0.0368334176693015));
#1913=CARTESIAN_POINT('',(1.25435127107752E-5,0.00865868972040807,0.041919564546346));
#1914=CARTESIAN_POINT('',(0.000931425448679312,0.008486596481342,0.0470047875683647));
#1915=CARTESIAN_POINT('',(0.00203108940324021,0.00803845302669901,0.0520794861511089));
#1916=CARTESIAN_POINT('',(0.0032674360448061,0.0076425337751198,0.0571710102012766));
#1917=CARTESIAN_POINT('',(0.00481580725511716,0.00729150253999984,0.0622530145044781));
#1918=CARTESIAN_POINT('',(0.00663265234080052,0.00691596235652706,0.0673349457013639));
#1919=CARTESIAN_POINT('',(0.00854713058153351,0.00641775107132723,0.0724201677227237));
#1920=CARTESIAN_POINT('',(0.0108345460568999,0.00598270589521416,0.077505558106014));
#1921=CARTESIAN_POINT('',(0.0134645389652233,0.00553851702051516,0.0825809737304186));
#1922=CARTESIAN_POINT('',(0.016092031438201,0.00493327313592834,0.0878151117300014));
#1923=CARTESIAN_POINT('',(0.0204949441104362,0.00438776825688439,0.0926744502810828));
#1924=CARTESIAN_POINT('',(0.0229901387817169,0.00400772827866571,0.0960962163910024));
#1925=CARTESIAN_POINT('',(0.0242325591125037,0.00381849679268778,0.09779999999999));
#1926=CARTESIAN_POINT('',(-0.0059968666725093,0.00348908764147805,0.000769207062315891));
#1927=CARTESIAN_POINT('',(-0.00448236022589516,0.00485837037099355,0.00608045084418613));
#1928=CARTESIAN_POINT('',(-0.00251441426381524,0.00664971326765631,0.0131387142116229));
#1929=CARTESIAN_POINT('',(-0.00177839473342923,0.00776590254543891,0.0215625260060286));
#1930=CARTESIAN_POINT('',(-0.0013195950246583,0.00821321835655607,0.0266685347358187));
#1931=CARTESIAN_POINT('',(-0.000790619598278107,0.0087826064515927,0.0317383598639887));
#1932=CARTESIAN_POINT('',(-0.000379566186638812,0.00896758595184645,0.0368334176693016));
#1933=CARTESIAN_POINT('',(0.000173995184549789,0.00871296285836121,0.041919564546346));
#1934=CARTESIAN_POINT('',(0.00109563085758067,0.00853622048510185,0.0470047875683647));
#1935=CARTESIAN_POINT('',(0.00219527607737341,0.00809210526586777,0.0520794861511091));
#1936=CARTESIAN_POINT('',(0.00342995778625029,0.00769808896494681,0.0571710102012765));
#1937=CARTESIAN_POINT('',(0.00497360851283444,0.00735033716541274,0.0622530145044782));
#1938=CARTESIAN_POINT('',(0.00678253601022782,0.00697390237939031,0.067334945701364));
#1939=CARTESIAN_POINT('',(0.00868562890142925,0.00649290879284203,0.0724201677227238));
#1940=CARTESIAN_POINT('',(0.0109604894461409,0.00606145176345811,0.0775055581060141));
#1941=CARTESIAN_POINT('',(0.0135722748895198,0.00560965898464152,0.0825809737304186));
#1942=CARTESIAN_POINT('',(0.0161778379363413,0.00501488493871849,0.0878151117300014));
#1943=CARTESIAN_POINT('',(0.0205554731585792,0.00443314063452951,0.0926744502810828));
#1944=CARTESIAN_POINT('',(0.0230282632966562,0.00405022364324299,0.0960962163910024));
#1945=CARTESIAN_POINT('',(0.0242595278455417,0.00385955961992898,0.09779999999999));
#1946=CARTESIAN_POINT('',(-0.00595861367042937,0.00360713139023945,0.000769207062315875));
#1947=CARTESIAN_POINT('',(-0.00440378312431829,0.00497792873966868,0.0060804508441862));
#1948=CARTESIAN_POINT('',(-0.00238215283894018,0.00677056384906632,0.0131387142116231));
#1949=CARTESIAN_POINT('',(-0.00157858406869963,0.00786231207451507,0.0215625260060285));
#1950=CARTESIAN_POINT('',(-0.00109477185638313,0.00829937067864099,0.026668534735819));
#1951=CARTESIAN_POINT('',(-0.000542435180995946,0.00884514673586181,0.0317383598639887));
#1952=CARTESIAN_POINT('',(-0.000112563808297794,0.00902997085189309,0.0368334176693016));
#1953=CARTESIAN_POINT('',(0.000451432929128909,0.00878024714269484,0.0419195645463461));
#1954=CARTESIAN_POINT('',(0.0013837583858856,0.00860342104665201,0.0470047875683647));
#1955=CARTESIAN_POINT('',(0.00248374519135798,0.00816675538209617,0.0520794861511091));
#1956=CARTESIAN_POINT('',(0.0037167632047668,0.00777803935273281,0.0571710102012764));
#1957=CARTESIAN_POINT('',(0.00525177133269734,0.00743537808255856,0.0622530145044783));
#1958=CARTESIAN_POINT('',(0.00704916101709862,0.00706144367869055,0.0673349457013638));
#1959=CARTESIAN_POINT('',(0.00892329401880413,0.00659258596731859,0.0724201677227236));
#1960=CARTESIAN_POINT('',(0.0111740765867847,0.00616613394600667,0.0775055581060141));
#1961=CARTESIAN_POINT('',(0.0137591008637405,0.00570917046326049,0.0825809737304188));
#1962=CARTESIAN_POINT('',(0.0163226361371194,0.00512654052501701,0.0878151117300013));
#1963=CARTESIAN_POINT('',(0.0206660342083865,0.00450823119505818,0.0926744502810829));
#1964=CARTESIAN_POINT('',(0.0230977473382436,0.00411939555941828,0.0960962163910024));
#1965=CARTESIAN_POINT('',(0.0243085586091833,0.00392578449387146,0.09779999999999));
#1966=CARTESIAN_POINT('',(-0.00590128370918524,0.00373860351119929,0.000769207062315871));
#1967=CARTESIAN_POINT('',(-0.00430340296212937,0.00510317896277608,0.00608045084418616));
#1968=CARTESIAN_POINT('',(-0.00222442881403957,0.0068866781105792,0.013138714211623));
#1969=CARTESIAN_POINT('',(-0.00134761831648881,0.00793624293565832,0.0215625260060286));
#1970=CARTESIAN_POINT('',(-0.000830176692612191,0.00835991497424462,0.0266685347358189));
#1971=CARTESIAN_POINT('',(-0.000243814731425829,0.00889007856332402,0.0317383598639888));
#1972=CARTESIAN_POINT('',(0.000207427962696694,0.00907426193158953,0.0368334176693015));
#1973=CARTESIAN_POINT('',(0.000785804881034255,0.0088316320086898,0.0419195645463462));
#1974=CARTESIAN_POINT('',(0.00172778009171383,0.00865562307323869,0.0470047875683647));
#1975=CARTESIAN_POINT('',(0.00282855044521051,0.00822794433084943,0.0520794861511092));
#1976=CARTESIAN_POINT('',(0.0040592401117448,0.00784589417775838,0.0571710102012763));
#1977=CARTESIAN_POINT('',(0.00558474005262304,0.00750971472151644,0.0622530145044784));
#1978=CARTESIAN_POINT('',(0.00736773114464717,0.00713953962167585,0.0673349457013639));
#1979=CARTESIAN_POINT('',(0.00921586258250287,0.00668573410521096,0.0724201677227238));
#1980=CARTESIAN_POINT('',(0.0114365106805895,0.00626299917642523,0.077505558106014));
#1981=CARTESIAN_POINT('',(0.0139893571704898,0.00580438016584527,0.082580973730419));
#1982=CARTESIAN_POINT('',(0.0165035377468815,0.00522916923012783,0.0878151117300015));
#1983=CARTESIAN_POINT('',(0.0207999720531725,0.0045861184218678,0.0926744502810827));
#1984=CARTESIAN_POINT('',(0.0231841119130198,0.00419215693838503,0.0960962163910025));
#1985=CARTESIAN_POINT('',(0.0243712352534976,0.00399599358397443,0.0977999999999901));
#1986=CARTESIAN_POINT('',(-0.00581242625490441,0.00389040080635924,0.000769207062315847));
#1987=CARTESIAN_POINT('',(-0.00416561254771991,0.00523690370606799,0.00608045084418616));
#1988=CARTESIAN_POINT('',(-0.00202133240790957,0.00699578420711733,0.013138714211623));
#1989=CARTESIAN_POINT('',(-0.00105657230242471,0.00799427833602787,0.0215625260060286));
#1990=CARTESIAN_POINT('',(-0.000501812841234889,0.00840158276482079,0.026668534735819));
#1991=CARTESIAN_POINT('',(0.000114104601245745,0.00891631313665704,0.0317383598639888));
#1992=CARTESIAN_POINT('',(0.000589107616388931,0.00910006192871538,0.0368334176693016));
#1993=CARTESIAN_POINT('',(0.00118366195635654,0.00886560787934107,0.0419195645463462));
#1994=CARTESIAN_POINT('',(0.00213437756082026,0.00869223350520562,0.0470047875683647));
#1995=CARTESIAN_POINT('',(0.00323661596225942,0.00827520408554589,0.0520794861511093));
#1996=CARTESIAN_POINT('',(0.00446458228294966,0.00790162551268016,0.0571710102012766));
#1997=CARTESIAN_POINT('',(0.00597981952152106,0.00757343447949934,0.0622530145044783));
#1998=CARTESIAN_POINT('',(0.00774526242542748,0.00720926640612144,0.0673349457013643));
#1999=CARTESIAN_POINT('',(0.00956956909869388,0.00677106665142766,0.0724201677227237));
#2000=CARTESIAN_POINT('',(0.0117576838877443,0.00635458415210017,0.0775055581060142));
#2001=CARTESIAN_POINT('',(0.0142706607358551,0.00589674593400274,0.0825809737304188));
#2002=CARTESIAN_POINT('',(0.0167357370115871,0.00533126790854904,0.0878151117300014));
#2003=CARTESIAN_POINT('',(0.0209610705940772,0.00466905567273226,0.0926744502810829));
#2004=CARTESIAN_POINT('',(0.0232926524288256,0.0042710747689391,0.0960962163910024));
#2005=CARTESIAN_POINT('',(0.0244536058036168,0.00407291004382621,0.09779999999999));
#2006=CARTESIAN_POINT('',(-0.00570772348617805,0.00403608890935244,0.000769207062315843));
#2007=CARTESIAN_POINT('',(-0.00401478541336726,0.00535741747519454,0.00608045084418614));
#2008=CARTESIAN_POINT('',(-0.00180910113157846,0.00708261394096065,0.013138714211623));
#2009=CARTESIAN_POINT('',(-0.000767157294797956,0.00803264488573995,0.0215625260060287));
#2010=CARTESIAN_POINT('',(-0.000179165597696969,0.00842496909774994,0.0266685347358189));
#2011=CARTESIAN_POINT('',(0.000465057981726844,0.00892406992121236,0.0317383598639889));
#2012=CARTESIAN_POINT('',(0.000963956962627152,0.00910653894020047,0.0368334176693017));
#2013=CARTESIAN_POINT('',(0.00157479672717862,0.00887972642880139,0.0419195645463462));
#2014=CARTESIAN_POINT('',(0.00253571254278596,0.00870898759733016,0.047004787568365));
#2015=CARTESIAN_POINT('',(0.00363995884757127,0.00830262143142823,0.0520794861511093));
#2016=CARTESIAN_POINT('',(0.00486594609109293,0.0079376970571428,0.0571710102012767));
#2017=CARTESIAN_POINT('',(0.0063713129644177,0.00761775088288758,0.0622530145044785));
#2018=CARTESIAN_POINT('',(0.00812033549804612,0.00726016345981883,0.0673349457013643));
#2019=CARTESIAN_POINT('',(0.00991898026305272,0.00683744441275486,0.072420167722724));
#2020=CARTESIAN_POINT('',(0.0120756817318281,0.00642828658769789,0.077505558106014));
#2021=CARTESIAN_POINT('',(0.0145501218816255,0.00597297731524125,0.082580973730419));
#2022=CARTESIAN_POINT('',(0.0169673253959203,0.00541881928045644,0.0878151117300013));
#2023=CARTESIAN_POINT('',(0.0211245813082631,0.00474145780072922,0.0926744502810831));
#2024=CARTESIAN_POINT('',(0.0234039562214268,0.00434258143265315,0.0960962163910025));
#2025=CARTESIAN_POINT('',(0.0245389144538224,0.0041439708332991,0.09779999999999));
#2026=CARTESIAN_POINT('',(-0.00557958283046469,0.00418321735548535,0.000769207062315856));
#2027=CARTESIAN_POINT('',(-0.00384537169286795,0.00547364975294232,0.00608045084418623));
#2028=CARTESIAN_POINT('',(-0.00158452872821561,0.00715764746590467,0.0131387142116232));
#2029=CARTESIAN_POINT('',(-0.000465586723599353,0.00805346266620164,0.0215625260060286));
#2030=CARTESIAN_POINT('',(0.000156938214583512,0.00842764777238078,0.0266685347358192));
#2031=CARTESIAN_POINT('',(0.000831211451771769,0.00891067815510591,0.0317383598639889));
#2032=CARTESIAN_POINT('',(0.00135533142003063,0.00909228022236536,0.0368334176693017));
#2033=CARTESIAN_POINT('',(0.0019838323618742,0.00887364949748813,0.0419195645463464));
#2034=CARTESIAN_POINT('',(0.00295559381671122,0.0087069518826872,0.0470047875683647));
#2035=CARTESIAN_POINT('',(0.00406243241608951,0.00831206626608722,0.0520794861511096));
#2036=CARTESIAN_POINT('',(0.00528672315397112,0.00795671184050376,0.0571710102012765));
#2037=CARTESIAN_POINT('',(0.00678215968637037,0.007645658301009,0.0622530145044786));
#2038=CARTESIAN_POINT('',(0.00851432567719062,0.00729565959195679,0.0673349457013639));
#2039=CARTESIAN_POINT('',(0.010287269985054,0.00688759336771878,0.0724201677227242));
#2040=CARTESIAN_POINT('',(0.0124112713299839,0.00648682842539502,0.077505558106014));
#2041=CARTESIAN_POINT('',(0.0148459296421818,0.0060356301013693,0.0825809737304189));
#2042=CARTESIAN_POINT('',(0.0172132099080832,0.00549434158148305,0.0878151117300016));
#2043=CARTESIAN_POINT('',(0.0213000924363235,0.00480584432588725,0.0926744502810827));
#2044=CARTESIAN_POINT('',(0.0235244963742153,0.00440939732150282,0.0960962163910023));
#2045=CARTESIAN_POINT('',(0.0246320831722026,0.00421199636357519,0.0977999999999898));
#2046=CARTESIAN_POINT('',(-0.00536923255621404,0.00438572882331008,0.000769207062315851));
#2047=CARTESIAN_POINT('',(-0.0035862759834275,0.00562449417579704,0.0060804508441862));
#2048=CARTESIAN_POINT('',(-0.00125983817703417,0.00723983554630371,0.0131387142116231));
#2049=CARTESIAN_POINT('',(-3.32008968794671E-5,0.0080539087369243,0.0215625260060288));
#2050=CARTESIAN_POINT('',(0.000637354847266543,0.00840381293512576,0.0266685347358191));
#2051=CARTESIAN_POINT('',(0.0013530343237811,0.00886967147063924,0.031738359863989));
#2052=CARTESIAN_POINT('',(0.00191290497747183,0.00905108473730517,0.0368334176693019));
#2053=CARTESIAN_POINT('',(0.00256695642062378,0.00884470929018458,0.0419195645463464));
#2054=CARTESIAN_POINT('',(0.00355407175351061,0.00868535893227307,0.047004787568365));
#2055=CARTESIAN_POINT('',(0.00466510262892584,0.00830703274963197,0.0520794861511094));
#2056=CARTESIAN_POINT('',(0.00588731294864313,0.00796583131671113,0.0571710102012768));
#2057=CARTESIAN_POINT('',(0.0073690370953657,0.00766761718287784,0.0622530145044786));
#2058=CARTESIAN_POINT('',(0.00907734311540741,0.00732942388872823,0.0673349457013644));
#2059=CARTESIAN_POINT('',(0.0108153077737287,0.00694003441892518,0.0724201677227239));
#2060=CARTESIAN_POINT('',(0.0128937991987274,0.00655108515554075,0.0775055581060142));
#2061=CARTESIAN_POINT('',(0.0152716581979047,0.00610783116645606,0.082580973730419));
#2062=CARTESIAN_POINT('',(0.0175709700985027,0.00558185410651112,0.0878151117300015));
#2063=CARTESIAN_POINT('',(0.0215534566178662,0.00488811858157688,0.092674450281083));
#2064=CARTESIAN_POINT('',(0.0237019985573366,0.00449496959565408,0.0960962163910025));
#2065=CARTESIAN_POINT('',(0.024771811753826,0.00429921080426168,0.0977999999999901));
#2066=CARTESIAN_POINT('',(-0.00508279503378251,0.00460415426063121,0.000769207062315886));
#2067=CARTESIAN_POINT('',(-0.00326090793188314,0.00577009919295427,0.00608045084418629));
#2068=CARTESIAN_POINT('',(-0.000881266993287554,0.00728958861060397,0.0131387142116233));
#2069=CARTESIAN_POINT('',(0.000461771409217916,0.00802248092075478,0.0215625260060288));
#2070=CARTESIAN_POINT('',(0.00118526449473167,0.00834625370367181,0.0266685347358193));
#2071=CARTESIAN_POINT('',(0.00194754490267604,0.00879276244523457,0.0317383598639891));
#2072=CARTESIAN_POINT('',(0.00254856680903518,0.00897332465070135,0.036833417669302));
#2073=CARTESIAN_POINT('',(0.00323261719952673,0.00878087253426508,0.0419195645463466));
#2074=CARTESIAN_POINT('',(0.00423786986207307,0.00862968706826611,0.0470047875683651));
#2075=CARTESIAN_POINT('',(0.00535457327001203,0.00827056417553048,0.0520794861511095));
#2076=CARTESIAN_POINT('',(0.0065751508790677,0.0079458713629336,0.0571710102012768));
#2077=CARTESIAN_POINT('',(0.0080418154709335,0.00766292274790681,0.0622530145044786));
#2078=CARTESIAN_POINT('',(0.0097234939728217,0.00733886347241803,0.0673349457013645));
#2079=CARTESIAN_POINT('',(0.0114220962746636,0.00697249227056335,0.0724201677227242));
#2080=CARTESIAN_POINT('',(0.0134492085885654,0.00659848520555437,0.0775055581060143));
#2081=CARTESIAN_POINT('',(0.0157626960641301,0.00616620717436632,0.0825809737304191));
#2082=CARTESIAN_POINT('',(0.0179854941998331,0.00566009601726844,0.0878151117300015));
#2083=CARTESIAN_POINT('',(0.0218489253390694,0.00496399229380592,0.092674450281083));
#2084=CARTESIAN_POINT('',(0.0239122721387205,0.00457844524035556,0.0960962163910025));
#2085=CARTESIAN_POINT('',(0.0249396645273209,0.00438647164278621,0.09779999999999));
#2086=CARTESIAN_POINT('',(-0.00453834198293189,0.00492799587885869,0.000769207062315938));
#2087=CARTESIAN_POINT('',(-0.00269054118622003,0.00596620743347246,0.00608045084418631));
#2088=CARTESIAN_POINT('',(-0.00027266493147424,0.00731767481460893,0.0131387142116232));
#2089=CARTESIAN_POINT('',(0.00125294726013621,0.00791229099671968,0.021562526006029));
#2090=CARTESIAN_POINT('',(0.00205889002703829,0.00819206544476709,0.0266685347358193));
#2091=CARTESIAN_POINT('',(0.00289552811392893,0.00860808324712199,0.0317383598639893));
#2092=CARTESIAN_POINT('',(0.00356366722643443,0.00878813300589036,0.0368334176693021));
#2093=CARTESIAN_POINT('',(0.00429789011245641,0.00861857693858946,0.0419195645463467));
#2094=CARTESIAN_POINT('',(0.00533353449606723,0.00848192936821163,0.0470047875683653));
#2095=CARTESIAN_POINT('',(0.00646114281903244,0.00815435942627284,0.0520794861511099));
#2096=CARTESIAN_POINT('',(0.00768054126943225,0.00785710774064431,0.0571710102012772));
#2097=CARTESIAN_POINT('',(0.0091241914434465,0.00759958564611412,0.062253014504479));
#2098=CARTESIAN_POINT('',(0.0107641216905805,0.00729964542514912,0.0673349457013644));
#2099=CARTESIAN_POINT('',(0.0124011872015593,0.00697013384467196,0.0724201677227242));
#2100=CARTESIAN_POINT('',(0.0143470076419172,0.00662221640654006,0.0775055581060146));
#2101=CARTESIAN_POINT('',(0.0165580934464177,0.00621062194947966,0.0825809737304191));
#2102=CARTESIAN_POINT('',(0.0186600398145208,0.00574069578528196,0.0878151117300018));
#2103=CARTESIAN_POINT('',(0.0223329859444525,0.00504655053214012,0.0926744502810829));
#2104=CARTESIAN_POINT('',(0.0242614591349176,0.0046824313517979,0.0960962163910025));
#2105=CARTESIAN_POINT('',(0.0252216945533353,0.00450112723244662,0.0977999999999901));
#2106=CARTESIAN_POINT('',(-0.00383531853834003,0.00522540320194092,0.00076920706231599));
#2107=CARTESIAN_POINT('',(-0.00201653610188207,0.00610480768394812,0.00608045084418634));
#2108=CARTESIAN_POINT('',(0.000369115947786252,0.00724837589512153,0.0131387142116232));
#2109=CARTESIAN_POINT('',(0.00208484168842169,0.0077082383029192,0.0215625260060293));
#2110=CARTESIAN_POINT('',(0.00297631951592201,0.00794428734800907,0.0266685347358196));
#2111=CARTESIAN_POINT('',(0.00389297435794002,0.00833392040357105,0.0317383598639895));
#2112=CARTESIAN_POINT('',(0.00463430198475074,0.00851492124517183,0.0368334176693024));
#2113=CARTESIAN_POINT('',(0.00542470862410277,0.00837067677334896,0.0419195645463468));
#2114=CARTESIAN_POINT('',(0.00649448656977284,0.00825167581182097,0.0470047875683656));
#2115=CARTESIAN_POINT('',(0.00763601920500599,0.00795847863117865,0.0520794861511099));
#2116=CARTESIAN_POINT('',(0.0088560385386328,0.00769173584433296,0.0571710102012776));
#2117=CARTESIAN_POINT('',(0.0102766570896439,0.00746217658353205,0.0622530145044789));
#2118=CARTESIAN_POINT('',(0.0118734174077856,0.00718989186406582,0.0673349457013651));
#2119=CARTESIAN_POINT('',(0.013447029187202,0.00689856140568476,0.0724201677227242));
#2120=CARTESIAN_POINT('',(0.0153078544887489,0.00658022717620716,0.0775055581060147));
#2121=CARTESIAN_POINT('',(0.0174109565645111,0.00619486456354027,0.0825809737304194));
#2122=CARTESIAN_POINT('',(0.0193875670768289,0.00576410448113022,0.0878151117300017));
#2123=CARTESIAN_POINT('',(0.0228568363040027,0.005085663444247,0.0926744502810833));
#2124=CARTESIAN_POINT('',(0.0246473163887858,0.00474830873651954,0.0960962163910028));
#2125=CARTESIAN_POINT('',(0.0255388415610728,0.00458033132281655,0.0977999999999903));
#2126=CARTESIAN_POINT('',(-0.00270453571294586,0.00554465717410535,0.00076920706231614));
#2127=CARTESIAN_POINT('',(-0.00101139866410152,0.00619234295759017,0.00608045084418657));
#2128=CARTESIAN_POINT('',(0.00121975933118477,0.00703324712707458,0.0131387142116236));
#2129=CARTESIAN_POINT('',(0.0032010860918818,0.00732203994046767,0.0215625260060293));
#2130=CARTESIAN_POINT('',(0.00420828910721362,0.00749993251101955,0.0266685347358198));
#2131=CARTESIAN_POINT('',(0.00523692356946811,0.00785552147600393,0.0317383598639898));
#2132=CARTESIAN_POINT('',(0.00608199720255514,0.00803874824866266,0.0368334176693026));
#2133=CARTESIAN_POINT('',(0.00695391600077461,0.00792989917897427,0.0419195645463472));
#2134=CARTESIAN_POINT('',(0.00807346269550015,0.00783618527923252,0.047004787568366));
#2135=CARTESIAN_POINT('',(0.00923755128801577,0.00759100699841874,0.0520794861511101));
#2136=CARTESIAN_POINT('',(0.010461207494544,0.00736726605323073,0.0571710102012775));
#2137=CARTESIAN_POINT('',(0.0118522847813479,0.00717759472269418,0.0622530145044794));
#2138=CARTESIAN_POINT('',(0.0133915594050674,0.00694501622705473,0.0673349457013649));
#2139=CARTESIAN_POINT('',(0.014880241936315,0.00670802407489227,0.0724201677227248));
#2140=CARTESIAN_POINT('',(0.0166260548033961,0.00643325479451107,0.0775055581060146));
#2141=CARTESIAN_POINT('',(0.0185823220646146,0.00608825786222109,0.0825809737304196));
#2142=CARTESIAN_POINT('',(0.0203898957682598,0.0057171814893721,0.0878151117300019));
#2143=CARTESIAN_POINT('',(0.0235798958391709,0.00506734679028768,0.0926744502810834));
#2144=CARTESIAN_POINT('',(0.0251863193529619,0.00477377009042487,0.0960962163910027));
#2145=CARTESIAN_POINT('',(0.0259861981184786,0.00462759085048299,0.09779999999999));
#2146=CARTESIAN_POINT('',(-0.00141719214124303,0.00574825813771753,0.000769207062316299));
#2147=CARTESIAN_POINT('',(5.88181239855733E-5,0.00615733602451087,0.00608045084418667));
#2148=CARTESIAN_POINT('',(0.00201805119470624,0.00668722677071592,0.0131387142116236));
#2149=CARTESIAN_POINT('',(0.00427415580425792,0.00682404284270543,0.0215625260060296));
#2150=CARTESIAN_POINT('',(0.00539627877992376,0.00694749888337034,0.0266685347358201));
#2151=CARTESIAN_POINT('',(0.00654033225489434,0.00727390735968823,0.03173835986399));
#2152=CARTESIAN_POINT('',(0.00749264899513133,0.00746069417352468,0.0368334176693031));
#2153=CARTESIAN_POINT('',(0.00845060148175237,0.00738775152865277,0.0419195645463475));
#2154=CARTESIAN_POINT('',(0.00962306157172364,0.00732100714352136,0.0470047875683662));
#2155=CARTESIAN_POINT('',(0.0108132594394693,0.00712431966639941,0.0520794861511106));
#2156=CARTESIAN_POINT('',(0.0120435499629968,0.00694464716679567,0.057171010201278));
#2157=CARTESIAN_POINT('',(0.0134074019109209,0.00679579015959014,0.0622530145044796));
#2158=CARTESIAN_POINT('',(0.0148914044586218,0.00660478951438725,0.0673349457013654));
#2159=CARTESIAN_POINT('',(0.0162976953567338,0.00642184803886716,0.0724201677227249));
#2160=CARTESIAN_POINT('',(0.0179308386522547,0.00619312641350541,0.0775055581060152));
#2161=CARTESIAN_POINT('',(0.0197425112094082,0.00589288831835783,0.0825809737304196));
#2162=CARTESIAN_POINT('',(0.0213849871653434,0.00558430060699191,0.0878151117300021));
#2163=CARTESIAN_POINT('',(0.0242974395354137,0.00497486250211113,0.0926744502810833));
#2164=CARTESIAN_POINT('',(0.0257255294051654,0.00472694660630228,0.0960962163910028));
#2165=CARTESIAN_POINT('',(0.0264366113535168,0.00460350303180955,0.0977999999999903));
#2166=CARTESIAN_POINT('',(-0.00033188978790911,0.00578512000340274,0.00076920706231647));
#2167=CARTESIAN_POINT('',(0.000912149486057244,0.00602738925740898,0.00608045084418687));
#2168=CARTESIAN_POINT('',(0.002579020202724,0.00633990251452197,0.0131387142116238));
#2169=CARTESIAN_POINT('',(0.00505989108609436,0.00637230559182232,0.0215625260060298));
#2170=CARTESIAN_POINT('',(0.00627059804702747,0.00645673534238098,0.0266685347358203));
#2171=CARTESIAN_POINT('',(0.00750662571353682,0.00676424060165702,0.0317383598639903));
#2172=CARTESIAN_POINT('',(0.0085438471792621,0.00695419013251482,0.0368334176693032));
#2173=CARTESIAN_POINT('',(0.0095709300956836,0.00690861150043066,0.0419195645463477));
#2174=CARTESIAN_POINT('',(0.0107862671714326,0.00686358031360531,0.0470047875683664));
#2175=CARTESIAN_POINT('',(0.0119988704328305,0.00670411924814148,0.0520794861511108));
#2176=CARTESIAN_POINT('',(0.0132362656203078,0.00655870063184145,0.0571710102012782));
#2177=CARTESIAN_POINT('',(0.0145807870546671,0.0064416731885659,0.0622530145044798));
#2178=CARTESIAN_POINT('',(0.0160238716849458,0.0062837716917584,0.0673349457013656));
#2179=CARTESIAN_POINT('',(0.0173684620976293,0.00614146372692086,0.0724201677227252));
#2180=CARTESIAN_POINT('',(0.0189166878407923,0.00594938064490047,0.0775055581060153));
#2181=CARTESIAN_POINT('',(0.0206189402145646,0.00568674090879601,0.0825809737304198));
#2182=CARTESIAN_POINT('',(0.0221372033355868,0.00542648348853011,0.0878151117300023));
#2183=CARTESIAN_POINT('',(0.0248377957259131,0.00485894847395601,0.0926744502810834));
#2184=CARTESIAN_POINT('',(0.0261311235915838,0.00464506340338257,0.0960962163910028));
#2185=CARTESIAN_POINT('',(0.0267751041407477,0.00453856463469299,0.0977999999999904));
#2186=CARTESIAN_POINT('',(0.000403204072711155,0.00577072677825846,0.000769207062316601));
#2187=CARTESIAN_POINT('',(0.0014801987248916,0.00591367095604141,0.00608045084418695));
#2188=CARTESIAN_POINT('',(0.002936289485086,0.00609657421779815,0.0131387142116239));
#2189=CARTESIAN_POINT('',(0.0055698190943322,0.00606032235071375,0.0215625260060299));
#2190=CARTESIAN_POINT('',(0.00683939766911679,0.00611965546036224,0.0266685347358204));
#2191=CARTESIAN_POINT('',(0.0081374874205744,0.00641531401497405,0.0317383598639905));
#2192=CARTESIAN_POINT('',(0.0092314754869605,0.00660746999132899,0.0368334176693033));
#2193=CARTESIAN_POINT('',(0.0103049263328909,0.00657993124930114,0.0419195645463479));
#2194=CARTESIAN_POINT('',(0.0115492631379773,0.00654952377492957,0.0470047875683666));
#2195=CARTESIAN_POINT('',(0.0127771547252547,0.00641466061697445,0.0520794861511109));
#2196=CARTESIAN_POINT('',(0.0140196900207818,0.00629198334215876,0.0571710102012783));
#2197=CARTESIAN_POINT('',(0.015351720162809,0.00619604678749082,0.06225301450448));
#2198=CARTESIAN_POINT('',(0.0167681146809249,0.00606025450134053,0.0673349457013658));
#2199=CARTESIAN_POINT('',(0.0180718419694247,0.00594439121156699,0.0724201677227253));
#2200=CARTESIAN_POINT('',(0.0195641762198442,0.00577669709937015,0.0775055581060154));
#2201=CARTESIAN_POINT('',(0.0211945442251994,0.0055395400103442,0.0825809737304199));
#2202=CARTESIAN_POINT('',(0.0226307123976702,0.00531104918488419,0.0878151117300024));
#2203=CARTESIAN_POINT('',(0.0251926060956912,0.00477371202029328,0.0926744502810835));
#2204=CARTESIAN_POINT('',(0.0263965832149251,0.00458210828081092,0.0960962163910029));
#2205=CARTESIAN_POINT('',(0.0269960737749023,0.00448670394858483,0.0977999999999904));
#2206=CARTESIAN_POINT('',(0.00126477039180549,0.00573139354445311,0.000769207062316723));
#2207=CARTESIAN_POINT('',(0.00214619418637594,0.00576234267318707,0.00608045084418714));
#2208=CARTESIAN_POINT('',(0.00335558691903674,0.00579899867139014,0.0131387142116241));
#2209=CARTESIAN_POINT('',(0.00617070770768722,0.00568145522415096,0.0215625260060301));
#2210=CARTESIAN_POINT('',(0.00751076012493154,0.00571137976555089,0.0266685347358205));
#2211=CARTESIAN_POINT('',(0.00888329743112367,0.00599347643158377,0.0317383598639906));
#2212=CARTESIAN_POINT('',(0.0100452249046928,0.00618839164742647,0.0368334176693034));
#2213=CARTESIAN_POINT('',(0.0111741917461335,0.0061822935072932,0.0419195645463484));
#2214=CARTESIAN_POINT('',(0.0124534423429452,0.00616953858288543,0.0470047875683666));
#2215=CARTESIAN_POINT('',(0.0136997827234513,0.00606393114469725,0.0520794861511113));
#2216=CARTESIAN_POINT('',(0.0149486879854161,0.00596838081701283,0.0571710102012785));
#2217=CARTESIAN_POINT('',(0.0162660157169026,0.00589754552562243,0.0622530145044803));
#2218=CARTESIAN_POINT('',(0.0176508791583165,0.00578821529263966,0.0673349457013659));
#2219=CARTESIAN_POINT('',(0.0189058758526023,0.00570333798069611,0.0724201677227252));
#2220=CARTESIAN_POINT('',(0.0203318812931516,0.00556471432579718,0.0775055581060156));
#2221=CARTESIAN_POINT('',(0.0218770095578274,0.0053582685419575,0.0825809737304201));
#2222=CARTESIAN_POINT('',(0.0232155711889339,0.00516723061293721,0.0878151117300024));
#2223=CARTESIAN_POINT('',(0.0256132708928295,0.00466777723633416,0.0926744502810836));
#2224=CARTESIAN_POINT('',(0.0267108869204395,0.00450224044754009,0.096096216391003));
#2225=CARTESIAN_POINT('',(0.0272574176115299,0.00441981550721055,0.0977999999999904));
#2226=CARTESIAN_POINT('',(0.00211727681977342,0.00560965590902764,0.000769207062316878));
#2227=CARTESIAN_POINT('',(0.00281081261628587,0.00554748093675747,0.00608045084418723));
#2228=CARTESIAN_POINT('',(0.00378365125870843,0.00546203969046989,0.0131387142116241));
#2229=CARTESIAN_POINT('',(0.00679008868172591,0.00525856128939109,0.0215625260060302));
#2230=CARTESIAN_POINT('',(0.00820641736800897,0.00525877402374788,0.0266685347358208));
#2231=CARTESIAN_POINT('',(0.00965838561907833,0.00552698602667349,0.03173835986399));
#2232=CARTESIAN_POINT('',(0.0108930506544281,0.00572473163009715,0.0368334176693041));
#2233=CARTESIAN_POINT('',(0.0120818884858397,0.00574123356535585,0.0419195645463482));
#2234=CARTESIAN_POINT('',(0.0133984295103245,0.00574697892451996,0.0470047875683671));
#2235=CARTESIAN_POINT('',(0.0146651006500338,0.0056722298637303,0.0520794861511112));
#2236=CARTESIAN_POINT('',(0.0159213650782934,0.00560536851361397,0.0571710102012787));
#2237=CARTESIAN_POINT('',(0.0172237192134175,0.00556119760549545,0.0622530145044806));
#2238=CARTESIAN_POINT('',(0.0185756202153311,0.00547996961016188,0.0673349457013654));
#2239=CARTESIAN_POINT('',(0.0197805008121754,0.00542866644235983,0.0724201677227258));
#2240=CARTESIAN_POINT('',(0.0211368247477701,0.0053211677813943,0.0775055581060156));
#2241=CARTESIAN_POINT('',(0.0225921876186735,0.00514788524217557,0.0825809737304203));
#2242=CARTESIAN_POINT('',(0.02382873483717,0.00499746276006048,0.0878151117300025));
#2243=CARTESIAN_POINT('',(0.0260519293803026,0.00453876959080601,0.0926744502810839));
#2244=CARTESIAN_POINT('',(0.0270379848815135,0.00440219118092284,0.0960962163910034));
#2245=CARTESIAN_POINT('',(0.0275289667740645,0.0043341853474949,0.0977999999999909));
#2246=CARTESIAN_POINT('',(0.00324996009646521,0.0053585703286607,0.000769207062317096));
#2247=CARTESIAN_POINT('',(0.00370720608783967,0.00518624138762518,0.00608045084418742));
#2248=CARTESIAN_POINT('',(0.00438319577444068,0.00495560987120084,0.0131387142116243));
#2249=CARTESIAN_POINT('',(0.00765421729364741,0.00462199349572638,0.0215625260060305));
#2250=CARTESIAN_POINT('',(0.00918054760485927,0.00457909990605168,0.0266685347358208));
#2251=CARTESIAN_POINT('',(0.0107446003394521,0.00482508023388045,0.031738359863992));
#2252=CARTESIAN_POINT('',(0.0120840619632969,0.00502561900374169,0.0368334176693035));
#2253=CARTESIAN_POINT('',(0.0133598138134271,0.00507324067177866,0.0419195645463488));
#2254=CARTESIAN_POINT('',(0.0147301437455607,0.00510447827653282,0.0470047875683671));
#2255=CARTESIAN_POINT('',(0.0160272591197229,0.00507344230567446,0.0520794861511119));
#2256=CARTESIAN_POINT('',(0.0172951577530179,0.00504741106585932,0.057171010201279));
#2257=CARTESIAN_POINT('',(0.0185772554675922,0.00504182910995004,0.0622530145044804));
#2258=CARTESIAN_POINT('',(0.0198829112763279,0.00500134407358046,0.0673349457013672));
#2259=CARTESIAN_POINT('',(0.0210185631028125,0.00500015681272234,0.0724201677227256));
#2260=CARTESIAN_POINT('',(0.0222767090782429,0.00493912337206817,0.077505558106016));
#2261=CARTESIAN_POINT('',(0.0236046145488755,0.00481515618987156,0.0825809737304204));
#2262=CARTESIAN_POINT('',(0.0246980164301683,0.00472698447344692,0.0878151117300028));
#2263=CARTESIAN_POINT('',(0.0266711475179265,0.00432859874029051,0.0926744502810836));
#2264=CARTESIAN_POINT('',(0.027499062024913,0.00423771473172176,0.0960962163910028));
#2265=CARTESIAN_POINT('',(0.0279113015296989,0.00419246129266595,0.0977999999999901));
#2266=CARTESIAN_POINT('',(0.00382452648192097,0.00517696158955372,0.000769207062317227));
#2267=CARTESIAN_POINT('',(0.00416831404154508,0.00495529311216191,0.00608045084418749));
#2268=CARTESIAN_POINT('',(0.00470217993194412,0.00465920028269202,0.0131387142116243));
#2269=CARTESIAN_POINT('',(0.00811563442313074,0.00425133063755991,0.0215625260060306));
#2270=CARTESIAN_POINT('',(0.00970342855159349,0.00418441110099935,0.0266685347358212));
#2271=CARTESIAN_POINT('',(0.0113313243877614,0.00441823996170373,0.0317383598639908));
#2272=CARTESIAN_POINT('',(0.0127296914215357,0.00461995536757546,0.0368334176693043));
#2273=CARTESIAN_POINT('',(0.0140541849278536,0.00468412373509936,0.0419195645463487));
#2274=CARTESIAN_POINT('',(0.0154560343692479,0.00472987248253024,0.0470047875683675));
#2275=CARTESIAN_POINT('',(0.0167707332058513,0.00472283695178207,0.0520794861511116));
#2276=CARTESIAN_POINT('',(0.0180459701753062,0.00471951402494831,0.0571710102012795));
#2277=CARTESIAN_POINT('',(0.0193173431379428,0.00473540405552079,0.0622530145044804));
#2278=CARTESIAN_POINT('',(0.0205984371198455,0.00471814943581658,0.0673349457013672));
#2279=CARTESIAN_POINT('',(0.0216940367217667,0.00474335220932191,0.0724201677227259));
#2280=CARTESIAN_POINT('',(0.0228985653543932,0.00470873789639037,0.077505558106016));
#2281=CARTESIAN_POINT('',(0.024157417275717,0.00461376156604577,0.0825809737304208));
#2282=CARTESIAN_POINT('',(0.0251708680751369,0.00455979297864628,0.0878151117300026));
#2283=CARTESIAN_POINT('',(0.0270116828017341,0.0042016629152385,0.0926744502810844));
#2284=CARTESIAN_POINT('',(0.0277506649260727,0.00413591455533833,0.0960962163910033));
#2285=CARTESIAN_POINT('',(0.0281186227555494,0.00410317678942529,0.0977999999999905));
#2286=CARTESIAN_POINT('',(0.00474169676015037,0.00478482315881203,0.000769207062317374));
#2287=CARTESIAN_POINT('',(0.00493543979313125,0.00449484702614553,0.0060804508441877));
#2288=CARTESIAN_POINT('',(0.00528344800723018,0.00410731399321083,0.0131387142116246));
#2289=CARTESIAN_POINT('',(0.00896333215935286,0.00356636364849664,0.0215625260060308));
#2290=CARTESIAN_POINT('',(0.0106717200590485,0.0034587131358757,0.0266685347358213));
#2291=CARTESIAN_POINT('',(0.0124262958615679,0.00367532885063834,0.0317383598639918));
#2292=CARTESIAN_POINT('',(0.0139374735485995,0.00388243762522141,0.0368334176693044));
#2293=CARTESIAN_POINT('',(0.0153540449987483,0.00397974878607507,0.0419195645463491));
#2294=CARTESIAN_POINT('',(0.0168171780712859,0.00405532256551262,0.0470047875683677));
#2295=CARTESIAN_POINT('',(0.018164397648273,0.00409385519328325,0.0520794861511124));
#2296=CARTESIAN_POINT('',(0.0194532472600829,0.0041335089775449,0.0571710102012792));
#2297=CARTESIAN_POINT('',(0.020703587749418,0.00418869096360332,0.0622530145044816));
#2298=CARTESIAN_POINT('',(0.0219384813040381,0.00421408670997695,0.0673349457013659));
#2299=CARTESIAN_POINT('',(0.0229540559610928,0.00428326917880761,0.0724201677227265));
#2300=CARTESIAN_POINT('',(0.0240563598085298,0.00429454388028352,0.0775055581060164));
#2301=CARTESIAN_POINT('',(0.02518597380177,0.00425138019057667,0.0825809737304205));
#2302=CARTESIAN_POINT('',(0.0260457958439741,0.00425446275048504,0.0878151117300033));
#2303=CARTESIAN_POINT('',(0.0276421324526322,0.00397064366828325,0.0926744502810835));
#2304=CARTESIAN_POINT('',(0.0282131476746714,0.00394714187053759,0.0960962163910032));
#2305=CARTESIAN_POINT('',(0.028497470549041,0.00393543973295878,0.0977999999999908));
#2306=CARTESIAN_POINT('',(0.00517600514873508,0.0045350458018724,0.000769207062317513));
#2307=CARTESIAN_POINT('',(0.00532408297577611,0.00422162399449624,0.00608045084418784));
#2308=CARTESIAN_POINT('',(0.00561731153595575,0.00380192964432585,0.0131387142116247));
#2309=CARTESIAN_POINT('',(0.00944477787879932,0.00318640531745614,0.0215625260060308));
#2310=CARTESIAN_POINT('',(0.0112243631910089,0.00305799176113328,0.0266685347358217));
#2311=CARTESIAN_POINT('',(0.0130454794007133,0.00326399404435009,0.0317383598639916));
#2312=CARTESIAN_POINT('',(0.0146201048384803,0.00347487485774138,0.0368334176693046));
#2313=CARTESIAN_POINT('',(0.0160894403468969,0.00359214086953504,0.0419195645463494));
#2314=CARTESIAN_POINT('',(0.0175831470884341,0.00368294744817047,0.047004787568368));
#2315=CARTESIAN_POINT('',(0.0189485882615092,0.00374730532176424,0.0520794861511123));
#2316=CARTESIAN_POINT('',(0.020244062314918,0.0038106480821276,0.0571710102012799));
#2317=CARTESIAN_POINT('',(0.0214826004775246,0.00388784406993109,0.0622530145044809));
#2318=CARTESIAN_POINT('',(0.0226894560270568,0.00393549557369446,0.0673349457013671));
#2319=CARTESIAN_POINT('',(0.0236682379521345,0.0040346394922821,0.0724201677227267));
#2320=CARTESIAN_POINT('',(0.0247122300477614,0.00407075857006019,0.0775055581060166));
#2321=CARTESIAN_POINT('',(0.0257657201589217,0.00405332318189025,0.0825809737304211));
#2322=CARTESIAN_POINT('',(0.0265447029861866,0.00409233001079248,0.0878151117300029));
#2323=CARTESIAN_POINT('',(0.0279833993837705,0.00383206906144156,0.0926744502810843));
#2324=CARTESIAN_POINT('',(0.028466627032676,0.00383728260678715,0.0960962163910033));
#2325=CARTESIAN_POINT('',(0.0287072382612541,0.0038398785624484,0.0977999999999906));
#2326=CARTESIAN_POINT('',(0.00554257416975263,0.00423913740729302,0.000769207062317616));
#2327=CARTESIAN_POINT('',(0.00567192970566627,0.00390373065429707,0.00608045084418788));
#2328=CARTESIAN_POINT('',(0.00594423522905938,0.00345327379753681,0.0131387142116247));
#2329=CARTESIAN_POINT('',(0.00988942947288546,0.0027452876217993,0.0215625260060311));
#2330=CARTESIAN_POINT('',(0.0117333574715049,0.00258856085880398,0.0266685347358216));
#2331=CARTESIAN_POINT('',(0.0136051309840214,0.00277208382745205,0.0317383598639918));
#2332=CARTESIAN_POINT('',(0.0152388074950885,0.00297868580994242,0.0368334176693048));
#2333=CARTESIAN_POINT('',(0.0167605248124564,0.00310936923720464,0.0419195645463494));
#2334=CARTESIAN_POINT('',(0.0182808643414075,0.00320875287521937,0.0470047875683681));
#2335=CARTESIAN_POINT('',(0.0196671521286964,0.00329609548209773,0.0520794861511125));
#2336=CARTESIAN_POINT('',(0.0209713184022216,0.0033812185428506,0.0571710102012797));
#2337=CARTESIAN_POINT('',(0.0222021381360544,0.00348187200388059,0.0622530145044816));
#2338=CARTESIAN_POINT('',(0.0233838322722976,0.00355356888872478,0.067334945701367));
#2339=CARTESIAN_POINT('',(0.0243402585586636,0.00369406977023416,0.0724201677227266));
#2340=CARTESIAN_POINT('',(0.0253332893397654,0.00376335992863674,0.0775055581060166));
#2341=CARTESIAN_POINT('',(0.0263147768631472,0.00377881975673901,0.082580973730421));
#2342=CARTESIAN_POINT('',(0.0270265599840974,0.00387003174201372,0.0878151117300033));
#2343=CARTESIAN_POINT('',(0.0283077249548103,0.00364217406136419,0.0926744502810841));
#2344=CARTESIAN_POINT('',(0.0287106691652007,0.00369053048979306,0.0960962163910034));
#2345=CARTESIAN_POINT('',(0.0289113052457935,0.00371460837457527,0.0977999999999908));
#2346=CARTESIAN_POINT('',(0.00582785899445734,0.00399072403497801,0.000769207062317676));
#2347=CARTESIAN_POINT('',(0.00594703403586287,0.00363768447370135,0.00608045084418797));
#2348=CARTESIAN_POINT('',(0.00620858798929916,0.0031624172882142,0.0131387142116248));
#2349=CARTESIAN_POINT('',(0.0102411028169444,0.0023751486085188,0.0215625260060311));
#2350=CARTESIAN_POINT('',(0.0121350184086134,0.00219364188917403,0.0266685347358218));
#2351=CARTESIAN_POINT('',(0.0140487332082417,0.00235818116056012,0.0317383598639919));
#2352=CARTESIAN_POINT('',(0.0157312683647024,0.00256067415277375,0.0368334176693049));
#2353=CARTESIAN_POINT('',(0.017295164401224,0.00270098973207092,0.0419195645463495));
#2354=CARTESIAN_POINT('',(0.018840001005712,0.00280811932283976,0.0470047875683683));
#2355=CARTESIAN_POINT('',(0.0202436330340358,0.00291382191563805,0.0520794861511126));
#2356=CARTESIAN_POINT('',(0.0215558837521028,0.00301687212952908,0.0571710102012799));
#2357=CARTESIAN_POINT('',(0.0227807331792012,0.0031366880743014,0.0622530145044816));
#2358=CARTESIAN_POINT('',(0.0239437205408167,0.00322922555173643,0.0673349457013672));
#2359=CARTESIAN_POINT('',(0.0248770715154843,0.00340026605428396,0.0724201677227267));
#2360=CARTESIAN_POINT('',(0.0258299081463538,0.00349776275552878,0.0775055581060168));
#2361=CARTESIAN_POINT('',(0.0267551457692781,0.00354237825230602,0.0825809737304211));
#2362=CARTESIAN_POINT('',(0.0274108037670776,0.0036755709141004,0.0878151117300033));
#2363=CARTESIAN_POINT('',(0.0285744276024116,0.00348423595645299,0.0926744502810842));
#2364=CARTESIAN_POINT('',(0.0289094408723549,0.00356676369106607,0.0960962163910034));
#2365=CARTESIAN_POINT('',(0.0290762524251574,0.00360785633065736,0.0977999999999909));
#2366=CARTESIAN_POINT('',(0.00603895486392148,0.00372045550895052,0.000769207062317755));
#2367=CARTESIAN_POINT('',(0.00615917826980004,0.00334637928562589,0.00608045084418803));
#2368=CARTESIAN_POINT('',(0.00642452770888351,0.00284202318026152,0.0131387142116249));
#2369=CARTESIAN_POINT('',(0.0105481923979211,0.00197919562588476,0.0215625260060313));
#2370=CARTESIAN_POINT('',(0.0124926553649244,0.00177137924053958,0.0266685347358218));
#2371=CARTESIAN_POINT('',(0.0144702230696811,0.00192421995037638,0.031738359863992));
#2372=CARTESIAN_POINT('',(0.0162037717989243,0.00212237223599824,0.036833417669305));
#2373=CARTESIAN_POINT('',(0.0178095196674571,0.00227053899753895,0.0419195645463497));
#2374=CARTESIAN_POINT('',(0.0193903259146942,0.00239055238354571,0.0470047875683685));
#2375=CARTESIAN_POINT('',(0.020811867158007,0.00251442946841055,0.0520794861511128));
#2376=CARTESIAN_POINT('',(0.0221351318484568,0.00263680159150184,0.0571710102012801));
#2377=CARTESIAN_POINT('',(0.0233536807375498,0.00277546129025228,0.0622530145044818));
#2378=CARTESIAN_POINT('',(0.0245032112996695,0.00289259240503194,0.0673349457013674));
#2379=CARTESIAN_POINT('',(0.0253909291675179,0.0030788907963985,0.0724201677227268));
#2380=CARTESIAN_POINT('',(0.0263036261348914,0.00320437358371378,0.0775055581060168));
#2381=CARTESIAN_POINT('',(0.0271819515770219,0.00328577244837087,0.0825809737304213));
#2382=CARTESIAN_POINT('',(0.0277648975340349,0.00344788498582065,0.0878151117300034));
#2383=CARTESIAN_POINT('',(0.0288585404376122,0.00333360438151652,0.0926744502810843));
#2384=CARTESIAN_POINT('',(0.0291110218944383,0.00343965914265284,0.0960962163910035));
#2385=CARTESIAN_POINT('',(0.0292367387768595,0.00349246648186733,0.0977999999999909));
#2386=CARTESIAN_POINT('',(0.00617160731338873,0.00344793422351366,0.000769207062317814));
#2387=CARTESIAN_POINT('',(0.00634811748041174,0.00306706240366597,0.0060804508441881));
#2388=CARTESIAN_POINT('',(0.00668992947017318,0.00255252471649254,0.0131387142116249));
#2389=CARTESIAN_POINT('',(0.0109647579575732,0.00163605383222591,0.0215625260060314));
#2390=CARTESIAN_POINT('',(0.0129891982762215,0.00141524036614773,0.026668534735822));
#2391=CARTESIAN_POINT('',(0.0150726595428759,0.00157864525208519,0.0317383598639922));
#2392=CARTESIAN_POINT('',(0.0168773506861878,0.0017895770806396,0.0368334176693052));
#2393=CARTESIAN_POINT('',(0.0185344449824031,0.00196134547061964,0.0419195645463498));
#2394=CARTESIAN_POINT('',(0.0201665778961073,0.00211090766387259,0.0470047875683686));
#2395=CARTESIAN_POINT('',(0.0216046500762525,0.0022624010829672,0.0520794861511129));
#2396=CARTESIAN_POINT('',(0.0229371464603586,0.00241158417887723,0.0571710102012803));
#2397=CARTESIAN_POINT('',(0.0241400838833304,0.00256914448737673,0.0622530145044819));
#2398=CARTESIAN_POINT('',(0.0252671772279633,0.00271032754634291,0.0673349457013675));
#2399=CARTESIAN_POINT('',(0.0260716166813315,0.00289028016241207,0.0724201677227269));
#2400=CARTESIAN_POINT('',(0.0269226478698171,0.00303083064208159,0.0775055581060169));
#2401=CARTESIAN_POINT('',(0.0277362250657919,0.00313857614395995,0.0825809737304214));
#2402=CARTESIAN_POINT('',(0.0282043922127609,0.00329864113255414,0.0878151117300035));
#2403=CARTESIAN_POINT('',(0.0292235651348714,0.0032614084116134,0.0926744502810844));
#2404=CARTESIAN_POINT('',(0.0293572121632943,0.00335966831398517,0.0960962163910035));
#2405=CARTESIAN_POINT('',(0.0294237583879929,0.00340859439651209,0.0977999999999909));
#2406=CARTESIAN_POINT('',(0.00620699909537897,0.00336459032158845,0.000769207062317814));
#2407=CARTESIAN_POINT('',(0.006404714666157,0.00298271971369649,0.00608045084418811));
#2408=CARTESIAN_POINT('',(0.00677514415279768,0.002466492938904,0.013138714211625));
#2409=CARTESIAN_POINT('',(0.0110998848981648,0.00153496171565715,0.0215625260060314));
#2410=CARTESIAN_POINT('',(0.0131505633821808,0.00131099035137741,0.026668534735822));
#2411=CARTESIAN_POINT('',(0.0152726102177734,0.00148053661062074,0.0317383598639922));
#2412=CARTESIAN_POINT('',(0.0170997224458301,0.00169637875061186,0.0368334176693052));
#2413=CARTESIAN_POINT('',(0.0187737510877372,0.00187687603485933,0.0419195645463499));
#2414=CARTESIAN_POINT('',(0.020420999924161,0.00203587412978423,0.0470047875683686));
#2415=CARTESIAN_POINT('',(0.0218637831886403,0.00219637280014529,0.052079486151113));
#2416=CARTESIAN_POINT('',(0.0231984275349848,0.00235397767989459,0.0571710102012803));
#2417=CARTESIAN_POINT('',(0.0243958518858442,0.00251728075052911,0.0622530145044819));
#2418=CARTESIAN_POINT('',(0.0255149257571494,0.00266540782092945,0.0673349457013676));
#2419=CARTESIAN_POINT('',(0.0262945249423636,0.00284417364560642,0.072420167722727));
#2420=CARTESIAN_POINT('',(0.0271237721501529,0.00298751252276453,0.077505558106017));
#2421=CARTESIAN_POINT('',(0.0279159420025754,0.00310226322622779,0.0825809737304214));
#2422=CARTESIAN_POINT('',(0.0283475927223982,0.00326098065058534,0.0878151117300035));
#2423=CARTESIAN_POINT('',(0.029331862238112,0.00323729141036255,0.0926744502810844));
#2424=CARTESIAN_POINT('',(0.0294328928197507,0.00333628470905404,0.0960962163910036));
#2425=CARTESIAN_POINT('',(0.0294831984933336,0.00338557596809749,0.097799999999991));
#2426=CARTESIAN_POINT('',(0.006254325480502,0.00323012626902458,0.000769207062317842));
#2427=CARTESIAN_POINT('',(0.00649299783816878,0.00284840391420323,0.00608045084418814));
#2428=CARTESIAN_POINT('',(0.00691867720955074,0.00233185950644049,0.013138714211625));
#2429=CARTESIAN_POINT('',(0.0113389687726314,0.00138139224311305,0.0215625260060315));
#2430=CARTESIAN_POINT('',(0.0134384586856831,0.00115530737347751,0.0266685347358221));
#2431=CARTESIAN_POINT('',(0.0155991411767271,0.0013260522212923,0.0317383598639923));
#2432=CARTESIAN_POINT('',(0.0174578852351785,0.00154782274762759,0.0368334176693053));
#2433=CARTESIAN_POINT('',(0.0191601475417962,0.001743121173712,0.04191956454635));
#2434=CARTESIAN_POINT('',(0.0208170025456177,0.00190950974977021,0.0470047875683687));
#2435=CARTESIAN_POINT('',(0.0222674713178016,0.00208391512886335,0.0520794861511131));
#2436=CARTESIAN_POINT('',(0.023602658120332,0.00225280306728793,0.0571710102012804));
#2437=CARTESIAN_POINT('',(0.024792708729471,0.00242590065057163,0.0622530145044819));
#2438=CARTESIAN_POINT('',(0.0258934207926595,0.00258091220782568,0.0673349457013677));
#2439=CARTESIAN_POINT('',(0.0266639114715019,0.0027786095098334,0.0724201677227271));
#2440=CARTESIAN_POINT('',(0.0274590157609161,0.00292764168651068,0.0775055581060171));
#2441=CARTESIAN_POINT('',(0.0282081516207885,0.003046986410565,0.0825809737304214));
#2442=CARTESIAN_POINT('',(0.0286014032294859,0.0032201875096194,0.0878151117300036));
#2443=CARTESIAN_POINT('',(0.0294781250215016,0.00317581766582598,0.0926744502810844));
#2444=CARTESIAN_POINT('',(0.0295456072035366,0.00329175563443148,0.0960962163910035));
#2445=CARTESIAN_POINT('',(0.0295792082832003,0.00334948407180091,0.0977999999999909));
#2446=CARTESIAN_POINT('',(0.00628510653949247,0.00310852783153847,0.00076920706231787));
#2447=CARTESIAN_POINT('',(0.0065839333034663,0.00273444099938826,0.00608045084418816));
#2448=CARTESIAN_POINT('',(0.00708834359564464,0.00222686644946286,0.013138714211625));
#2449=CARTESIAN_POINT('',(0.0115589690853755,0.00124465746078042,0.0215625260060316));
#2450=CARTESIAN_POINT('',(0.0136920634468529,0.00101311304990338,0.0266685347358222));
#2451=CARTESIAN_POINT('',(0.0158449250244837,0.00116728428575746,0.0317383598639923));
#2452=CARTESIAN_POINT('',(0.0177228370832011,0.00138806768186745,0.0368334176693053));
#2453=CARTESIAN_POINT('',(0.0194485177035245,0.0015930162878956,0.0419195645463501));
#2454=CARTESIAN_POINT('',(0.0210941444687085,0.00175320025295766,0.0470047875683687));
#2455=CARTESIAN_POINT('',(0.0225519833627831,0.00193684211209543,0.0520794861511132));
#2456=CARTESIAN_POINT('',(0.023885031202047,0.00211133282938506,0.0571710102012804));
#2457=CARTESIAN_POINT('',(0.0250726363994348,0.00229372879385733,0.062253014504482));
#2458=CARTESIAN_POINT('',(0.0261535050699054,0.00245037480395823,0.0673349457013677));
#2459=CARTESIAN_POINT('',(0.0269593185771588,0.00269320341509663,0.0724201677227271));
#2460=CARTESIAN_POINT('',(0.0277315052250357,0.00285261867431226,0.0775055581060171));
#2461=CARTESIAN_POINT('',(0.028436635115372,0.00297073515797967,0.0825809737304214));
#2462=CARTESIAN_POINT('',(0.0288322095194437,0.00318572888001803,0.0878151117300036));
#2463=CARTESIAN_POINT('',(0.0295530121728208,0.00307241230060229,0.0926744502810845));
#2464=CARTESIAN_POINT('',(0.0296228283331493,0.00323071269033005,0.0960962163910036));
#2465=CARTESIAN_POINT('',(0.0296575915594451,0.00330953444513456,0.0977999999999909));
#2466=CARTESIAN_POINT('',(0.00629984882647355,0.00300051870951124,0.000769207062317902));
#2467=CARTESIAN_POINT('',(0.00665213132069242,0.00263096496870582,0.00608045084418823));
#2468=CARTESIAN_POINT('',(0.00722493278173522,0.00212795108109571,0.0131387142116251));
#2469=CARTESIAN_POINT('',(0.011681712693712,0.00109841540918337,0.0215625260060316));
#2470=CARTESIAN_POINT('',(0.0138230158157394,0.000853329011803499,0.0266685347358222));
#2471=CARTESIAN_POINT('',(0.0159236397544569,0.000971893314479081,0.0317383598639924));
#2472=CARTESIAN_POINT('',(0.0178017760654884,0.0011789545432473,0.0368334176693054));
#2473=CARTESIAN_POINT('',(0.0195410396778731,0.00138132125832635,0.0419195645463501));
#2474=CARTESIAN_POINT('',(0.0211582389724635,0.00152019806945036,0.0470047875683688));
#2475=CARTESIAN_POINT('',(0.0226234001098764,0.00170462550569853,0.0520794861511132));
#2476=CARTESIAN_POINT('',(0.0239543190267552,0.00187724318667296,0.0571710102012805));
#2477=CARTESIAN_POINT('',(0.025147310990089,0.00206768498420372,0.062253014504482));
#2478=CARTESIAN_POINT('',(0.0262147510609517,0.00222359471822204,0.0673349457013677));
#2479=CARTESIAN_POINT('',(0.027094384195849,0.00253133328240705,0.0724201677227272));
#2480=CARTESIAN_POINT('',(0.0278633355135301,0.00270942600830113,0.0775055581060172));
#2481=CARTESIAN_POINT('',(0.0285386321756742,0.0028295789622144,0.0825809737304214));
#2482=CARTESIAN_POINT('',(0.0289790441596278,0.00311219653728572,0.0878151117300037));
#2483=CARTESIAN_POINT('',(0.0295398033814815,0.00291448847907758,0.0926744502810845));
#2484=CARTESIAN_POINT('',(0.0296492442749704,0.0031407882448933,0.0960962163910037));
#2485=CARTESIAN_POINT('',(0.0297037376548478,0.00325346860331898,0.097799999999991));
#2486=CARTESIAN_POINT('',(0.00630484098739933,0.00294555619140287,0.000769207062317905));
#2487=CARTESIAN_POINT('',(0.00668338621742869,0.00257746805215749,0.00608045084418825));
#2488=CARTESIAN_POINT('',(0.00728945055432077,0.00207558835421304,0.0131387142116252));
#2489=CARTESIAN_POINT('',(0.0117268514101038,0.00101807398259069,0.0215625260060315));
#2490=CARTESIAN_POINT('',(0.0138675357475981,0.000764108907374752,0.0266685347358223));
#2491=CARTESIAN_POINT('',(0.0159326707367188,0.000860492195296552,0.0317383598639923));
#2492=CARTESIAN_POINT('',(0.0178070279427304,0.00105728059757167,0.0368334176693055));
#2493=CARTESIAN_POINT('',(0.0195515173677937,0.00125567205457894,0.0419195645463501));
#2494=CARTESIAN_POINT('',(0.021150531541268,0.00138011364786516,0.0470047875683688));
#2495=CARTESIAN_POINT('',(0.0226197921625331,0.0015637144065954,0.0520794861511132));
#2496=CARTESIAN_POINT('',(0.0239497997553889,0.00173421935694866,0.0571710102012806));
#2497=CARTESIAN_POINT('',(0.0251472845768996,0.00192904549215482,0.0622530145044821));
#2498=CARTESIAN_POINT('',(0.0262088445338463,0.00208374479549474,0.0673349457013677));
#2499=CARTESIAN_POINT('',(0.027134528137012,0.00242979210690267,0.0724201677227272));
#2500=CARTESIAN_POINT('',(0.0279054521876481,0.0026189823471388,0.0775055581060172));
#2501=CARTESIAN_POINT('',(0.0285682724932879,0.0027423675349938,0.0825809737304214));
#2502=CARTESIAN_POINT('',(0.029039027695087,0.00306085501884052,0.0878151117300037));
#2503=CARTESIAN_POINT('',(0.0295199938723864,0.00283483138965443,0.0926744502810844));
#2504=CARTESIAN_POINT('',(0.0296548458583302,0.00309220594861812,0.0960962163910037));
#2505=CARTESIAN_POINT('',(0.0297219920617555,0.00322035922994892,0.097799999999991));
#2506=CARTESIAN_POINT('',(0.00630709621585793,0.00289413637863869,0.000769207062317902));
#2507=CARTESIAN_POINT('',(0.0067087833403186,0.00252632618762144,0.00608045084418823));
#2508=CARTESIAN_POINT('',(0.00734379200575192,0.00202399046250663,0.0131387142116251));
#2509=CARTESIAN_POINT('',(0.0117504877371817,0.000936170058773422,0.0215625260060316));
#2510=CARTESIAN_POINT('',(0.0138860623617318,0.000672546140203677,0.0266685347358223));
#2511=CARTESIAN_POINT('',(0.0159075620619748,0.000741152601160437,0.0317383598639924));
#2512=CARTESIAN_POINT('',(0.0177782891059679,0.000931824340396771,0.0368334176693055));
#2513=CARTESIAN_POINT('',(0.0195250705105765,0.0011223859887268,0.0419195645463501));
#2514=CARTESIAN_POINT('',(0.0211105096573854,0.00124535795361199,0.0470047875683689));
#2515=CARTESIAN_POINT('',(0.0225835174966472,0.00142785784405352,0.0520794861511131));
#2516=CARTESIAN_POINT('',(0.0239136912558549,0.00159890466889862,0.0571710102012806));
#2517=CARTESIAN_POINT('',(0.0251161234236598,0.00179654484916884,0.0622530145044821));
#2518=CARTESIAN_POINT('',(0.0261746091888975,0.00195504677779449,0.0673349457013677));
#2519=CARTESIAN_POINT('',(0.027139999215725,0.00230756886053419,0.0724201677227272));
#2520=CARTESIAN_POINT('',(0.0279188388099901,0.00251549466272827,0.0775055581060171));
#2521=CARTESIAN_POINT('',(0.0285726325798304,0.0026436112648323,0.0825809737304216));
#2522=CARTESIAN_POINT('',(0.0290787596171343,0.00299482301851884,0.0878151117300036));
#2523=CARTESIAN_POINT('',(0.0294906158255314,0.00277015386447992,0.0926744502810845));
#2524=CARTESIAN_POINT('',(0.0296528668163418,0.00304665750046486,0.0960962163910037));
#2525=CARTESIAN_POINT('',(0.0297336556750202,0.00318433563148933,0.097799999999991));
#2526=CARTESIAN_POINT('',(0.00630673613969503,0.00284253928946897,0.000769207062317902));
#2527=CARTESIAN_POINT('',(0.00672914211290647,0.00247289918969101,0.00608045084418823));
#2528=CARTESIAN_POINT('',(0.00738961776810963,0.00196732017024334,0.0131387142116251));
#2529=CARTESIAN_POINT('',(0.0117521812869521,0.000846369287280606,0.0215625260060316));
#2530=CARTESIAN_POINT('',(0.013872779636336,0.000563937579927934,0.0266685347358223));
#2531=CARTESIAN_POINT('',(0.0158573490726153,0.000627161634953986,0.0317383598639924));
#2532=CARTESIAN_POINT('',(0.0177236175972055,0.000817098508123526,0.0368334176693055));
#2533=CARTESIAN_POINT('',(0.0194708083050829,0.000999677649643707,0.0419195645463501));
#2534=CARTESIAN_POINT('',(0.0210451446864773,0.00113417807126021,0.0470047875683688));
#2535=CARTESIAN_POINT('',(0.0225209692211338,0.00131624183955068,0.0520794861511133));
#2536=CARTESIAN_POINT('',(0.0238513934578076,0.00149070910990583,0.0571710102012805));
#2537=CARTESIAN_POINT('',(0.0250586738133863,0.0016889902822857,0.0622530145044821));
#2538=CARTESIAN_POINT('',(0.0261156254947198,0.00185399997530158,0.0673349457013678));
#2539=CARTESIAN_POINT('',(0.0271172251086041,0.00218241965664865,0.0724201677227272));
#2540=CARTESIAN_POINT('',(0.0279061156227666,0.00240414419035138,0.0775055581060173));
#2541=CARTESIAN_POINT('',(0.0285553125051515,0.00254394131023519,0.0825809737304215));
#2542=CARTESIAN_POINT('',(0.0290987206110869,0.00290621261724761,0.0878151117300038));
#2543=CARTESIAN_POINT('',(0.0294512606669411,0.00272590725114476,0.0926744502810844));
#2544=CARTESIAN_POINT('',(0.0296437679614108,0.00300578637264722,0.0960962163910037));
#2545=CARTESIAN_POINT('',(0.0297396221964438,0.00314514524300699,0.097799999999991));
#2546=CARTESIAN_POINT('',(0.00630452964557616,0.00280009794001785,0.000769207062317905));
#2547=CARTESIAN_POINT('',(0.0067418658637933,0.00242758045015073,0.00608045084418825));
#2548=CARTESIAN_POINT('',(0.00742026845743087,0.00191746767251415,0.0131387142116252));
#2549=CARTESIAN_POINT('',(0.0117352029236423,0.0007655083131412,0.0215625260060316));
#2550=CARTESIAN_POINT('',(0.0138441143781773,0.000473541577978886,0.0266685347358223));
#2551=CARTESIAN_POINT('',(0.0158024177019758,0.000548322165175227,0.0317383598639924));
#2552=CARTESIAN_POINT('',(0.0176648062671156,0.000743124514264546,0.0368334176693055));
#2553=CARTESIAN_POINT('',(0.019411353208272,0.000922915936007067,0.0419195645463501));
#2554=CARTESIAN_POINT('',(0.0209783422776792,0.00107785573559124,0.0470047875683688));
#2555=CARTESIAN_POINT('',(0.0224551243178985,0.00125866295603466,0.0520794861511131));
#2556=CARTESIAN_POINT('',(0.0237852613140666,0.00143649497118461,0.0571710102012806));
#2557=CARTESIAN_POINT('',(0.0249960117994231,0.00163260329783537,0.0622530145044821));
#2558=CARTESIAN_POINT('',(0.0260524935838673,0.0018067168845836,0.0673349457013678));
#2559=CARTESIAN_POINT('',(0.0270805740270043,0.00209142135902503,0.0724201677227271));
#2560=CARTESIAN_POINT('',(0.0278790879246575,0.00232001240994378,0.0775055581060173));
#2561=CARTESIAN_POINT('',(0.0285268617011043,0.00247179601594207,0.0825809737304215));
#2562=CARTESIAN_POINT('',(0.0291020201306287,0.00282590468676823,0.0878151117300038));
#2563=CARTESIAN_POINT('',(0.0294117378101753,0.00270898775697087,0.0926744502810844));
#2564=CARTESIAN_POINT('',(0.0296311291979908,0.00297837770518444,0.0960962163910037));
#2565=CARTESIAN_POINT('',(0.0297403697008496,0.0031125137517312,0.097799999999991));
#2566=CARTESIAN_POINT('',(0.00629975713547821,0.00275049924092465,0.000769207062317933));
#2567=CARTESIAN_POINT('',(0.0067495218246891,0.00236954623476234,0.00608045084418828));
#2568=CARTESIAN_POINT('',(0.00744242536349241,0.00184798181760862,0.0131387142116252));
#2569=CARTESIAN_POINT('',(0.011701988831187,0.000673649552564358,0.0215625260060316));
#2570=CARTESIAN_POINT('',(0.013796985193335,0.000375306742242237,0.0266685347358223));
#2571=CARTESIAN_POINT('',(0.0157300577190394,0.000481783383948058,0.0317383598639924));
#2572=CARTESIAN_POINT('',(0.0175881280384899,0.000689678529651905,0.0368334176693055));
#2573=CARTESIAN_POINT('',(0.0193320880846678,0.000866983153707121,0.0419195645463501));
#2574=CARTESIAN_POINT('',(0.020890076730607,0.00104249758416251,0.0470047875683688));
#2575=CARTESIAN_POINT('',(0.0223669099534856,0.0012212915207902,0.0520794861511132));
#2576=CARTESIAN_POINT('',(0.0236961906609958,0.00140195988234578,0.0571710102012804));
#2577=CARTESIAN_POINT('',(0.0249105984442543,0.00159504178871047,0.0622530145044822));
#2578=CARTESIAN_POINT('',(0.0259670648473153,0.00177682878772172,0.0673349457013678));
#2579=CARTESIAN_POINT('',(0.0270235961294989,0.0020167538024731,0.0724201677227272));
#2580=CARTESIAN_POINT('',(0.0278335982185202,0.00224047653497682,0.0775055581060173));
#2581=CARTESIAN_POINT('',(0.0284816398846668,0.00240650848151339,0.0825809737304215));
#2582=CARTESIAN_POINT('',(0.0290937910097534,0.00273417346031831,0.0878151117300037));
#2583=CARTESIAN_POINT('',(0.0293600761365473,0.00270602533771754,0.0926744502810844));
#2584=CARTESIAN_POINT('',(0.0296118413395824,0.00295298091866856,0.0960962163910037));
#2585=CARTESIAN_POINT('',(0.0297372015811842,0.00307594632818401,0.097799999999991));
#2586=CARTESIAN_POINT('',(0.00629129012236851,0.00269459941582016,0.000769207062317933));
#2587=CARTESIAN_POINT('',(0.00674812274079297,0.00229778627461861,0.00608045084418828));
#2588=CARTESIAN_POINT('',(0.00744851113345031,0.00175578166359853,0.0131387142116252));
#2589=CARTESIAN_POINT('',(0.0116482129812664,0.000580015730685758,0.0215625260060316));
#2590=CARTESIAN_POINT('',(0.0137276635316863,0.000282088160402975,0.0266685347358223));
#2591=CARTESIAN_POINT('',(0.0156413396408006,0.000455547326735644,0.0317383598639924));
#2592=CARTESIAN_POINT('',(0.0174904372582768,0.000668631258186665,0.0368334176693054));
#2593=CARTESIAN_POINT('',(0.019229842863838,0.000846663448230699,0.0419195645463501));
#2594=CARTESIAN_POINT('',(0.0207773200459444,0.00104131409763528,0.0470047875683688));
#2595=CARTESIAN_POINT('',(0.0222529436400918,0.00121763287922435,0.0520794861511131));
#2596=CARTESIAN_POINT('',(0.02358061216628,0.00140002265550754,0.0571710102012805));
#2597=CARTESIAN_POINT('',(0.0247986212719727,0.00158890779434317,0.0622530145044821));
#2598=CARTESIAN_POINT('',(0.02585581536596,0.00177616760713787,0.0673349457013678));
#2599=CARTESIAN_POINT('',(0.0269408588734485,0.00197140150863064,0.0724201677227272));
#2600=CARTESIAN_POINT('',(0.0277642605059118,0.00218674087006322,0.0775055581060172));
#2601=CARTESIAN_POINT('',(0.0284148679987195,0.00236795183467717,0.0825809737304215));
#2602=CARTESIAN_POINT('',(0.0290676440008094,0.00264533393332544,0.0878151117300037));
#2603=CARTESIAN_POINT('',(0.0292952980727875,0.00272039263848234,0.0926744502810844));
#2604=CARTESIAN_POINT('',(0.0295840600795453,0.00293269101040599,0.0960962163910037));
#2605=CARTESIAN_POINT('',(0.0297278419624116,0.0030383997218371,0.097799999999991));
#2606=CARTESIAN_POINT('',(0.00627418545499087,0.00261687049915512,0.000769207062317937));
#2607=CARTESIAN_POINT('',(0.00673044715608292,0.00219305825639776,0.00608045084418831));
#2608=CARTESIAN_POINT('',(0.00742806957451871,0.00161746273723414,0.0131387142116252));
#2609=CARTESIAN_POINT('',(0.0115520935743461,0.000484141317183108,0.0215625260060316));
#2610=CARTESIAN_POINT('',(0.0136184734944264,0.000230721586105529,0.0266685347358223));
#2611=CARTESIAN_POINT('',(0.0155029173750001,0.000475381880882675,0.0317383598639923));
#2612=CARTESIAN_POINT('',(0.017338001740701,0.000699082261909202,0.0368334176693054));
#2613=CARTESIAN_POINT('',(0.0190676017618395,0.000878194114840082,0.0419195645463501));
#2614=CARTESIAN_POINT('',(0.0206006252702248,0.00109379693170583,0.0470047875683688));
#2615=CARTESIAN_POINT('',(0.0220727589871536,0.0012659155969219,0.0520794861511131));
#2616=CARTESIAN_POINT('',(0.0233974378288946,0.00144842809155952,0.0571710102012805));
#2617=CARTESIAN_POINT('',(0.024619714995365,0.00163041215484693,0.0622530145044821));
#2618=CARTESIAN_POINT('',(0.0256791987786089,0.00182060024229734,0.0673349457013676));
#2619=CARTESIAN_POINT('',(0.0267978789036734,0.00196363741372596,0.0724201677227271));
#2620=CARTESIAN_POINT('',(0.0276403187913984,0.00216467068839614,0.0775055581060173));
#2621=CARTESIAN_POINT('',(0.0282986697265092,0.00235717791372073,0.0825809737304215));
#2622=CARTESIAN_POINT('',(0.0290033118249097,0.00257408659370687,0.0878151117300037));
#2623=CARTESIAN_POINT('',(0.0291968861624285,0.00275509368110496,0.0926744502810844));
#2624=CARTESIAN_POINT('',(0.029535535472782,0.00291719683665381,0.0960962163910037));
#2625=CARTESIAN_POINT('',(0.0297041575017694,0.00299791208442853,0.097799999999991));
#2626=CARTESIAN_POINT('',(0.00624190730136208,0.00250969176618139,0.000769207062317937));
#2627=CARTESIAN_POINT('',(0.00668024873847388,0.00203935596594325,0.00608045084418831));
#2628=CARTESIAN_POINT('',(0.00735287909962911,0.00140901577996311,0.0131387142116252));
#2629=CARTESIAN_POINT('',(0.0114046252629334,0.000465710063353669,0.0215625260060316));
#2630=CARTESIAN_POINT('',(0.0134464554832051,0.000251719919528326,0.0266685347358222));
#2631=CARTESIAN_POINT('',(0.0152936508778427,0.000580982445820485,0.0317383598639923));
#2632=CARTESIAN_POINT('',(0.0171065775777059,0.000816844394743473,0.0368334176693053));
#2633=CARTESIAN_POINT('',(0.0188186977895076,0.00099848503825011,0.04191956454635));
#2634=CARTESIAN_POINT('',(0.020332939094226,0.00123266982527219,0.0470047875683687));
#2635=CARTESIAN_POINT('',(0.0217981688100245,0.00139797397172457,0.052079486151113));
#2636=CARTESIAN_POINT('',(0.0231181030379983,0.00157718094194902,0.0571710102012804));
#2637=CARTESIAN_POINT('',(0.0243452308775409,0.0017486319991917,0.0622530145044821));
#2638=CARTESIAN_POINT('',(0.0254099011862816,0.0019362039760138,0.0673349457013676));
#2639=CARTESIAN_POINT('',(0.0265646205774921,0.00202532133821535,0.0724201677227271));
#2640=CARTESIAN_POINT('',(0.027433291357904,0.0022039750597252,0.0775055581060171));
#2641=CARTESIAN_POINT('',(0.0281082464119622,0.00239925220452874,0.0825809737304214));
#2642=CARTESIAN_POINT('',(0.0288756605995662,0.00254541485138775,0.0878151117300036));
#2643=CARTESIAN_POINT('',(0.0290535398375608,0.00281630832080345,0.0926744502810844));
#2644=CARTESIAN_POINT('',(0.0294540828303291,0.00291941978815448,0.0960962163910037));
#2645=CARTESIAN_POINT('',(0.0296535232841331,0.00297076158719271,0.097799999999991));
#2646=CARTESIAN_POINT('',(0.00619996911432265,0.00241588724508362,0.000769207062317961));
#2647=CARTESIAN_POINT('',(0.00661193494792978,0.00195865507178622,0.00608045084418831));
#2648=CARTESIAN_POINT('',(0.00724902899217246,0.00134916276122926,0.0131387142116252));
#2649=CARTESIAN_POINT('',(0.0112408749653154,0.000554562665571282,0.0215625260060316));
#2650=CARTESIAN_POINT('',(0.013256960319856,0.000376321824046436,0.0266685347358222));
#2651=CARTESIAN_POINT('',(0.0150732170045206,0.000753937030847777,0.0317383598639923));
#2652=CARTESIAN_POINT('',(0.0168635316416009,0.000997053468218049,0.0368334176693053));
#2653=CARTESIAN_POINT('',(0.0185556427907227,0.00118012713134411,0.04191956454635));
#2654=CARTESIAN_POINT('',(0.0200555798987603,0.00141596469071366,0.0470047875683686));
#2655=CARTESIAN_POINT('',(0.0215129003303067,0.00157325553847548,0.052079486151113));
#2656=CARTESIAN_POINT('',(0.0228286988548193,0.0017447250196669,0.0571710102012803));
#2657=CARTESIAN_POINT('',(0.0240594346001794,0.00190603289654358,0.062253014504482));
#2658=CARTESIAN_POINT('',(0.0251320464486536,0.00208355124004266,0.0673349457013676));
#2659=CARTESIAN_POINT('',(0.0263054311580947,0.00215082873806534,0.0724201677227271));
#2660=CARTESIAN_POINT('',(0.027198087701188,0.00230789937116307,0.0775055581060171));
#2661=CARTESIAN_POINT('',(0.0278960211652795,0.00249169307545348,0.0825809737304214));
#2662=CARTESIAN_POINT('',(0.0287088182057571,0.0025938146434455,0.0878151117300036));
#2663=CARTESIAN_POINT('',(0.0289141229796242,0.00287643407679202,0.0926744502810844));
#2664=CARTESIAN_POINT('',(0.0293613458155929,0.00294360708140066,0.0960962163910036));
#2665=CARTESIAN_POINT('',(0.029584029340127,0.0029770542138294,0.097799999999991));
#2666=CARTESIAN_POINT('',(0.00615030323045126,0.00232883346817564,0.000769207062317957));
#2667=CARTESIAN_POINT('',(0.0065320457918184,0.00191727132510601,0.00608045084418828));
#2668=CARTESIAN_POINT('',(0.00712891751620802,0.00136940200579342,0.0131387142116252));
#2669=CARTESIAN_POINT('',(0.0110706770775064,0.000681908659602666,0.0215625260060315));
#2670=CARTESIAN_POINT('',(0.0130620665863607,0.000530371380135195,0.0266685347358221));
#2671=CARTESIAN_POINT('',(0.0148548523709841,0.000923249499368267,0.0317383598639922));
#2672=CARTESIAN_POINT('',(0.0166254593101754,0.00116545887534538,0.0368334176693052));
#2673=CARTESIAN_POINT('',(0.0182993373575411,0.0013463322394217,0.04191956454635));
#2674=CARTESIAN_POINT('',(0.0197912256291344,0.00156892278460051,0.0470047875683685));
#2675=CARTESIAN_POINT('',(0.0212422052560146,0.00171761596626883,0.052079486151113));
#2676=CARTESIAN_POINT('',(0.0225560662926015,0.0018787880567644,0.0571710102012803));
#2677=CARTESIAN_POINT('',(0.0237900238404018,0.00203234197773746,0.062253014504482));
#2678=CARTESIAN_POINT('',(0.024872834135084,0.00219673557094209,0.0673349457013675));
#2679=CARTESIAN_POINT('',(0.0260502673217839,0.00227191252055927,0.0724201677227271));
#2680=CARTESIAN_POINT('',(0.0269635954145283,0.00241310350772134,0.077505558106017));
#2681=CARTESIAN_POINT('',(0.0276871995620632,0.00258063931012583,0.0825809737304214));
#2682=CARTESIAN_POINT('',(0.028529125097405,0.00266653811994258,0.0878151117300036));
#2683=CARTESIAN_POINT('',(0.0287905827942858,0.00291124700765873,0.0926744502810843));
#2684=CARTESIAN_POINT('',(0.0292693216117244,0.00296714543215846,0.0960962163910036));
#2685=CARTESIAN_POINT('',(0.0295076977379515,0.00299497866691837,0.097799999999991));
#2686=CARTESIAN_POINT('',(0.00611260570976351,0.00227195782385252,0.000769207062317957));
#2687=CARTESIAN_POINT('',(0.0064722805198853,0.00190499365241059,0.00608045084418828));
#2688=CARTESIAN_POINT('',(0.00703997581747989,0.00141587078565541,0.0131387142116252));
#2689=CARTESIAN_POINT('',(0.0109523241984054,0.0007797012473512,0.0215625260060315));
#2690=CARTESIAN_POINT('',(0.0129274323821882,0.000641964615503301,0.0266685347358221));
#2691=CARTESIAN_POINT('',(0.0147090545237641,0.00102515345625305,0.0317383598639922));
#2692=CARTESIAN_POINT('',(0.0164672021041194,0.00126572317417225,0.0368334176693052));
#2693=CARTESIAN_POINT('',(0.0181298684724914,0.00144351346645668,0.0419195645463499));
#2694=CARTESIAN_POINT('',(0.0196165825005163,0.00165782119122053,0.0470047875683685));
#2695=CARTESIAN_POINT('',(0.0210636152131906,0.00180117626324514,0.0520794861511129));
#2696=CARTESIAN_POINT('',(0.0223763459571284,0.00195600160479895,0.0571710102012802));
#2697=CARTESIAN_POINT('',(0.0236126073721087,0.00210476570172296,0.0622530145044819));
#2698=CARTESIAN_POINT('',(0.0247023258685268,0.00226087636139444,0.0673349457013675));
#2699=CARTESIAN_POINT('',(0.0258833426513662,0.00234041735901565,0.072420167722727));
#2700=CARTESIAN_POINT('',(0.0268078913719739,0.00247660261602716,0.077505558106017));
#2701=CARTESIAN_POINT('',(0.0275500543036335,0.00263153449622336,0.0825809737304213));
#2702=CARTESIAN_POINT('',(0.0284042684069483,0.0027199392981729,0.0878151117300036));
#2703=CARTESIAN_POINT('',(0.0287123165661922,0.00292480081588601,0.0926744502810843));
#2704=CARTESIAN_POINT('',(0.0292071338388924,0.002981987121397,0.0960962163910035));
#2705=CARTESIAN_POINT('',(0.0294535158333327,0.00301046162457993,0.097799999999991));
#2706=CARTESIAN_POINT('',(0.00606374088501097,0.00220715726781367,0.000769207062317956));
#2707=CARTESIAN_POINT('',(0.00639696649166897,0.00190333952185628,0.00608045084418827));
#2708=CARTESIAN_POINT('',(0.00692985675187715,0.00149631859145645,0.0131387142116251));
#2709=CARTESIAN_POINT('',(0.0108130724632942,0.00089268554903269,0.0215625260060315));
#2710=CARTESIAN_POINT('',(0.0127724358740646,0.000755612360005198,0.0266685347358221));
#2711=CARTESIAN_POINT('',(0.0145410281224321,0.00112950793494627,0.0317383598639922));
#2712=CARTESIAN_POINT('',(0.0162849001993337,0.00136867924697684,0.0368334176693051));
#2713=CARTESIAN_POINT('',(0.017935271283208,0.00154234559249355,0.0419195645463498));
#2714=CARTESIAN_POINT('',(0.0194162778657608,0.00174731503422261,0.0470047875683684));
#2715=CARTESIAN_POINT('',(0.0208592737211703,0.0018843323105955,0.0520794861511129));
#2716=CARTESIAN_POINT('',(0.0221710542749169,0.00203196625195113,0.0571710102012802));
#2717=CARTESIAN_POINT('',(0.0234102117683989,0.00217547169017501,0.0622530145044818));
#2718=CARTESIAN_POINT('',(0.024507853044171,0.00232290782277763,0.0673349457013675));
#2719=CARTESIAN_POINT('',(0.0256935505345235,0.00240722603283736,0.0724201677227269));
#2720=CARTESIAN_POINT('',(0.0266316464834868,0.00253737315403262,0.077505558106017));
#2721=CARTESIAN_POINT('',(0.0273947200969162,0.00267965845029326,0.0825809737304213));
#2722=CARTESIAN_POINT('',(0.028263778880979,0.00277087362094681,0.0878151117300036));
#2723=CARTESIAN_POINT('',(0.0286229889858019,0.00293578887905285,0.0926744502810843));
#2724=CARTESIAN_POINT('',(0.0291354372860412,0.00299673280914581,0.0960962163910035));
#2725=CARTESIAN_POINT('',(0.0293905982135723,0.00302707832833798,0.0977999999999909));
#2726=CARTESIAN_POINT('',(0.00589494772333528,0.00200735621451647,0.00076920706231795));
#2727=CARTESIAN_POINT('',(0.00614387422149739,0.00193215483808877,0.00608045084418822));
#2728=CARTESIAN_POINT('',(0.00656647369207616,0.00181873408344033,0.013138714211625));
#2729=CARTESIAN_POINT('',(0.0103806817311591,0.00119719036037366,0.0215625260060313));
#2730=CARTESIAN_POINT('',(0.0122877312348424,0.0010775636500299,0.026668534735822));
#2731=CARTESIAN_POINT('',(0.0140167967205976,0.00141866112476602,0.0317383598639921));
#2732=CARTESIAN_POINT('',(0.015717139749175,0.00165282259208944,0.036833417669305));
#2733=CARTESIAN_POINT('',(0.0173311083259606,0.00181165809281906,0.0419195645463497));
#2734=CARTESIAN_POINT('',(0.0187949469297125,0.00198854654465893,0.0470047875683683));
#2735=CARTESIAN_POINT('',(0.0202266807903905,0.00210567508421797,0.0520794861511128));
#2736=CARTESIAN_POINT('',(0.0215363739578306,0.00223155769928638,0.0571710102012801));
#2737=CARTESIAN_POINT('',(0.0227852153996742,0.00235948401988457,0.0622530145044817));
#2738=CARTESIAN_POINT('',(0.0239075018255768,0.00248222635223593,0.0673349457013674));
#2739=CARTESIAN_POINT('',(0.025109866052079,0.0025797695494627,0.0724201677227268));
#2740=CARTESIAN_POINT('',(0.0260901705587104,0.00269371958810821,0.0775055581060169));
#2741=CARTESIAN_POINT('',(0.026917222132769,0.00280155052470239,0.0825809737304213));
#2742=CARTESIAN_POINT('',(0.0278339780798896,0.00290219957494476,0.0878151117300035));
#2743=CARTESIAN_POINT('',(0.0283463472558888,0.0029577942808052,0.0926744502810843));
#2744=CARTESIAN_POINT('',(0.0289148475877734,0.00303120526035868,0.0960962163910035));
#2745=CARTESIAN_POINT('',(0.0291979182349344,0.00306775843777204,0.0977999999999909));
#2746=CARTESIAN_POINT('',(0.00564305385888795,0.00178543316415081,0.000769207062317945));
#2747=CARTESIAN_POINT('',(0.0058454926893125,0.00188388966347077,0.00608045084418819));
#2748=CARTESIAN_POINT('',(0.00620593736702503,0.00199324667259833,0.0131387142116249));
#2749=CARTESIAN_POINT('',(0.00993240788765786,0.00134908092312199,0.0215625260060313));
#2750=CARTESIAN_POINT('',(0.011789371670774,0.00123360278460572,0.0266685347358218));
#2751=CARTESIAN_POINT('',(0.0134771860923168,0.00155064143257671,0.031738359863992));
#2752=CARTESIAN_POINT('',(0.0151385188348036,0.00177152192898842,0.0368334176693049));
#2753=CARTESIAN_POINT('',(0.016723737977948,0.00190792217405582,0.0419195645463496));
#2754=CARTESIAN_POINT('',(0.0181721996821889,0.00206247835750603,0.0470047875683682));
#2755=CARTESIAN_POINT('',(0.019598373624485,0.0021588469049522,0.0520794861511126));
#2756=CARTESIAN_POINT('',(0.020909730366705,0.00226594096224291,0.05717101020128));
#2757=CARTESIAN_POINT('',(0.0221715872995943,0.00238144948053926,0.0622530145044816));
#2758=CARTESIAN_POINT('',(0.0233185136916539,0.00249035767948806,0.0673349457013672));
#2759=CARTESIAN_POINT('',(0.0245496478255259,0.00258953970425351,0.0724201677227267));
#2760=CARTESIAN_POINT('',(0.0255734219844798,0.00269851291425288,0.0775055581060167));
#2761=CARTESIAN_POINT('',(0.0264598314379334,0.00279509967726755,0.0825809737304213));
#2762=CARTESIAN_POINT('',(0.0274341532458201,0.00290489423894716,0.0878151117300034));
#2763=CARTESIAN_POINT('',(0.0280696838823081,0.00292646771879218,0.0926744502810843));
#2764=CARTESIAN_POINT('',(0.0287018231963385,0.00301413046169217,0.0960962163910035));
#2765=CARTESIAN_POINT('',(0.0290165812970513,0.00305777995136328,0.0977999999999909));
#2766=CARTESIAN_POINT('',(0.00531620329222456,0.0015694788031363,0.000769207062317914));
#2767=CARTESIAN_POINT('',(0.00550475647082953,0.00181890254802269,0.00608045084418813));
#2768=CARTESIAN_POINT('',(0.00584445486342978,0.00212314293526383,0.0131387142116249));
#2769=CARTESIAN_POINT('',(0.00946347690523407,0.00150454800940405,0.0215625260060312));
#2770=CARTESIAN_POINT('',(0.0112667680204218,0.00140604215550767,0.0266685347358217));
#2771=CARTESIAN_POINT('',(0.0129011668945161,0.00173735862338581,0.0317383598639918));
#2772=CARTESIAN_POINT('',(0.0145165529855299,0.0019550360916521,0.0368334176693048));
#2773=CARTESIAN_POINT('',(0.0160673865815894,0.00207274986945617,0.0419195645463495));
#2774=CARTESIAN_POINT('',(0.0174913909161202,0.00222022848550368,0.0470047875683681));
#2775=CARTESIAN_POINT('',(0.0189083373658527,0.00229531161520826,0.0520794861511125));
#2776=CARTESIAN_POINT('',(0.0202177939764699,0.00238489179900864,0.0571710102012799));
#2777=CARTESIAN_POINT('',(0.0214931191665675,0.00248355677548256,0.0622530145044814));
#2778=CARTESIAN_POINT('',(0.0226634357416444,0.00257896778989639,0.0673349457013671));
#2779=CARTESIAN_POINT('',(0.0239405276263479,0.00264566594162706,0.0724201677227266));
#2780=CARTESIAN_POINT('',(0.0250143965590827,0.00273961172254344,0.0775055581060166));
#2781=CARTESIAN_POINT('',(0.0259611605076944,0.00282564088450954,0.0825809737304212));
#2782=CARTESIAN_POINT('',(0.0270152225045212,0.00290981266278855,0.0878151117300033));
#2783=CARTESIAN_POINT('',(0.0277511185806115,0.00294221049154616,0.0926744502810842));
#2784=CARTESIAN_POINT('',(0.0284681153091498,0.00301387373757714,0.0960962163910034));
#2785=CARTESIAN_POINT('',(0.0288251260558049,0.00304955667440922,0.0977999999999908));
#2786=CARTESIAN_POINT('',(0.00494447484754402,0.00134647031813459,0.000769207062317885));
#2787=CARTESIAN_POINT('',(0.00512979118183765,0.00174989856659669,0.00608045084418809));
#2788=CARTESIAN_POINT('',(0.00546205331047718,0.00225374714062011,0.0131387142116248));
#2789=CARTESIAN_POINT('',(0.00895917029063464,0.00169118780723737,0.0215625260060311));
#2790=CARTESIAN_POINT('',(0.0107037470545923,0.00161766689864486,0.0266685347358216));
#2791=CARTESIAN_POINT('',(0.0122794063610958,0.00196763487414358,0.0317383598639917));
#2792=CARTESIAN_POINT('',(0.0138444741813081,0.00218254757225685,0.0368334176693046));
#2793=CARTESIAN_POINT('',(0.0153565846180657,0.00228185484793231,0.0419195645463493));
#2794=CARTESIAN_POINT('',(0.0167541741702702,0.0024196229195044,0.047004787568368));
#2795=CARTESIAN_POINT('',(0.0181602206345149,0.00247169305139532,0.0520794861511124));
#2796=CARTESIAN_POINT('',(0.0194671287467105,0.00254149112878202,0.0571710102012797));
#2797=CARTESIAN_POINT('',(0.0207564646311039,0.00262139670320183,0.0622530145044813));
#2798=CARTESIAN_POINT('',(0.0219522878523271,0.00270000417661063,0.067334945701367));
#2799=CARTESIAN_POINT('',(0.0232759639107842,0.00273566639664007,0.0724201677227265));
#2800=CARTESIAN_POINT('',(0.0244044127887711,0.00281030063194381,0.0775055581060166));
#2801=CARTESIAN_POINT('',(0.0254171589669128,0.00288117568725927,0.082580973730421));
#2802=CARTESIAN_POINT('',(0.0265569221799562,0.00293577398893745,0.0878151117300032));
#2803=CARTESIAN_POINT('',(0.02740686286816,0.00296661098764453,0.0926744502810841));
#2804=CARTESIAN_POINT('',(0.0282144940210953,0.00302061441388696,0.0960962163910034));
#2805=CARTESIAN_POINT('',(0.0286166339325551,0.00304750408124158,0.0977999999999908));
#2806=CARTESIAN_POINT('',(0.0044727382802661,0.00113499134303227,0.000769207062317859));
#2807=CARTESIAN_POINT('',(0.00468213440095032,0.00171677867464421,0.00608045084418808));
#2808=CARTESIAN_POINT('',(0.00504171857098726,0.00245189232458063,0.0131387142116249));
#2809=CARTESIAN_POINT('',(0.00840275725152174,0.00195759958042893,0.0215625260060308));
#2810=CARTESIAN_POINT('',(0.0100826739529779,0.0019164494709553,0.0266685347358217));
#2811=CARTESIAN_POINT('',(0.0115936735105549,0.00228336087280302,0.0317383598639912));
#2812=CARTESIAN_POINT('',(0.0131011565046594,0.00249898435173759,0.0368334176693047));
#2813=CARTESIAN_POINT('',(0.0145671660968612,0.00258130316948792,0.0419195645463492));
#2814=CARTESIAN_POINT('',(0.0159348868537367,0.00270572747524259,0.0470047875683676));
#2815=CARTESIAN_POINT('',(0.0173266016239531,0.0027326855169704,0.0520794861511124));
#2816=CARTESIAN_POINT('',(0.0186292826460439,0.00277927392468698,0.0571710102012803));
#2817=CARTESIAN_POINT('',(0.019932908798791,0.00283707368309471,0.0622530145044803));
#2818=CARTESIAN_POINT('',(0.0211572781217972,0.00289237251505933,0.067334945701367));
#2819=CARTESIAN_POINT('',(0.0225274567107087,0.00289912160082632,0.0724201677227263));
#2820=CARTESIAN_POINT('',(0.0237161776257344,0.0029476241887677,0.0775055581060165));
#2821=CARTESIAN_POINT('',(0.0248045198466484,0.00299169471467078,0.0825809737304208));
#2822=CARTESIAN_POINT('',(0.0260350779615853,0.00301457611758208,0.0878151117300031));
#2823=CARTESIAN_POINT('',(0.0270260010798552,0.00300980447835203,0.092674450281083));
#2824=CARTESIAN_POINT('',(0.0279308155770882,0.00304454372085107,0.0960962163910029));
#2825=CARTESIAN_POINT('',(0.0283813455256696,0.00306184126546902,0.0977999999999907));
#2826=CARTESIAN_POINT('',(0.00362042449288369,0.00085285198799035,0.000769207062317768));
#2827=CARTESIAN_POINT('',(0.00391572904482535,0.00169659892568892,0.00608045084418793));
#2828=CARTESIAN_POINT('',(0.004379951771188,0.00277100529865384,0.0131387142116246));
#2829=CARTESIAN_POINT('',(0.00752233263702782,0.00236315743997414,0.0215625260060307));
#2830=CARTESIAN_POINT('',(0.00910327748202629,0.00236549202682957,0.0266685347358213));
#2831=CARTESIAN_POINT('',(0.010517680867401,0.00273879960694,0.0317383598639913));
#2832=CARTESIAN_POINT('',(0.0119377321728975,0.00295026568712604,0.0368334176693042));
#2833=CARTESIAN_POINT('',(0.0133339865505767,0.00300352905990761,0.0419195645463489));
#2834=CARTESIAN_POINT('',(0.0146592598052724,0.00309915739750779,0.0470047875683675));
#2835=CARTESIAN_POINT('',(0.0160306082978677,0.00308665704165612,0.052079486151112));
#2836=CARTESIAN_POINT('',(0.0173288392994989,0.00309598127377952,0.0571710102012793));
#2837=CARTESIAN_POINT('',(0.0186553334066548,0.00312121783873379,0.062253014504481));
#2838=CARTESIAN_POINT('',(0.0199261321397744,0.00313966891206581,0.0673349457013667));
#2839=CARTESIAN_POINT('',(0.0213620768116895,0.0031180479939204,0.0724201677227261));
#2840=CARTESIAN_POINT('',(0.0226433710422364,0.00313134245439439,0.0775055581060163));
#2841=CARTESIAN_POINT('',(0.0238518609047106,0.00313325828505003,0.0825809737304208));
#2842=CARTESIAN_POINT('',(0.0252159093196922,0.00312468825885978,0.087815111730003));
#2843=CARTESIAN_POINT('',(0.0264420270162857,0.00304410321174842,0.0926744502810839));
#2844=CARTESIAN_POINT('',(0.0274917690266544,0.00306348124085927,0.0960962163910033));
#2845=CARTESIAN_POINT('',(0.0280144620376544,0.00307313005007445,0.0977999999999907));
#2846=CARTESIAN_POINT('',(0.00303085469418664,0.000712342031519698,0.000769207062317676));
#2847=CARTESIAN_POINT('',(0.00341056611904137,0.00169167312673672,0.00608045084418779));
#2848=CARTESIAN_POINT('',(0.00397960473361907,0.0029419179401517,0.0131387142116244));
#2849=CARTESIAN_POINT('',(0.00698188473836628,0.00258732272743845,0.0215625260060306));
#2850=CARTESIAN_POINT('',(0.00850389281961726,0.0026133419709612,0.0266685347358213));
#2851=CARTESIAN_POINT('',(0.00985922293060093,0.00299198382233939,0.031738359863991));
#2852=CARTESIAN_POINT('',(0.0112268447672048,0.00319975633706479,0.0368334176693042));
#2853=CARTESIAN_POINT('',(0.0125818776702539,0.00323409448022049,0.0419195645463487));
#2854=CARTESIAN_POINT('',(0.0138815662831295,0.00331331834706445,0.0470047875683675));
#2855=CARTESIAN_POINT('',(0.0152414098355979,0.00327663548924943,0.0520794861511117));
#2856=CARTESIAN_POINT('',(0.0165375041511161,0.00326376251559583,0.0571710102012792));
#2857=CARTESIAN_POINT('',(0.0178784394448983,0.00326961849731708,0.0622530145044809));
#2858=CARTESIAN_POINT('',(0.0191774492307741,0.00326739182810867,0.0673349457013661));
#2859=CARTESIAN_POINT('',(0.0206554888477314,0.00322612706645827,0.0724201677227262));
#2860=CARTESIAN_POINT('',(0.021993305377886,0.00321969032729921,0.077505558106016));
#2861=CARTESIAN_POINT('',(0.02327417323353,0.00319961256523429,0.0825809737304208));
#2862=CARTESIAN_POINT('',(0.024721109566377,0.00317147951731525,0.087815111730003));
#2863=CARTESIAN_POINT('',(0.0260852289188988,0.00305754555422817,0.0926744502810838));
#2864=CARTESIAN_POINT('',(0.0272246214470249,0.00306721601484667,0.0960962163910034));
#2865=CARTESIAN_POINT('',(0.0277919537109095,0.00307203118098132,0.0977999999999909));
#2866=CARTESIAN_POINT('',(0.00181121670149051,0.000506062785835915,0.000769207062317529));
#2867=CARTESIAN_POINT('',(0.00239156358734263,0.00171302530851259,0.00608045084418777));
#2868=CARTESIAN_POINT('',(0.00321120720266911,0.00325918574217452,0.0131387142116245));
#2869=CARTESIAN_POINT('',(0.00593475004900757,0.00302012825436085,0.0215625260060303));
#2870=CARTESIAN_POINT('',(0.00734380962608214,0.00309250720370296,0.0266685347358206));
#2871=CARTESIAN_POINT('',(0.00858342111512988,0.00348739477334822,0.0317383598639912));
#2872=CARTESIAN_POINT('',(0.00984917833884296,0.00368932479532326,0.0368334176693037));
#2873=CARTESIAN_POINT('',(0.0111240572571977,0.00368753536117661,0.0419195645463486));
#2874=CARTESIAN_POINT('',(0.0123731928146132,0.00373748787292664,0.0470047875683668));
#2875=CARTESIAN_POINT('',(0.0137104029783773,0.00365403487216798,0.0520794861511117));
#2876=CARTESIAN_POINT('',(0.0150019089574243,0.00359854882818741,0.0571710102012788));
#2877=CARTESIAN_POINT('',(0.0163707779832401,0.00356640433645991,0.0622530145044805));
#2878=CARTESIAN_POINT('',(0.0177239380601248,0.00352451997848815,0.0673349457013669));
#2879=CARTESIAN_POINT('',(0.019285729010071,0.00344003162428677,0.0724201677227256));
#2880=CARTESIAN_POINT('',(0.020733430587114,0.00339414859486909,0.077505558106016));
#2881=CARTESIAN_POINT('',(0.0221538822523937,0.00333207281563623,0.0825809737304203));
#2882=CARTESIAN_POINT('',(0.0237636611603598,0.00326119484736605,0.0878151117300027));
#2883=CARTESIAN_POINT('',(0.0253909006920523,0.00308968297194598,0.0926744502810839));
#2884=CARTESIAN_POINT('',(0.026705731937776,0.00307669821580164,0.0960962163910029));
#2885=CARTESIAN_POINT('',(0.0273604195619694,0.00307023277837116,0.0977999999999903));
#2886=CARTESIAN_POINT('',(0.000969797178036559,0.000441286592332616,0.000769207062317379));
#2887=CARTESIAN_POINT('',(0.00171074711541324,0.00176062848749654,0.00608045084418754));
#2888=CARTESIAN_POINT('',(0.00273210805495626,0.00345358242366687,0.0131387142116242));
#2889=CARTESIAN_POINT('',(0.00527406654694815,0.00329774849240446,0.0215625260060303));
#2890=CARTESIAN_POINT('',(0.00661296763452609,0.003400021095599,0.0266685347358207));
#2891=CARTESIAN_POINT('',(0.00777970803496835,0.00380647949673322,0.0317383598639907));
#2892=CARTESIAN_POINT('',(0.00898119840459566,0.0040053493165979,0.0368334176693036));
#2893=CARTESIAN_POINT('',(0.0102051222469408,0.00398152836812449,0.0419195645463483));
#2894=CARTESIAN_POINT('',(0.011422487153142,0.00401298807971413,0.0470047875683669));
#2895=CARTESIAN_POINT('',(0.0127451332681081,0.00390019092018733,0.0520794861511113));
#2896=CARTESIAN_POINT('',(0.0140335927235045,0.00381775061471692,0.0571710102012787));
#2897=CARTESIAN_POINT('',(0.0154199012395582,0.00376146214872455,0.0622530145044804));
#2898=CARTESIAN_POINT('',(0.0168073020516233,0.00369396164721257,0.0673349457013661));
#2899=CARTESIAN_POINT('',(0.018420922359206,0.00358253097279174,0.0724201677227257));
#2900=CARTESIAN_POINT('',(0.0199379378712556,0.00351081080753934,0.0775055581060157));
#2901=CARTESIAN_POINT('',(0.0214467573482097,0.00342114368156956,0.0825809737304203));
#2902=CARTESIAN_POINT('',(0.0231586340252961,0.00332224014578709,0.0878151117300027));
#2903=CARTESIAN_POINT('',(0.0249541161102318,0.00311199990119469,0.0926744502810836));
#2904=CARTESIAN_POINT('',(0.0263789996899012,0.00308390350834396,0.0960962163910031));
#2905=CARTESIAN_POINT('',(0.0270884851455899,0.00306991360603241,0.0977999999999906));
#2906=CARTESIAN_POINT('',(-0.000356312721632876,0.000458171816825885,0.000769207062317188));
#2907=CARTESIAN_POINT('',(0.000655643516744761,0.00189406842368435,0.00608045084418738));
#2908=CARTESIAN_POINT('',(0.002018151643256,0.00374047240532451,0.0131387142116241));
#2909=CARTESIAN_POINT('',(0.00428213875042504,0.00371575132785617,0.02156252600603));
#2910=CARTESIAN_POINT('',(0.00551660324317102,0.00386019184101364,0.0266685347358205));
#2911=CARTESIAN_POINT('',(0.00657386391325103,0.00428255536632519,0.0317383598639905));
#2912=CARTESIAN_POINT('',(0.00767900795865597,0.00447615446712933,0.0368334176693033));
#2913=CARTESIAN_POINT('',(0.00882664272983684,0.00441886603730114,0.041919564546348));
#2914=CARTESIAN_POINT('',(0.00999642534636403,0.00442204615653221,0.0470047875683666));
#2915=CARTESIAN_POINT('',(0.0112973691948576,0.00426511502892515,0.052079486151111));
#2916=CARTESIAN_POINT('',(0.0125813837655612,0.0041422058494328,0.0571710102012784));
#2917=CARTESIAN_POINT('',(0.0139939174206163,0.00404982680669198,0.0622530145044801));
#2918=CARTESIAN_POINT('',(0.0154327265447846,0.00394406704431024,0.0673349457013658));
#2919=CARTESIAN_POINT('',(0.0171241325371996,0.00379311453462321,0.0724201677227254));
#2920=CARTESIAN_POINT('',(0.0187450189904824,0.003683329040601,0.0775055581060155));
#2921=CARTESIAN_POINT('',(0.020386411834309,0.0035524842917404,0.0825809737304201));
#2922=CARTESIAN_POINT('',(0.0222512220544007,0.00341321828868418,0.0878151117300025));
#2923=CARTESIAN_POINT('',(0.024298895206735,0.003143688613205,0.0926744502810835));
#2924=CARTESIAN_POINT('',(0.0258888173416928,0.00309424970114574,0.096096216391003));
#2925=CARTESIAN_POINT('',(0.0266804796546881,0.00306963282047451,0.0977999999999905));
#2926=CARTESIAN_POINT('',(-0.00149799669210019,0.000531960509119165,0.00076920706231697));
#2927=CARTESIAN_POINT('',(-0.000260681783242892,0.00204321784459193,0.00608045084418719));
#2928=CARTESIAN_POINT('',(0.00138518593731856,0.00398978873313826,0.0131387142116239));
#2929=CARTESIAN_POINT('',(0.0034058934029264,0.00408525854283705,0.0215625260060298));
#2930=CARTESIAN_POINT('',(0.00454761706981741,0.0042659147280531,0.0266685347358203));
#2931=CARTESIAN_POINT('',(0.00550801838236201,0.00470212808875242,0.0317383598639902));
#2932=CARTESIAN_POINT('',(0.00652802414461032,0.00489087477062572,0.0368334176693032));
#2933=CARTESIAN_POINT('',(0.00760832729591286,0.00480394802570663,0.0419195645463477));
#2934=CARTESIAN_POINT('',(0.00873600886665468,0.00478197608067156,0.0470047875683664));
#2935=CARTESIAN_POINT('',(0.0100178347268536,0.00458602558031096,0.0520794861511108));
#2936=CARTESIAN_POINT('',(0.0112979498187636,0.00442733858345884,0.057171010201278));
#2937=CARTESIAN_POINT('',(0.0127336942418022,0.00430310269375397,0.0622530145044799));
#2938=CARTESIAN_POINT('',(0.0142179128822059,0.0041635458567935,0.0673349457013654));
#2939=CARTESIAN_POINT('',(0.0159782726822712,0.00397799525729605,0.0724201677227254));
#2940=CARTESIAN_POINT('',(0.0176909587788547,0.0038347563649263,0.0775055581060154));
#2941=CARTESIAN_POINT('',(0.0194494211768603,0.00366749276285312,0.0825809737304201));
#2942=CARTESIAN_POINT('',(0.0214495593661401,0.00349330207863562,0.0878151117300022));
#2943=CARTESIAN_POINT('',(0.0237195345784208,0.00316995362789873,0.0926744502810833));
#2944=CARTESIAN_POINT('',(0.0254554776200075,0.00310222031493232,0.096096216391003));
#2945=CARTESIAN_POINT('',(0.0263198474236061,0.00306849419084685,0.0977999999999906));
#2946=CARTESIAN_POINT('',(-0.00283060370187971,0.000788419810130595,0.000769207062316724));
#2947=CARTESIAN_POINT('',(-0.00137205249592117,0.00231376825988805,0.00608045084418697));
#2948=CARTESIAN_POINT('',(0.000550296965163918,0.00428309422989464,0.0131387142116237));
#2949=CARTESIAN_POINT('',(0.00226905348647431,0.00455099659858473,0.0215625260060296));
#2950=CARTESIAN_POINT('',(0.00328907658175502,0.0047763924781608,0.02666853473582));
#2951=CARTESIAN_POINT('',(0.00412497196390277,0.00523146611791201,0.03173835986399));
#2952=CARTESIAN_POINT('',(0.00503529269175298,0.00541410136986406,0.0368334176693028));
#2953=CARTESIAN_POINT('',(0.00602915583472453,0.00528897239294839,0.0419195645463475));
#2954=CARTESIAN_POINT('',(0.0071027580343444,0.00523475479511642,0.0470047875683661));
#2955=CARTESIAN_POINT('',(0.00836032810376175,0.00498847950138794,0.0520794861511105));
#2956=CARTESIAN_POINT('',(0.00963574748113431,0.00478359745870136,0.0571710102012778));
#2957=CARTESIAN_POINT('',(0.0111018115844731,0.00461835233322603,0.0622530145044794));
#2958=CARTESIAN_POINT('',(0.0126449877165025,0.00443530402480676,0.0673349457013655));
#2959=CARTESIAN_POINT('',(0.0144949422810472,0.0042049623829584,0.0724201677227249));
#2960=CARTESIAN_POINT('',(0.0163266114869217,0.00401878120054203,0.0775055581060152));
#2961=CARTESIAN_POINT('',(0.0182366798485243,0.0038050694531255,0.0825809737304196));
#2962=CARTESIAN_POINT('',(0.0204121743478686,0.00358537686976734,0.0878151117300023));
#2963=CARTESIAN_POINT('',(0.0229701726340893,0.00319692090542018,0.0926744502810836));
#2964=CARTESIAN_POINT('',(0.0248952090701067,0.00310551268755777,0.0960962163910029));
#2965=CARTESIAN_POINT('',(0.0258537332418442,0.00305999823147931,0.0977999999999904));
#2966=CARTESIAN_POINT('',(-0.00364011210772935,0.00105105363586996,0.00076920706231659));
#2967=CARTESIAN_POINT('',(-0.0020862260344824,0.00254776300476312,0.00608045084418686));
#2968=CARTESIAN_POINT('',(-4.66357210392664E-5,0.00448370386166526,0.0131387142116237));
#2969=CARTESIAN_POINT('',(0.00147121624685766,0.00488030078455539,0.0215625260060294));
#2970=CARTESIAN_POINT('',(0.00240384615330312,0.00513602428957701,0.0266685347358198));
#2971=CARTESIAN_POINT('',(0.00315284437239389,0.00560494323241946,0.0317383598639898));
#2972=CARTESIAN_POINT('',(0.00398580745084339,0.00578306727670501,0.0368334176693026));
#2973=CARTESIAN_POINT('',(0.00491885949996513,0.00563109660313515,0.0419195645463472));
#2974=CARTESIAN_POINT('',(0.00595442758549318,0.00555416634277704,0.0470047875683658));
#2975=CARTESIAN_POINT('',(0.00719490037588169,0.00527248239656911,0.0520794861511103));
#2976=CARTESIAN_POINT('',(0.00846700624646428,0.00503514667005092,0.0571710102012776));
#2977=CARTESIAN_POINT('',(0.00995436036804788,0.00484102116625888,0.0622530145044795));
#2978=CARTESIAN_POINT('',(0.0115390034772124,0.0046273674733256,0.067334945701365));
#2979=CARTESIAN_POINT('',(0.013451829403672,0.00436547834253746,0.0724201677227248));
#2980=CARTESIAN_POINT('',(0.0153671437667706,0.00414901755853298,0.0775055581060149));
#2981=CARTESIAN_POINT('',(0.0173838619580303,0.00390247781560389,0.0825809737304196));
#2982=CARTESIAN_POINT('',(0.0196826670329724,0.00365184581743466,0.0878151117300021));
#2983=CARTESIAN_POINT('',(0.0224430069558855,0.00321288713167144,0.0926744502810832));
#2984=CARTESIAN_POINT('',(0.0245011424351455,0.00310519236991715,0.0960962163910028));
#2985=CARTESIAN_POINT('',(0.0255259399759456,0.00305156843305049,0.0977999999999903));
#2986=CARTESIAN_POINT('',(-0.00414684393106999,0.00124554570236376,0.000769207062316478));
#2987=CARTESIAN_POINT('',(-0.00254677132242891,0.00271326262549993,0.00608045084418674));
#2988=CARTESIAN_POINT('',(-0.000451303825945474,0.00461428137738232,0.0131387142116236));
#2989=CARTESIAN_POINT('',(0.000934868942754819,0.00509925102988654,0.0215625260060293));
#2990=CARTESIAN_POINT('',(0.00180836120614568,0.00537516477231554,0.0266685347358197));
#2991=CARTESIAN_POINT('',(0.00249898670051851,0.00585295873196076,0.0317383598639896));
#2992=CARTESIAN_POINT('',(0.00328011147291382,0.00602815054114648,0.0368334176693024));
#2993=CARTESIAN_POINT('',(0.00417247908451275,0.00585823278027128,0.0419195645463471));
#2994=CARTESIAN_POINT('',(0.00518253455484633,0.00576590593539652,0.0470047875683657));
#2995=CARTESIAN_POINT('',(0.00641163322696446,0.00546047958975385,0.05207948615111));
#2996=CARTESIAN_POINT('',(0.00768158515271306,0.00520133111384249,0.0571710102012775));
#2997=CARTESIAN_POINT('',(0.00918330237765035,0.00498786044844691,0.0622530145044791));
#2998=CARTESIAN_POINT('',(0.0107958292254802,0.00475359007885929,0.0673349457013651));
#2999=CARTESIAN_POINT('',(0.0127510273923555,0.00447101222810669,0.0724201677227246));
#3000=CARTESIAN_POINT('',(0.0147225595677979,0.00423430325163299,0.0775055581060149));
#3001=CARTESIAN_POINT('',(0.0168109232109057,0.00396575522210534,0.0825809737304194));
#3002=CARTESIAN_POINT('',(0.0191925736996241,0.00369392221581993,0.0878151117300023));
#3003=CARTESIAN_POINT('',(0.0220890550523472,0.00322400020882656,0.0926744502810831));
#3004=CARTESIAN_POINT('',(0.0242365346937714,0.00310553707757746,0.0960962163910028));
#3005=CARTESIAN_POINT('',(0.025305818945283,0.00304655129806832,0.0977999999999903));
#3006=CARTESIAN_POINT('',(-0.00459963199493455,0.001449699547112,0.000769207062316371));
#3007=CARTESIAN_POINT('',(-0.00297225613861634,0.00288011625147203,0.00608045084418666));
#3008=CARTESIAN_POINT('',(-0.000844985776154793,0.00473549740672001,0.0131387142116235));
#3009=CARTESIAN_POINT('',(0.00041756241910121,0.0053077678544684,0.0215625260060291));
#3010=CARTESIAN_POINT('',(0.00123345454640185,0.00560243505851751,0.0266685347358196));
#3011=CARTESIAN_POINT('',(0.00186886281336871,0.00609090946591564,0.0317383598639895));
#3012=CARTESIAN_POINT('',(0.00259990031939433,0.00626288550491822,0.0368334176693024));
#3013=CARTESIAN_POINT('',(0.00345303940754277,0.00607528161617466,0.0419195645463468));
#3014=CARTESIAN_POINT('',(0.00443881681277853,0.00596900115516285,0.0470047875683657));
#3015=CARTESIAN_POINT('',(0.00565695454234693,0.00564058489160709,0.0520794861511098));
#3016=CARTESIAN_POINT('',(0.00692490008073725,0.0053606097973521,0.0571710102012774));
#3017=CARTESIAN_POINT('',(0.00844046654921274,0.00512847339025592,0.062253014504479));
#3018=CARTESIAN_POINT('',(0.0100799782194721,0.00487503355473453,0.0673349457013651));
#3019=CARTESIAN_POINT('',(0.012075622787227,0.00457021787938472,0.0724201677227244));
#3020=CARTESIAN_POINT('',(0.0141013786949656,0.00431402030548884,0.0775055581060145));
#3021=CARTESIAN_POINT('',(0.0162589501078514,0.00402589545457972,0.0825809737304195));
#3022=CARTESIAN_POINT('',(0.0187201878003015,0.00373055879084148,0.0878151117300017));
#3023=CARTESIAN_POINT('',(0.0217486713785647,0.00324160087827815,0.0926744502810836));
#3024=CARTESIAN_POINT('',(0.0239818925637299,0.0031116175726559,0.0960962163910028));
#3025=CARTESIAN_POINT('',(0.0250938696914178,0.00304689560790232,0.0977999999999901));
#3026=CARTESIAN_POINT('',(-0.00511829369697368,0.00176352545376026,0.00076920706231626));
#3027=CARTESIAN_POINT('',(-0.00349399691968837,0.00313908930393589,0.00608045084418655));
#3028=CARTESIAN_POINT('',(-0.00137496466749227,0.00492703465285482,0.0131387142116234));
#3029=CARTESIAN_POINT('',(-0.000271750733525742,0.00561568567791381,0.0215625260060291));
#3030=CARTESIAN_POINT('',(0.000464324297645432,0.00593496622189535,0.0266685347358195));
#3031=CARTESIAN_POINT('',(0.0010248979848266,0.00643845875546983,0.0317383598639892));
#3032=CARTESIAN_POINT('',(0.00168699335675497,0.00660575655268913,0.0368334176693021));
#3033=CARTESIAN_POINT('',(0.00248584857584192,0.00639403339061727,0.041919564546347));
#3034=CARTESIAN_POINT('',(0.00343802306832374,0.00626895004206857,0.047004787568365));
#3035=CARTESIAN_POINT('',(0.0046404036881005,0.00590921603093354,0.0520794861511099));
#3036=CARTESIAN_POINT('',(0.0059049077423974,0.00560090316993089,0.057171010201277));
#3037=CARTESIAN_POINT('',(0.00743866561805676,0.00534315957767428,0.0622530145044789));
#3038=CARTESIAN_POINT('',(0.00911423332746774,0.00506351845618048,0.067334945701364));
#3039=CARTESIAN_POINT('',(0.0111639773411389,0.00472736756023815,0.0724201677227247));
#3040=CARTESIAN_POINT('',(0.0132627190142843,0.00444396072264422,0.077505558106015));
#3041=CARTESIAN_POINT('',(0.0155135663229041,0.00412868631446552,0.0825809737304191));
#3042=CARTESIAN_POINT('',(0.0180821021019914,0.00380046464903542,0.087815111730002));
#3043=CARTESIAN_POINT('',(0.0212880806217334,0.00328195891051236,0.0926744502810826));
#3044=CARTESIAN_POINT('',(0.02363684319524,0.00313510315938216,0.0960962163910027));
#3045=CARTESIAN_POINT('',(0.0248063512929861,0.00306197997865516,0.0977999999999905));
#3046=CARTESIAN_POINT('',(-0.00549256618381198,0.00206887008968699,0.000769207062316145));
#3047=CARTESIAN_POINT('',(-0.00390753191062772,0.00339396555392152,0.00608045084418641));
#3048=CARTESIAN_POINT('',(-0.00184261339502277,0.00511970518109919,0.0131387142116232));
#3049=CARTESIAN_POINT('',(-0.000873813896913826,0.00590946832067248,0.0215625260060289));
#3050=CARTESIAN_POINT('',(-0.000210250785858747,0.00624984703556965,0.0266685347358193));
#3051=CARTESIAN_POINT('',(0.000283992366057322,0.00676702661513395,0.0317383598639892));
#3052=CARTESIAN_POINT('',(0.000883967098918164,0.00692979381785957,0.036833417669302));
#3053=CARTESIAN_POINT('',(0.0016337137040159,0.00669640129171698,0.0419195645463464));
#3054=CARTESIAN_POINT('',(0.00255559628167541,0.00655485084708994,0.0470047875683653));
#3055=CARTESIAN_POINT('',(0.00374327122775341,0.00616718146468937,0.0520794861511095));
#3056=CARTESIAN_POINT('',(0.00500415278810805,0.00583361953188006,0.057171010201277));
#3057=CARTESIAN_POINT('',(0.00655359093731547,0.00555290984294829,0.0622530145044786));
#3058=CARTESIAN_POINT('',(0.00826080687486431,0.00525008887937054,0.0673349457013646));
#3059=CARTESIAN_POINT('',(0.0103578394840899,0.00488482729714941,0.0724201677227242));
#3060=CARTESIAN_POINT('',(0.0125209330220732,0.00457663050208865,0.0775055581060143));
#3061=CARTESIAN_POINT('',(0.0148543575385446,0.00423771104274771,0.0825809737304195));
#3062=CARTESIAN_POINT('',(0.0175168922049402,0.00387563684513271,0.0878151117300016));
#3063=CARTESIAN_POINT('',(0.0208823763971259,0.00334331757820892,0.092674450281083));
#3064=CARTESIAN_POINT('',(0.0233333153217396,0.00318087905686385,0.0960962163910026));
#3065=CARTESIAN_POINT('',(0.0245536996005717,0.0030999968220046,0.0977999999999901));
#3066=CARTESIAN_POINT('',(-0.00573479182622113,0.00233902250029347,0.000769207062316074));
#3067=CARTESIAN_POINT('',(-0.00420535613114769,0.00363100216055749,0.00608045084418623));
#3068=CARTESIAN_POINT('',(-0.00221485585312566,0.00531623087946223,0.0131387142116229));
#3069=CARTESIAN_POINT('',(-0.00135404389352183,0.00618376085090908,0.021562526006029));
#3070=CARTESIAN_POINT('',(-0.000752713021380668,0.00654037996790228,0.0266685347358191));
#3071=CARTESIAN_POINT('',(-0.000312921733223385,0.0070711916490807,0.0317383598639891));
#3072=CARTESIAN_POINT('',(0.000233781632456488,0.00722962478596426,0.036833417669302));
#3073=CARTESIAN_POINT('',(0.000941012329747247,0.00697780036056316,0.041919564546346));
#3074=CARTESIAN_POINT('',(0.00183713633004359,0.00682369503846518,0.0470047875683653));
#3075=CARTESIAN_POINT('',(0.00301131122585783,0.00641270048093839,0.0520794861511089));
#3076=CARTESIAN_POINT('',(0.00426823591479563,0.00605830252872099,0.0571710102012768));
#3077=CARTESIAN_POINT('',(0.00582987714250349,0.00575818112136679,0.0622530145044783));
#3078=CARTESIAN_POINT('',(0.00756283652058084,0.00543656398898586,0.0673349457013644));
#3079=CARTESIAN_POINT('',(0.00969744975369834,0.00504343676963847,0.0724201677227246));
#3080=CARTESIAN_POINT('',(0.0119132540062261,0.00471378254422926,0.0775055581060142));
#3081=CARTESIAN_POINT('',(0.0143148792504548,0.00435618225528997,0.0825809737304196));
#3082=CARTESIAN_POINT('',(0.0170535510093501,0.00396140481014266,0.0878151117300016));
#3083=CARTESIAN_POINT('',(0.0205528580688489,0.00342516846337593,0.0926744502810831));
#3084=CARTESIAN_POINT('',(0.0230882879563955,0.00325043821307269,0.0960962163910027));
#3085=CARTESIAN_POINT('',(0.0243507424156925,0.00316343561649021,0.0977999999999903));
#3086=CARTESIAN_POINT('',(-0.0058716538797679,0.00254811964338741,0.000769207062316049));
#3087=CARTESIAN_POINT('',(-0.00439367200852048,0.00382614619711564,0.00608045084418642));
#3088=CARTESIAN_POINT('',(-0.00247153817954861,0.00549475565921173,0.0131387142116234));
#3089=CARTESIAN_POINT('',(-0.00169188651715673,0.00641180472347625,0.0215625260060286));
#3090=CARTESIAN_POINT('',(-0.00113856572925875,0.00677886217170378,0.0266685347358192));
#3091=CARTESIAN_POINT('',(-0.000738139537777541,0.00732168536111282,0.0317383598639889));
#3092=CARTESIAN_POINT('',(-0.000232413206416642,0.00747552798564536,0.0368334176693018));
#3093=CARTESIAN_POINT('',(0.000442020309994585,0.00720907617540427,0.0419195645463464));
#3094=CARTESIAN_POINT('',(0.00131895799445556,0.00704670818225568,0.0470047875683643));
#3095=CARTESIAN_POINT('',(0.00248219139782268,0.00661821649594591,0.0520794861511107));
#3096=CARTESIAN_POINT('',(0.00373550708337177,0.00624854613618978,0.0571710102012762));
#3097=CARTESIAN_POINT('',(0.00530545321675032,0.00593399139611666,0.0622530145044785));
#3098=CARTESIAN_POINT('',(0.00705700900409146,0.00559949372341272,0.0673349457013643));
#3099=CARTESIAN_POINT('',(0.00921748290319723,0.0051821062835907,0.0724201677227234));
#3100=CARTESIAN_POINT('',(0.0114713117003912,0.00483597346330195,0.0775055581060129));
#3101=CARTESIAN_POINT('',(0.0139237790183455,0.00446792354394923,0.0825809737304196));
#3102=CARTESIAN_POINT('',(0.0167145734262878,0.00403731158974415,0.0878151117300008));
#3103=CARTESIAN_POINT('',(0.0203236751428042,0.00353833616582585,0.0926744502810826));
#3104=CARTESIAN_POINT('',(0.022925954004957,0.0033496955805708,0.0960962163910025));
#3105=CARTESIAN_POINT('',(0.0242216942539757,0.00325576667753572,0.0977999999999902));
#3106=CARTESIAN_POINT('',(-0.0059440447539745,0.00269719416513991,0.000769207062315982));
#3107=CARTESIAN_POINT('',(-0.00449927709648483,0.00397806984913259,0.00608045084418627));
#3108=CARTESIAN_POINT('',(-0.00262153501309192,0.0056511266622149,0.0131387142116231));
#3109=CARTESIAN_POINT('',(-0.00190396542537445,0.00659731960664488,0.0215625260060287));
#3110=CARTESIAN_POINT('',(-0.00138658585820083,0.00697055899889112,0.026668534735819));
#3111=CARTESIAN_POINT('',(-0.00101179353737608,0.007526252805901,0.0317383598639888));
#3112=CARTESIAN_POINT('',(-0.000537556627753712,0.00767671160754695,0.0368334176693017));
#3113=CARTESIAN_POINT('',(0.000111414172047583,0.00739964500409195,0.0419195645463462));
#3114=CARTESIAN_POINT('',(0.000974620176470475,0.00723393252382468,0.0470047875683648));
#3115=CARTESIAN_POINT('',(0.00212855862605559,0.00679315308109499,0.0520794861511092));
#3116=CARTESIAN_POINT('',(0.00337836352572821,0.00641329671691768,0.0571710102012767));
#3117=CARTESIAN_POINT('',(0.00495333533166084,0.0060882732315503,0.0622530145044784));
#3118=CARTESIAN_POINT('',(0.00671794204500364,0.00574597165342614,0.0673349457013642));
#3119=CARTESIAN_POINT('',(0.00889377590241609,0.00530510061929956,0.0724201677227238));
#3120=CARTESIAN_POINT('',(0.0111735327420478,0.00494644597789112,0.0775055581060143));
#3121=CARTESIAN_POINT('',(0.013663119703687,0.00457373863625053,0.0825809737304189));
#3122=CARTESIAN_POINT('',(0.0164836491515761,0.0041099374088796,0.0878151117300015));
#3123=CARTESIAN_POINT('',(0.0201904997006275,0.00365641965532738,0.0926744502810829));
#3124=CARTESIAN_POINT('',(0.0228417797581013,0.0034492596908032,0.0960962163910025));
#3125=CARTESIAN_POINT('',(0.0241619189375923,0.00334610952195573,0.09779999999999));
#3126=CARTESIAN_POINT('',(-0.00598830818103803,0.00281453019638351,0.000769207062315975));
#3127=CARTESIAN_POINT('',(-0.00456420045566235,0.00410443173308527,0.00608045084418622));
#3128=CARTESIAN_POINT('',(-0.00271442688769317,0.00578968331122548,0.013138714211623));
#3129=CARTESIAN_POINT('',(-0.0020487321842475,0.00675764366611815,0.0215625260060286));
#3130=CARTESIAN_POINT('',(-0.00156131692542272,0.00713578455107183,0.0266685347358188));
#3131=CARTESIAN_POINT('',(-0.00120465707715411,0.00770186229621167,0.031738359863989));
#3132=CARTESIAN_POINT('',(-0.000756215653996001,0.00784971213363572,0.0368334176693015));
#3133=CARTESIAN_POINT('',(-0.000128719110607405,0.00756474891005372,0.0419195645463463));
#3134=CARTESIAN_POINT('',(0.000724706827856436,0.00739637686592773,0.0470047875683647));
#3135=CARTESIAN_POINT('',(0.00187050903981386,0.00694628854148532,0.0520794861511094));
#3136=CARTESIAN_POINT('',(0.00311725258702124,0.00655862356272407,0.0571710102012764));
#3137=CARTESIAN_POINT('',(0.00469542615194498,0.00622543332250512,0.0622530145044788));
#3138=CARTESIAN_POINT('',(0.00647054043581892,0.00587708064014951,0.0673349457013639));
#3139=CARTESIAN_POINT('',(0.00865356654221923,0.00541792178471487,0.072420167722724));
#3140=CARTESIAN_POINT('',(0.0109523887714264,0.00504825295955046,0.0775055581060139));
#3141=CARTESIAN_POINT('',(0.0134742168882807,0.00467481355583926,0.0825809737304193));
#3142=CARTESIAN_POINT('',(0.0163058193494839,0.00417434768994459,0.0878151117300011));
#3143=CARTESIAN_POINT('',(0.0201289542650928,0.0037936108442379,0.0926744502810829));
#3144=CARTESIAN_POINT('',(0.0228034145417565,0.00354796848497876,0.0960962163910028));
#3145=CARTESIAN_POINT('',(0.0241350957367564,0.00342565696165007,0.0977999999999904));
#3146=CARTESIAN_POINT('',(-0.00601107189479812,0.00289786035442681,0.000769207062315947));
#3147=CARTESIAN_POINT('',(-0.00459488528079319,0.00419919156607845,0.00608045084418618));
#3148=CARTESIAN_POINT('',(-0.00275645705738583,0.00589954447415047,0.0131387142116229));
#3149=CARTESIAN_POINT('',(-0.00213382477253066,0.00688235865946199,0.0215625260060287));
#3150=CARTESIAN_POINT('',(-0.00167005270969735,0.00726156674772072,0.0266685347358188));
#3151=CARTESIAN_POINT('',(-0.00132211846321913,0.00783936476878942,0.0317383598639888));
#3152=CARTESIAN_POINT('',(-0.000894141345216973,0.00798294260540017,0.0368334176693014));
#3153=CARTESIAN_POINT('',(-0.000282652320206183,0.00768971590790981,0.0419195645463462));
#3154=CARTESIAN_POINT('',(0.000564906115166948,0.00752269711615025,0.0470047875683647));
#3155=CARTESIAN_POINT('',(0.00170435204945813,0.0070655410860866,0.0520794861511089));
#3156=CARTESIAN_POINT('',(0.00294867148355078,0.00667330759782503,0.0571710102012767));
#3157=CARTESIAN_POINT('',(0.00452833517602162,0.00633493529738349,0.0622530145044783));
#3158=CARTESIAN_POINT('',(0.00631064732918959,0.00598590070684237,0.0673349457013643));
#3159=CARTESIAN_POINT('',(0.00849589806361576,0.00550502219814241,0.0724201677227238));
#3160=CARTESIAN_POINT('',(0.0108063697819789,0.00513006823068379,0.0775055581060141));
#3161=CARTESIAN_POINT('',(0.0133536547718794,0.00475754821776536,0.0825809737304188));
#3162=CARTESIAN_POINT('',(0.0161822951613766,0.00423056104173865,0.0878151117300015));
#3163=CARTESIAN_POINT('',(0.0201227301673921,0.00390360013550313,0.0926744502810827));
#3164=CARTESIAN_POINT('',(0.0227966473203125,0.003623440855064,0.0960962163910025));
#3165=CARTESIAN_POINT('',(0.0241280580803085,0.00348394248650685,0.0977999999999901));
#3166=CARTESIAN_POINT('',(-0.00603035498247496,0.00299586440965106,0.000769207062315947));
#3167=CARTESIAN_POINT('',(-0.00461433286419278,0.0043124252008404,0.00608045084418619));
#3168=CARTESIAN_POINT('',(-0.00277729042002111,0.00603326096207649,0.013138714211623));
#3169=CARTESIAN_POINT('',(-0.0021983973316604,0.0070493126662635,0.0215625260060286));
#3170=CARTESIAN_POINT('',(-0.00176686006619875,0.00743327371141775,0.0266685347358189));
#3171=CARTESIAN_POINT('',(-0.00142014373126219,0.00803926701244813,0.0317383598639887));
#3172=CARTESIAN_POINT('',(-0.00102282252032898,0.00818457119827853,0.0368334176693015));
#3173=CARTESIAN_POINT('',(-0.000437297031419748,0.00788242709730575,0.0419195645463461));
#3174=CARTESIAN_POINT('',(0.000403988204711864,0.00772651860538632,0.0470047875683647));
#3175=CARTESIAN_POINT('',(0.00153195627723134,0.00726153959248718,0.0520794861511091));
#3176=CARTESIAN_POINT('',(0.00277174964227198,0.0068658467933333,0.0571710102012764));
#3177=CARTESIAN_POINT('',(0.00435250549725536,0.00651933937955024,0.0622530145044783));
#3178=CARTESIAN_POINT('',(0.00614604609293754,0.00617273906752513,0.067334945701364));
#3179=CARTESIAN_POINT('',(0.00832631518581205,0.00564175985959388,0.0724201677227238));
#3180=CARTESIAN_POINT('',(0.0106516479639304,0.00525892292769156,0.077505558106014));
#3181=CARTESIAN_POINT('',(0.0132328500370687,0.00489100916841974,0.0825809737304189));
#3182=CARTESIAN_POINT('',(0.0160512553002215,0.00433254048722963,0.0878151117300014));
#3183=CARTESIAN_POINT('',(0.0201527900990558,0.0040214952943453,0.0926744502810828));
#3184=CARTESIAN_POINT('',(0.0228073823454295,0.00370743208150979,0.0960962163910024));
#3185=CARTESIAN_POINT('',(0.0241291707472742,0.00355105209029301,0.09779999999999));
#3186=CARTESIAN_POINT('',(-0.00603862256904012,0.00306589839314318,0.000769207062315923));
#3187=CARTESIAN_POINT('',(-0.00461708963688421,0.00439394763875597,0.00608045084418619));
#3188=CARTESIAN_POINT('',(-0.00277351986574634,0.00613045051321196,0.013138714211623));
#3189=CARTESIAN_POINT('',(-0.00221554373160412,0.00717961537834393,0.0215625260060285));
#3190=CARTESIAN_POINT('',(-0.00180784541141606,0.00757801488004448,0.0266685347358189));
#3191=CARTESIAN_POINT('',(-0.00145344163706646,0.00819884586647537,0.0317383598639887));
#3192=CARTESIAN_POINT('',(-0.00107847360981203,0.00835317858503807,0.0368334176693015));
#3193=CARTESIAN_POINT('',(-0.000519074916111356,0.0080540241266964,0.0419195645463461));
#3194=CARTESIAN_POINT('',(0.000325951828007841,0.00790159015696137,0.0470047875683646));
#3195=CARTESIAN_POINT('',(0.00144284105386096,0.0074342052559428,0.0520794861511091));
#3196=CARTESIAN_POINT('',(0.00268024726466587,0.0070357232344961,0.0571710102012764));
#3197=CARTESIAN_POINT('',(0.00426033782633182,0.00668335809952372,0.0622530145044783));
#3198=CARTESIAN_POINT('',(0.00606902547050619,0.00633240991650246,0.067334945701364));
#3199=CARTESIAN_POINT('',(0.00821517773312101,0.00578018404015521,0.0724201677227238));
#3200=CARTESIAN_POINT('',(0.0105560292465529,0.00538570652839491,0.0775055581060139));
#3201=CARTESIAN_POINT('',(0.0131699359284236,0.00500910851030207,0.0825809737304188));
#3202=CARTESIAN_POINT('',(0.0159730036222378,0.0044311409419802,0.0878151117300014));
#3203=CARTESIAN_POINT('',(0.0202006213222195,0.00409619784363222,0.0926744502810828));
#3204=CARTESIAN_POINT('',(0.0228283442720408,0.00376357097064638,0.0960962163910024));
#3205=CARTESIAN_POINT('',(0.024136753773756,0.00359794766505014,0.09779999999999));
#3206=CARTESIAN_POINT('',(-0.00604174273889658,0.00314459162624263,0.000769207062315919));
#3207=CARTESIAN_POINT('',(-0.00460968454888468,0.00448435389325527,0.00608045084418616));
#3208=CARTESIAN_POINT('',(-0.00275256147033174,0.00623675867759292,0.0131387142116229));
#3209=CARTESIAN_POINT('',(-0.00219405908716418,0.00731702234983238,0.0215625260060286));
#3210=CARTESIAN_POINT('',(-0.00180195624786437,0.00773349149856919,0.0266685347358188));
#3211=CARTESIAN_POINT('',(-0.00141244726481808,0.00835446205055266,0.0317383598639887));
#3212=CARTESIAN_POINT('',(-0.00104461860285323,0.008519436084166,0.0368334176693015));
#3213=CARTESIAN_POINT('',(-0.000506245634488336,0.00822986567702961,0.0419195645463461));
#3214=CARTESIAN_POINT('',(0.000365538994307635,0.00807411723496342,0.0470047875683647));
#3215=CARTESIAN_POINT('',(0.00147388771755442,0.00760889823315324,0.0520794861511091));
#3216=CARTESIAN_POINT('',(0.00271353387987742,0.00720906811979222,0.0571710102012765));
#3217=CARTESIAN_POINT('',(0.00428806841266995,0.00685364521729911,0.0622530145044783));
#3218=CARTESIAN_POINT('',(0.00611412556369434,0.00649553701401901,0.0673349457013639));
#3219=CARTESIAN_POINT('',(0.00817390491230808,0.00594199554756484,0.0724201677227237));
#3220=CARTESIAN_POINT('',(0.0105229157659608,0.00553373822679535,0.077505558106014));
#3221=CARTESIAN_POINT('',(0.0131653253649303,0.00514136959427293,0.0825809737304188));
#3222=CARTESIAN_POINT('',(0.0159336392478067,0.00454833807452254,0.0878151117300013));
#3223=CARTESIAN_POINT('',(0.020264796628131,0.00417182370114452,0.0926744502810828));
#3224=CARTESIAN_POINT('',(0.0228594707178803,0.00382287708751141,0.0960962163910025));
#3225=CARTESIAN_POINT('',(0.0241514243590026,0.00364912777162559,0.0977999999999901));
#3226=CARTESIAN_POINT('',(-0.00604170086161589,0.00317644797242957,0.000769207062315923));
#3227=CARTESIAN_POINT('',(-0.00460454402098335,0.00452054922716536,0.00608045084418619));
#3228=CARTESIAN_POINT('',(-0.00274070449255134,0.00627881327254514,0.013138714211623));
#3229=CARTESIAN_POINT('',(-0.00217632416857069,0.00736942515852791,0.0215625260060285));
#3230=CARTESIAN_POINT('',(-0.00178649581289627,0.00779239407394744,0.0266685347358188));
#3231=CARTESIAN_POINT('',(-0.00137897766138036,0.00841105273438652,0.0317383598639886));
#3232=CARTESIAN_POINT('',(-0.00101077068395379,0.00858030534573534,0.0368334176693015));
#3233=CARTESIAN_POINT('',(-0.000476198068125378,0.00829475812808662,0.041919564546346));
#3234=CARTESIAN_POINT('',(0.000405433464901066,0.00813803472843274,0.0470047875683646));
#3235=CARTESIAN_POINT('',(0.00151154640227085,0.00767436406388202,0.0520794861511091));
#3236=CARTESIAN_POINT('',(0.0027517813397633,0.00727461680050529,0.0571710102012764));
#3237=CARTESIAN_POINT('',(0.00432332938482552,0.00691863020980352,0.0622530145044782));
#3238=CARTESIAN_POINT('',(0.00615304142034908,0.00655795051363626,0.0673349457013639));
#3239=CARTESIAN_POINT('',(0.00818244163171301,0.00600572068324776,0.0724201677227237));
#3240=CARTESIAN_POINT('',(0.0105287161121728,0.00559275753115629,0.077505558106014));
#3241=CARTESIAN_POINT('',(0.0131790925396825,0.00519341290395842,0.0825809737304187));
#3242=CARTESIAN_POINT('',(0.0159302332535749,0.00459564331593578,0.0878151117300014));
#3243=CARTESIAN_POINT('',(0.0202916963745191,0.00420086564173643,0.0926744502810828));
#3244=CARTESIAN_POINT('',(0.0228731814584081,0.00384613842100913,0.0960962163910024));
#3245=CARTESIAN_POINT('',(0.0241585679610172,0.00366951079512179,0.09779999999999));
#3246=CARTESIAN_POINT('',(-0.00603986163956964,0.00324868125955058,0.000769207062315895));
#3247=CARTESIAN_POINT('',(-0.0045900052346843,0.00460173742918313,0.00608045084418616));
#3248=CARTESIAN_POINT('',(-0.00270928685779241,0.00637206216524982,0.013138714211623));
#3249=CARTESIAN_POINT('',(-0.00212468878124918,0.00748284625318276,0.0215625260060285));
#3250=CARTESIAN_POINT('',(-0.00173413167765971,0.00791874628302362,0.0266685347358188));
#3251=CARTESIAN_POINT('',(-0.00128703676688174,0.00853205456524456,0.0317383598639887));
#3252=CARTESIAN_POINT('',(-0.000914082220265295,0.00870994611587855,0.0368334176693014));
#3253=CARTESIAN_POINT('',(-0.000384290580285731,0.00843377286579247,0.0419195645463461));
#3254=CARTESIAN_POINT('',(0.000518511619790053,0.00827453185445506,0.0470047875683646));
#3255=CARTESIAN_POINT('',(0.00162059995353217,0.00781496083166356,0.0520794861511091));
#3256=CARTESIAN_POINT('',(0.00286181836290353,0.00741586727394678,0.0571710102012764));
#3257=CARTESIAN_POINT('',(0.00442615552052703,0.00705932847834629,0.0622530145044782));
#3258=CARTESIAN_POINT('',(0.0062608175657499,0.00669315488350544,0.067334945701364));
#3259=CARTESIAN_POINT('',(0.00822750981275609,0.00614666540335751,0.0724201677227237));
#3260=CARTESIAN_POINT('',(0.010564796942235,0.00572351714819825,0.077505558106014));
#3261=CARTESIAN_POINT('',(0.013225309006811,0.00530892783237841,0.0825809737304188));
#3262=CARTESIAN_POINT('',(0.0159373694073503,0.00470184789744819,0.0878151117300014));
#3263=CARTESIAN_POINT('',(0.0203529854436447,0.00426452177049209,0.0926744502810828));
#3264=CARTESIAN_POINT('',(0.0229053079278349,0.00389784348234232,0.0960962163910025));
#3265=CARTESIAN_POINT('',(0.0241761736368636,0.00371526511869845,0.09779999999999));
#3266=CARTESIAN_POINT('',(0.0296208229438444,0.00333419510442542,0.0977999999999906));
#3267=CARTESIAN_POINT('',(0.0297212033389359,0.0032622907732422,0.0977999999999906));
#3268=CARTESIAN_POINT('',(0.0297469677778855,0.00311362142756518,0.0977999999999905));
#3269=CARTESIAN_POINT('',(0.0297229567955869,0.00301031092124869,0.0977999999999906));
#3270=CARTESIAN_POINT('',(0.0296621310046767,0.00296808913049804,0.0977999999999906));
#3271=CARTESIAN_POINT('',(0.029559231019667,0.00298232408599745,0.0977999999999906));
#3272=CARTESIAN_POINT('',(0.0295268256376241,0.00299071064820469,0.0977999999999906));
#3273=CARTESIAN_POINT('',(0.0294149803757402,0.00302078751909438,0.0977999999999906));
#3274=CARTESIAN_POINT('',(0.0293063376059657,0.00304724729352061,0.0977999999999905));
#3275=CARTESIAN_POINT('',(0.02915843026355,0.00305955432581821,0.0977999999999905));
#3276=CARTESIAN_POINT('',(0.0290653844707888,0.00305915829114873,0.0977999999999905));
#3277=CARTESIAN_POINT('',(0.0289590180287208,0.00305569959477372,0.0977999999999905));
#3278=CARTESIAN_POINT('',(0.0288409963648888,0.00305033722521064,0.0977999999999905));
#3279=CARTESIAN_POINT('',(0.0287412414830517,0.00304833159721189,0.0977999999999905));
#3280=CARTESIAN_POINT('',(0.0286450073202485,0.00304992132446345,0.0977999999999905));
#3281=CARTESIAN_POINT('',(0.028388355457137,0.0030598217257661,0.0977999999999905));
#3282=CARTESIAN_POINT('',(0.0281972070663884,0.00306823019755817,0.0977999999999905));
#3283=CARTESIAN_POINT('',(0.0279847543341003,0.00307187871857333,0.0977999999999904));
#3284=CARTESIAN_POINT('',(0.0278857693480054,0.00307199564611211,0.0977999999999904));
#3285=CARTESIAN_POINT('',(0.0276049895171676,0.00307133837746819,0.0977999999999904));
#3286=CARTESIAN_POINT('',(0.0274742145084053,0.00307074360029289,0.0977999999999904));
#3287=CARTESIAN_POINT('',(0.0272442187262744,0.00307017292839781,0.0977999999999904));
#3288=CARTESIAN_POINT('',(0.0268563219354977,0.00306989509491056,0.0977999999999903));
#3289=CARTESIAN_POINT('',(0.0264850503652914,0.00306878011201268,0.0977999999999903));
#3290=CARTESIAN_POINT('',(0.0259659569370192,0.00306195069380324,0.0977999999999903));
#3291=CARTESIAN_POINT('',(0.0254889743785788,0.00304976384905699,0.0977999999999903));
#3292=CARTESIAN_POINT('',(0.0251364434112921,0.00304537714636363,0.0977999999999902));
#3293=CARTESIAN_POINT('',(0.0249242036683642,0.00305482027389379,0.0977999999999902));
#3294=CARTESIAN_POINT('',(0.0246971864328786,0.00307776108281264,0.0977999999999902));
#3295=CARTESIAN_POINT('',(0.0245411285168658,0.00310310671696265,0.0977999999999901));
#3296=CARTESIAN_POINT('',(0.0243130159907217,0.00318206879303914,0.0977999999999901));
#3297=CARTESIAN_POINT('',(0.0241857282875682,0.00328336268245171,0.0977999999999901));
#3298=CARTESIAN_POINT('',(0.0241096943072588,0.00348076862532456,0.0977999999999901));
#3299=CARTESIAN_POINT('',(0.0241657953041909,0.00374110695747583,0.09779999999999));
#3300=CARTESIAN_POINT('',(0.0243570631769173,0.00400452525736713,0.09779999999999));
#3301=CARTESIAN_POINT('',(0.0247600112988156,0.00432068963831538,0.0977999999999899));
#3302=CARTESIAN_POINT('',(0.0253486750170285,0.00456949196157356,0.0977999999999899));
#3303=CARTESIAN_POINT('',(0.0260103112865218,0.00463289184692312,0.09779999999999));
#3304=CARTESIAN_POINT('',(0.0264815598021446,0.00459216748313608,0.09779999999999));
#3305=CARTESIAN_POINT('',(0.0268940859493063,0.00451555434784069,0.09779999999999));
#3306=CARTESIAN_POINT('',(0.0272560325671039,0.00442038673301296,0.0977999999999901));
#3307=CARTESIAN_POINT('',(0.0276516913401055,0.00429194347898004,0.0977999999999902));
#3308=CARTESIAN_POINT('',(0.0279237765455957,0.00418535482861205,0.0977999999999902));
#3309=CARTESIAN_POINT('',(0.0282680069270008,0.00403881669866422,0.0977999999999903));
#3310=CARTESIAN_POINT('',(0.0285637627607894,0.00390359813071394,0.0977999999999903));
#3311=CARTESIAN_POINT('',(0.0287088079093107,0.00383302199400885,0.0977999999999904));
#3312=CARTESIAN_POINT('',(0.0288787342924627,0.0037357527761111,0.0977999999999904));
#3313=CARTESIAN_POINT('',(0.0289440259444559,0.00369344297923668,0.0977999999999904));
#3314=CARTESIAN_POINT('',(0.0290786659561264,0.00360367664676588,0.0977999999999904));
#3315=CARTESIAN_POINT('',(0.0292427020444077,0.00349900740045344,0.0977999999999905));
#3316=CARTESIAN_POINT('',(0.0293523450253061,0.00343846877910782,0.0977999999999905));
#3317=CARTESIAN_POINT('',(0.0294751383532002,0.00338806962702921,0.0977999999999904));
#3318=CARTESIAN_POINT('',(0.0296208229438444,0.00333419510442542,0.0977999999999906));
#3319=CARTESIAN_POINT('',(0.0297212033389359,0.0032622907732422,0.0977999999999906));
#3320=CARTESIAN_POINT('',(0.0297469677778855,0.00311362142756518,0.0977999999999905));
#3321=CARTESIAN_POINT('',(0.0297227199999845,0.00321552000002595,0.0977999999999906));
#3322=CARTESIAN_POINT('',(0.0241649397844434,0.00368601429935591,0.09779999999999));
#3323=CARTESIAN_POINT('',(6.93889390390723E-18,0.00580000000001297,-1.40720768371239E-14));
#3324=CARTESIAN_POINT('',(6.93889390390723E-18,0.00580000000001297,-1.40720768371239E-14));
#3325=CARTESIAN_POINT('',(8.09666885931248E-16,0.0058000000000123,-0.00507500000001407));
#3326=CARTESIAN_POINT('',(6.93889390390723E-18,0.00580000000001297,-1.40720768371239E-14));
#3327=CARTESIAN_POINT('',(-0.00499999999998452,0.,-0.0978000000000159));
#3328=MECHANICAL_DESIGN_GEOMETRIC_PRESENTATION_REPRESENTATION('',(#142,
#120,#121,#122,#123,#124,#125,#126,#127,#128,#129),#3329);
#3329=(
GEOMETRIC_REPRESENTATION_CONTEXT(3)
GLOBAL_UNCERTAINTY_ASSIGNED_CONTEXT((#3330))
GLOBAL_UNIT_ASSIGNED_CONTEXT((#3333,#3332,#3331))
REPRESENTATION_CONTEXT('CW 8038 propeller','TOP_LEVEL_ASSEMBLY_PART')
);
#3330=UNCERTAINTY_MEASURE_WITH_UNIT(LENGTH_MEASURE(2.E-5),#3333,
'DISTANCE_ACCURACY_VALUE','Maximum Tolerance applied to model');
#3331=(
NAMED_UNIT(*)
SI_UNIT($,.STERADIAN.)
SOLID_ANGLE_UNIT()
);
#3332=(
NAMED_UNIT(*)
PLANE_ANGLE_UNIT()
SI_UNIT($,.RADIAN.)
);
#3333=(
LENGTH_UNIT()
NAMED_UNIT(*)
SI_UNIT($,.METRE.)
);
#3334=PRODUCT_DEFINITION_SHAPE('','',#3335);
#3335=PRODUCT_DEFINITION('','',#3337,#3336);
#3336=PRODUCT_DEFINITION_CONTEXT('',#3343,'design');
#3337=PRODUCT_DEFINITION_FORMATION_WITH_SPECIFIED_SOURCE('','',#3339,
 .NOT_KNOWN.);
#3338=PRODUCT_RELATED_PRODUCT_CATEGORY('','',(#3339));
#3339=PRODUCT('CW 8038 propeller','CW 8038 propeller',
'CW 8038 propeller',(#3341));
#3340=PRODUCT_CATEGORY('','');
#3341=PRODUCT_CONTEXT('',#3343,'mechanical');
#3342=APPLICATION_PROTOCOL_DEFINITION('international standard',
'automotive_design',2010,#3343);
#3343=APPLICATION_CONTEXT(
'core data for automotive mechanical design processes');
ENDSEC;
END-ISO-10303-21;
