ISO-10303-21;
HEADER;
/* Generated by software containing ST-Developer
 * from STEP Tools, Inc. (www.steptools.com) 
 */
/* OPTION: using custom renumber hook */

FILE_DESCRIPTION(
/* description */ ('STEP AP214',
'CAx-IF Rec.Pracs.---User Defined Attributes---1.5---2016-08-15'),
/* implementation_level */ '2;1');

FILE_NAME(
/* name */ '6a386d19ee269b265a355626',
/* time_stamp */ '2026-06-21T23:00:41Z',
/* author */ (''),
/* organization */ (''),
/* preprocessor_version */ 'ST-DEVELOPER v20',
/* originating_system */ 'ONSHAPE BY PTC INC, 1.216',
/* authorisation */ '  ');

FILE_SCHEMA (('AUTOMOTIVE_DESIGN {1 0 10303 214 3 1 1}'));
ENDSEC;

DATA;
#10=PROPERTY_DEFINITION_REPRESENTATION(#14,#12);
#11=PROPERTY_DEFINITION_REPRESENTATION(#15,#13);
#12=REPRESENTATION('',(#16),#2402);
#13=REPRESENTATION('',(#17),#2402);
#14=PROPERTY_DEFINITION('pmi validation property','',#2407);
#15=PROPERTY_DEFINITION('pmi validation property','',#2407);
#16=VALUE_REPRESENTATION_ITEM('number of annotations',COUNT_MEASURE(0.));
#17=VALUE_REPRESENTATION_ITEM('number of views',COUNT_MEASURE(0.));
#18=SHAPE_REPRESENTATION_RELATIONSHIP('','',#1432,#19);
#19=ADVANCED_BREP_SHAPE_REPRESENTATION('',(#1430),#2402);
#20=TOROIDAL_SURFACE('',#1512,0.012,0.003);
#21=TOROIDAL_SURFACE('',#1517,0.007,0.003);
#22=B_SPLINE_CURVE_WITH_KNOTS('',3,(#2016,#2017,#2018,#2019,#2020),
 .UNSPECIFIED.,.F.,.F.,(4,1,4),(0.,0.00344945599661196,0.00689891199322391),
 .UNSPECIFIED.);
#23=B_SPLINE_CURVE_WITH_KNOTS('',3,(#2052,#2053,#2054,#2055,#2056),
 .UNSPECIFIED.,.F.,.F.,(4,1,4),(0.,0.00345435646014832,0.00690871292029663),
 .UNSPECIFIED.);
#24=LINE('',#2001,#141);
#25=LINE('',#2004,#142);
#26=LINE('',#2006,#143);
#27=LINE('',#2010,#144);
#28=LINE('',#2012,#145);
#29=LINE('',#2014,#146);
#30=LINE('',#2025,#147);
#31=LINE('',#2027,#148);
#32=LINE('',#2029,#149);
#33=LINE('',#2031,#150);
#34=LINE('',#2033,#151);
#35=LINE('',#2037,#152);
#36=LINE('',#2040,#153);
#37=LINE('',#2042,#154);
#38=LINE('',#2046,#155);
#39=LINE('',#2048,#156);
#40=LINE('',#2058,#157);
#41=LINE('',#2061,#158);
#42=LINE('',#2063,#159);
#43=LINE('',#2065,#160);
#44=LINE('',#2069,#161);
#45=LINE('',#2077,#162);
#46=LINE('',#2079,#163);
#47=LINE('',#2081,#164);
#48=LINE('',#2083,#165);
#49=LINE('',#2085,#166);
#50=LINE('',#2087,#167);
#51=LINE('',#2089,#168);
#52=LINE('',#2091,#169);
#53=LINE('',#2093,#170);
#54=LINE('',#2095,#171);
#55=LINE('',#2097,#172);
#56=LINE('',#2099,#173);
#57=LINE('',#2101,#174);
#58=LINE('',#2103,#175);
#59=LINE('',#2105,#176);
#60=LINE('',#2115,#177);
#61=LINE('',#2118,#178);
#62=LINE('',#2120,#179);
#63=LINE('',#2122,#180);
#64=LINE('',#2124,#181);
#65=LINE('',#2126,#182);
#66=LINE('',#2127,#183);
#67=LINE('',#2130,#184);
#68=LINE('',#2132,#185);
#69=LINE('',#2134,#186);
#70=LINE('',#2136,#187);
#71=LINE('',#2138,#188);
#72=LINE('',#2150,#189);
#73=LINE('',#2162,#190);
#74=LINE('',#2174,#191);
#75=LINE('',#2177,#192);
#76=LINE('',#2181,#193);
#77=LINE('',#2193,#194);
#78=LINE('',#2202,#195);
#79=LINE('',#2206,#196);
#80=LINE('',#2231,#197);
#81=LINE('',#2232,#198);
#82=LINE('',#2235,#199);
#83=LINE('',#2240,#200);
#84=LINE('',#2242,#201);
#85=LINE('',#2268,#202);
#86=LINE('',#2270,#203);
#87=LINE('',#2272,#204);
#88=LINE('',#2274,#205);
#89=LINE('',#2276,#206);
#90=LINE('',#2277,#207);
#91=LINE('',#2279,#208);
#92=LINE('',#2281,#209);
#93=LINE('',#2283,#210);
#94=LINE('',#2285,#211);
#95=LINE('',#2287,#212);
#96=LINE('',#2289,#213);
#97=LINE('',#2291,#214);
#98=LINE('',#2293,#215);
#99=LINE('',#2299,#216);
#100=LINE('',#2301,#217);
#101=LINE('',#2303,#218);
#102=LINE('',#2305,#219);
#103=LINE('',#2307,#220);
#104=LINE('',#2308,#221);
#105=LINE('',#2310,#222);
#106=LINE('',#2312,#223);
#107=LINE('',#2314,#224);
#108=LINE('',#2316,#225);
#109=LINE('',#2318,#226);
#110=LINE('',#2320,#227);
#111=LINE('',#2322,#228);
#112=LINE('',#2324,#229);
#113=LINE('',#2330,#230);
#114=LINE('',#2332,#231);
#115=LINE('',#2334,#232);
#116=LINE('',#2336,#233);
#117=LINE('',#2338,#234);
#118=LINE('',#2340,#235);
#119=LINE('',#2342,#236);
#120=LINE('',#2344,#237);
#121=LINE('',#2346,#238);
#122=LINE('',#2348,#239);
#123=LINE('',#2350,#240);
#124=LINE('',#2352,#241);
#125=LINE('',#2357,#242);
#126=LINE('',#2359,#243);
#127=LINE('',#2361,#244);
#128=LINE('',#2363,#245);
#129=LINE('',#2365,#246);
#130=LINE('',#2367,#247);
#131=LINE('',#2369,#248);
#132=LINE('',#2371,#249);
#133=LINE('',#2373,#250);
#134=LINE('',#2375,#251);
#135=LINE('',#2377,#252);
#136=LINE('',#2379,#253);
#137=LINE('',#2388,#254);
#138=LINE('',#2389,#255);
#139=LINE('',#2391,#256);
#140=LINE('',#2392,#257);
#141=VECTOR('',#1591,1.);
#142=VECTOR('',#1592,1.);
#143=VECTOR('',#1593,1.);
#144=VECTOR('',#1596,1.);
#145=VECTOR('',#1597,1.);
#146=VECTOR('',#1598,1.);
#147=VECTOR('',#1603,1.);
#148=VECTOR('',#1606,1.);
#149=VECTOR('',#1607,1.);
#150=VECTOR('',#1608,1.);
#151=VECTOR('',#1609,1.);
#152=VECTOR('',#1614,1.);
#153=VECTOR('',#1615,1.);
#154=VECTOR('',#1616,1.);
#155=VECTOR('',#1619,1.);
#156=VECTOR('',#1620,1.);
#157=VECTOR('',#1627,1.);
#158=VECTOR('',#1628,1.);
#159=VECTOR('',#1629,1.);
#160=VECTOR('',#1630,1.);
#161=VECTOR('',#1635,1.);
#162=VECTOR('',#1644,1.);
#163=VECTOR('',#1645,1.);
#164=VECTOR('',#1646,1.);
#165=VECTOR('',#1647,1.);
#166=VECTOR('',#1648,1.);
#167=VECTOR('',#1649,1.);
#168=VECTOR('',#1650,1.);
#169=VECTOR('',#1651,1.);
#170=VECTOR('',#1652,1.);
#171=VECTOR('',#1653,1.);
#172=VECTOR('',#1654,1.);
#173=VECTOR('',#1655,1.);
#174=VECTOR('',#1656,1.);
#175=VECTOR('',#1657,1.);
#176=VECTOR('',#1658,1.);
#177=VECTOR('',#1669,1.);
#178=VECTOR('',#1670,1.);
#179=VECTOR('',#1671,1.);
#180=VECTOR('',#1672,1.);
#181=VECTOR('',#1673,1.);
#182=VECTOR('',#1674,1.);
#183=VECTOR('',#1675,1.);
#184=VECTOR('',#1676,1.);
#185=VECTOR('',#1677,1.);
#186=VECTOR('',#1678,1.);
#187=VECTOR('',#1679,1.);
#188=VECTOR('',#1680,1.);
#189=VECTOR('',#1693,1.);
#190=VECTOR('',#1704,1.);
#191=VECTOR('',#1717,1.);
#192=VECTOR('',#1722,1.);
#193=VECTOR('',#1725,1.);
#194=VECTOR('',#1738,1.);
#195=VECTOR('',#1749,1.);
#196=VECTOR('',#1752,1.);
#197=VECTOR('',#1789,1.);
#198=VECTOR('',#1790,1.);
#199=VECTOR('',#1795,1.);
#200=VECTOR('',#1804,1.);
#201=VECTOR('',#1807,1.);
#202=VECTOR('',#1846,1.);
#203=VECTOR('',#1847,1.);
#204=VECTOR('',#1848,1.);
#205=VECTOR('',#1849,1.);
#206=VECTOR('',#1852,1.);
#207=VECTOR('',#1853,1.);
#208=VECTOR('',#1854,1.);
#209=VECTOR('',#1857,1.);
#210=VECTOR('',#1858,1.);
#211=VECTOR('',#1861,1.);
#212=VECTOR('',#1862,1.);
#213=VECTOR('',#1865,1.);
#214=VECTOR('',#1866,1.);
#215=VECTOR('',#1869,1.);
#216=VECTOR('',#1878,1.);
#217=VECTOR('',#1879,1.);
#218=VECTOR('',#1880,1.);
#219=VECTOR('',#1881,1.);
#220=VECTOR('',#1884,1.);
#221=VECTOR('',#1885,1.);
#222=VECTOR('',#1886,1.);
#223=VECTOR('',#1889,1.);
#224=VECTOR('',#1890,1.);
#225=VECTOR('',#1893,1.);
#226=VECTOR('',#1894,1.);
#227=VECTOR('',#1897,1.);
#228=VECTOR('',#1898,1.);
#229=VECTOR('',#1901,1.);
#230=VECTOR('',#1910,1.);
#231=VECTOR('',#1911,1.);
#232=VECTOR('',#1912,1.);
#233=VECTOR('',#1915,1.);
#234=VECTOR('',#1916,1.);
#235=VECTOR('',#1919,1.);
#236=VECTOR('',#1920,1.);
#237=VECTOR('',#1923,1.);
#238=VECTOR('',#1924,1.);
#239=VECTOR('',#1927,1.);
#240=VECTOR('',#1928,1.);
#241=VECTOR('',#1931,1.);
#242=VECTOR('',#1938,1.);
#243=VECTOR('',#1939,1.);
#244=VECTOR('',#1940,1.);
#245=VECTOR('',#1943,1.);
#246=VECTOR('',#1944,1.);
#247=VECTOR('',#1947,1.);
#248=VECTOR('',#1948,1.);
#249=VECTOR('',#1951,1.);
#250=VECTOR('',#1952,1.);
#251=VECTOR('',#1955,1.);
#252=VECTOR('',#1956,1.);
#253=VECTOR('',#1959,1.);
#254=VECTOR('',#1974,1.);
#255=VECTOR('',#1975,1.);
#256=VECTOR('',#1978,1.);
#257=VECTOR('',#1979,1.);
#258=PLANE('',#1437);
#259=PLANE('',#1441);
#260=PLANE('',#1443);
#261=PLANE('',#1447);
#262=PLANE('',#1449);
#263=PLANE('',#1459);
#264=PLANE('',#1474);
#265=PLANE('',#1477);
#266=PLANE('',#1484);
#267=PLANE('',#1487);
#268=PLANE('',#1497);
#269=PLANE('',#1520);
#270=PLANE('',#1524);
#271=PLANE('',#1527);
#272=PLANE('',#1531);
#273=PLANE('',#1534);
#274=PLANE('',#1535);
#275=PLANE('',#1536);
#276=PLANE('',#1537);
#277=PLANE('',#1538);
#278=PLANE('',#1539);
#279=PLANE('',#1540);
#280=PLANE('',#1542);
#281=PLANE('',#1543);
#282=PLANE('',#1544);
#283=PLANE('',#1545);
#284=PLANE('',#1546);
#285=PLANE('',#1547);
#286=PLANE('',#1548);
#287=PLANE('',#1549);
#288=PLANE('',#1551);
#289=PLANE('',#1552);
#290=PLANE('',#1553);
#291=PLANE('',#1554);
#292=PLANE('',#1555);
#293=PLANE('',#1556);
#294=PLANE('',#1557);
#295=PLANE('',#1558);
#296=PLANE('',#1560);
#297=PLANE('',#1561);
#298=PLANE('',#1562);
#299=PLANE('',#1563);
#300=PLANE('',#1564);
#301=PLANE('',#1565);
#302=PLANE('',#1566);
#303=PLANE('',#1580);
#304=ORIENTED_EDGE('',*,*,#676,.T.);
#305=ORIENTED_EDGE('',*,*,#677,.F.);
#306=ORIENTED_EDGE('',*,*,#678,.F.);
#307=ORIENTED_EDGE('',*,*,#679,.T.);
#308=ORIENTED_EDGE('',*,*,#680,.F.);
#309=ORIENTED_EDGE('',*,*,#681,.T.);
#310=ORIENTED_EDGE('',*,*,#682,.F.);
#311=ORIENTED_EDGE('',*,*,#683,.T.);
#312=ORIENTED_EDGE('',*,*,#684,.T.);
#313=ORIENTED_EDGE('',*,*,#685,.T.);
#314=ORIENTED_EDGE('',*,*,#686,.T.);
#315=ORIENTED_EDGE('',*,*,#687,.F.);
#316=ORIENTED_EDGE('',*,*,#688,.T.);
#317=ORIENTED_EDGE('',*,*,#689,.T.);
#318=ORIENTED_EDGE('',*,*,#690,.F.);
#319=ORIENTED_EDGE('',*,*,#691,.T.);
#320=ORIENTED_EDGE('',*,*,#692,.T.);
#321=ORIENTED_EDGE('',*,*,#687,.T.);
#322=ORIENTED_EDGE('',*,*,#693,.T.);
#323=ORIENTED_EDGE('',*,*,#694,.T.);
#324=ORIENTED_EDGE('',*,*,#695,.F.);
#325=ORIENTED_EDGE('',*,*,#696,.T.);
#326=ORIENTED_EDGE('',*,*,#697,.F.);
#327=ORIENTED_EDGE('',*,*,#698,.T.);
#328=ORIENTED_EDGE('',*,*,#695,.T.);
#329=ORIENTED_EDGE('',*,*,#699,.T.);
#330=ORIENTED_EDGE('',*,*,#700,.T.);
#331=ORIENTED_EDGE('',*,*,#701,.F.);
#332=ORIENTED_EDGE('',*,*,#702,.T.);
#333=ORIENTED_EDGE('',*,*,#703,.F.);
#334=ORIENTED_EDGE('',*,*,#704,.T.);
#335=ORIENTED_EDGE('',*,*,#705,.T.);
#336=ORIENTED_EDGE('',*,*,#706,.T.);
#337=ORIENTED_EDGE('',*,*,#680,.T.);
#338=ORIENTED_EDGE('',*,*,#707,.T.);
#339=ORIENTED_EDGE('',*,*,#708,.F.);
#340=ORIENTED_EDGE('',*,*,#709,.T.);
#341=ORIENTED_EDGE('',*,*,#710,.F.);
#342=ORIENTED_EDGE('',*,*,#688,.F.);
#343=ORIENTED_EDGE('',*,*,#686,.F.);
#344=ORIENTED_EDGE('',*,*,#711,.T.);
#345=ORIENTED_EDGE('',*,*,#712,.F.);
#346=ORIENTED_EDGE('',*,*,#713,.F.);
#347=ORIENTED_EDGE('',*,*,#714,.F.);
#348=ORIENTED_EDGE('',*,*,#715,.F.);
#349=ORIENTED_EDGE('',*,*,#716,.F.);
#350=ORIENTED_EDGE('',*,*,#717,.F.);
#351=ORIENTED_EDGE('',*,*,#718,.T.);
#352=ORIENTED_EDGE('',*,*,#719,.F.);
#353=ORIENTED_EDGE('',*,*,#720,.F.);
#354=ORIENTED_EDGE('',*,*,#721,.F.);
#355=ORIENTED_EDGE('',*,*,#722,.F.);
#356=ORIENTED_EDGE('',*,*,#723,.F.);
#357=ORIENTED_EDGE('',*,*,#724,.F.);
#358=ORIENTED_EDGE('',*,*,#725,.T.);
#359=ORIENTED_EDGE('',*,*,#699,.F.);
#360=ORIENTED_EDGE('',*,*,#694,.F.);
#361=ORIENTED_EDGE('',*,*,#726,.F.);
#362=ORIENTED_EDGE('',*,*,#727,.T.);
#363=ORIENTED_EDGE('',*,*,#728,.F.);
#364=ORIENTED_EDGE('',*,*,#729,.T.);
#365=ORIENTED_EDGE('',*,*,#730,.F.);
#366=ORIENTED_EDGE('',*,*,#701,.T.);
#367=ORIENTED_EDGE('',*,*,#731,.F.);
#368=ORIENTED_EDGE('',*,*,#732,.F.);
#369=ORIENTED_EDGE('',*,*,#733,.F.);
#370=ORIENTED_EDGE('',*,*,#734,.F.);
#371=ORIENTED_EDGE('',*,*,#735,.F.);
#372=ORIENTED_EDGE('',*,*,#736,.F.);
#373=ORIENTED_EDGE('',*,*,#737,.F.);
#374=ORIENTED_EDGE('',*,*,#738,.F.);
#375=ORIENTED_EDGE('',*,*,#739,.F.);
#376=ORIENTED_EDGE('',*,*,#740,.F.);
#377=ORIENTED_EDGE('',*,*,#741,.F.);
#378=ORIENTED_EDGE('',*,*,#742,.F.);
#379=ORIENTED_EDGE('',*,*,#743,.T.);
#380=ORIENTED_EDGE('',*,*,#744,.T.);
#381=ORIENTED_EDGE('',*,*,#745,.T.);
#382=ORIENTED_EDGE('',*,*,#746,.T.);
#383=ORIENTED_EDGE('',*,*,#678,.T.);
#384=ORIENTED_EDGE('',*,*,#747,.T.);
#385=ORIENTED_EDGE('',*,*,#748,.F.);
#386=ORIENTED_EDGE('',*,*,#749,.T.);
#387=ORIENTED_EDGE('',*,*,#750,.T.);
#388=ORIENTED_EDGE('',*,*,#751,.T.);
#389=ORIENTED_EDGE('',*,*,#752,.T.);
#390=ORIENTED_EDGE('',*,*,#753,.T.);
#391=ORIENTED_EDGE('',*,*,#754,.F.);
#392=ORIENTED_EDGE('',*,*,#755,.F.);
#393=ORIENTED_EDGE('',*,*,#756,.F.);
#394=ORIENTED_EDGE('',*,*,#757,.F.);
#395=ORIENTED_EDGE('',*,*,#758,.F.);
#396=ORIENTED_EDGE('',*,*,#759,.F.);
#397=ORIENTED_EDGE('',*,*,#697,.T.);
#398=ORIENTED_EDGE('',*,*,#760,.T.);
#399=ORIENTED_EDGE('',*,*,#691,.F.);
#400=ORIENTED_EDGE('',*,*,#761,.F.);
#401=ORIENTED_EDGE('',*,*,#754,.T.);
#402=ORIENTED_EDGE('',*,*,#762,.T.);
#403=ORIENTED_EDGE('',*,*,#763,.T.);
#404=ORIENTED_EDGE('',*,*,#764,.T.);
#405=ORIENTED_EDGE('',*,*,#765,.F.);
#406=ORIENTED_EDGE('',*,*,#766,.F.);
#407=ORIENTED_EDGE('',*,*,#767,.F.);
#408=ORIENTED_EDGE('',*,*,#768,.F.);
#409=ORIENTED_EDGE('',*,*,#769,.F.);
#410=ORIENTED_EDGE('',*,*,#682,.T.);
#411=ORIENTED_EDGE('',*,*,#770,.T.);
#412=ORIENTED_EDGE('',*,*,#704,.F.);
#413=ORIENTED_EDGE('',*,*,#771,.T.);
#414=ORIENTED_EDGE('',*,*,#772,.F.);
#415=ORIENTED_EDGE('',*,*,#773,.F.);
#416=ORIENTED_EDGE('',*,*,#774,.F.);
#417=ORIENTED_EDGE('',*,*,#676,.F.);
#418=ORIENTED_EDGE('',*,*,#748,.T.);
#419=ORIENTED_EDGE('',*,*,#775,.T.);
#420=ORIENTED_EDGE('',*,*,#776,.T.);
#421=ORIENTED_EDGE('',*,*,#777,.T.);
#422=ORIENTED_EDGE('',*,*,#690,.T.);
#423=ORIENTED_EDGE('',*,*,#778,.T.);
#424=ORIENTED_EDGE('',*,*,#698,.F.);
#425=ORIENTED_EDGE('',*,*,#761,.T.);
#426=ORIENTED_EDGE('',*,*,#703,.T.);
#427=ORIENTED_EDGE('',*,*,#779,.T.);
#428=ORIENTED_EDGE('',*,*,#683,.F.);
#429=ORIENTED_EDGE('',*,*,#771,.F.);
#430=ORIENTED_EDGE('',*,*,#780,.F.);
#431=ORIENTED_EDGE('',*,*,#759,.T.);
#432=ORIENTED_EDGE('',*,*,#781,.F.);
#433=ORIENTED_EDGE('',*,*,#782,.F.);
#434=ORIENTED_EDGE('',*,*,#783,.F.);
#435=ORIENTED_EDGE('',*,*,#784,.F.);
#436=ORIENTED_EDGE('',*,*,#785,.F.);
#437=ORIENTED_EDGE('',*,*,#780,.T.);
#438=ORIENTED_EDGE('',*,*,#769,.T.);
#439=ORIENTED_EDGE('',*,*,#785,.T.);
#440=ORIENTED_EDGE('',*,*,#768,.T.);
#441=ORIENTED_EDGE('',*,*,#784,.T.);
#442=ORIENTED_EDGE('',*,*,#767,.T.);
#443=ORIENTED_EDGE('',*,*,#783,.T.);
#444=ORIENTED_EDGE('',*,*,#766,.T.);
#445=ORIENTED_EDGE('',*,*,#782,.T.);
#446=ORIENTED_EDGE('',*,*,#765,.T.);
#447=ORIENTED_EDGE('',*,*,#781,.T.);
#448=ORIENTED_EDGE('',*,*,#692,.F.);
#449=ORIENTED_EDGE('',*,*,#760,.F.);
#450=ORIENTED_EDGE('',*,*,#696,.F.);
#451=ORIENTED_EDGE('',*,*,#700,.F.);
#452=ORIENTED_EDGE('',*,*,#725,.F.);
#453=ORIENTED_EDGE('',*,*,#786,.F.);
#454=ORIENTED_EDGE('',*,*,#718,.F.);
#455=ORIENTED_EDGE('',*,*,#787,.F.);
#456=ORIENTED_EDGE('',*,*,#711,.F.);
#457=ORIENTED_EDGE('',*,*,#685,.F.);
#458=ORIENTED_EDGE('',*,*,#681,.F.);
#459=ORIENTED_EDGE('',*,*,#706,.F.);
#460=ORIENTED_EDGE('',*,*,#705,.F.);
#461=ORIENTED_EDGE('',*,*,#770,.F.);
#462=ORIENTED_EDGE('',*,*,#710,.T.);
#463=ORIENTED_EDGE('',*,*,#788,.T.);
#464=ORIENTED_EDGE('',*,*,#743,.F.);
#465=ORIENTED_EDGE('',*,*,#764,.F.);
#466=ORIENTED_EDGE('',*,*,#789,.F.);
#467=ORIENTED_EDGE('',*,*,#689,.F.);
#468=ORIENTED_EDGE('',*,*,#789,.T.);
#469=ORIENTED_EDGE('',*,*,#763,.F.);
#470=ORIENTED_EDGE('',*,*,#790,.F.);
#471=ORIENTED_EDGE('',*,*,#778,.F.);
#472=ORIENTED_EDGE('',*,*,#753,.F.);
#473=ORIENTED_EDGE('',*,*,#791,.T.);
#474=ORIENTED_EDGE('',*,*,#726,.T.);
#475=ORIENTED_EDGE('',*,*,#693,.F.);
#476=ORIENTED_EDGE('',*,*,#790,.T.);
#477=ORIENTED_EDGE('',*,*,#762,.F.);
#478=ORIENTED_EDGE('',*,*,#702,.F.);
#479=ORIENTED_EDGE('',*,*,#730,.T.);
#480=ORIENTED_EDGE('',*,*,#792,.T.);
#481=ORIENTED_EDGE('',*,*,#749,.F.);
#482=ORIENTED_EDGE('',*,*,#777,.F.);
#483=ORIENTED_EDGE('',*,*,#793,.F.);
#484=ORIENTED_EDGE('',*,*,#793,.T.);
#485=ORIENTED_EDGE('',*,*,#776,.F.);
#486=ORIENTED_EDGE('',*,*,#794,.F.);
#487=ORIENTED_EDGE('',*,*,#779,.F.);
#488=ORIENTED_EDGE('',*,*,#794,.T.);
#489=ORIENTED_EDGE('',*,*,#775,.F.);
#490=ORIENTED_EDGE('',*,*,#747,.F.);
#491=ORIENTED_EDGE('',*,*,#684,.F.);
#492=ORIENTED_EDGE('',*,*,#795,.T.);
#493=ORIENTED_EDGE('',*,*,#795,.F.);
#494=ORIENTED_EDGE('',*,*,#796,.T.);
#495=ORIENTED_EDGE('',*,*,#796,.F.);
#496=ORIENTED_EDGE('',*,*,#797,.T.);
#497=ORIENTED_EDGE('',*,*,#797,.F.);
#498=ORIENTED_EDGE('',*,*,#774,.T.);
#499=ORIENTED_EDGE('',*,*,#798,.T.);
#500=ORIENTED_EDGE('',*,*,#798,.F.);
#501=ORIENTED_EDGE('',*,*,#799,.T.);
#502=ORIENTED_EDGE('',*,*,#799,.F.);
#503=ORIENTED_EDGE('',*,*,#800,.T.);
#504=ORIENTED_EDGE('',*,*,#800,.F.);
#505=ORIENTED_EDGE('',*,*,#773,.T.);
#506=ORIENTED_EDGE('',*,*,#801,.T.);
#507=ORIENTED_EDGE('',*,*,#717,.T.);
#508=ORIENTED_EDGE('',*,*,#802,.F.);
#509=ORIENTED_EDGE('',*,*,#803,.F.);
#510=ORIENTED_EDGE('',*,*,#804,.T.);
#511=ORIENTED_EDGE('',*,*,#712,.T.);
#512=ORIENTED_EDGE('',*,*,#805,.T.);
#513=ORIENTED_EDGE('',*,*,#804,.F.);
#514=ORIENTED_EDGE('',*,*,#806,.F.);
#515=ORIENTED_EDGE('',*,*,#807,.T.);
#516=ORIENTED_EDGE('',*,*,#713,.T.);
#517=ORIENTED_EDGE('',*,*,#807,.F.);
#518=ORIENTED_EDGE('',*,*,#808,.F.);
#519=ORIENTED_EDGE('',*,*,#809,.T.);
#520=ORIENTED_EDGE('',*,*,#714,.T.);
#521=ORIENTED_EDGE('',*,*,#809,.F.);
#522=ORIENTED_EDGE('',*,*,#810,.F.);
#523=ORIENTED_EDGE('',*,*,#811,.T.);
#524=ORIENTED_EDGE('',*,*,#715,.T.);
#525=ORIENTED_EDGE('',*,*,#811,.F.);
#526=ORIENTED_EDGE('',*,*,#812,.F.);
#527=ORIENTED_EDGE('',*,*,#813,.T.);
#528=ORIENTED_EDGE('',*,*,#716,.T.);
#529=ORIENTED_EDGE('',*,*,#813,.F.);
#530=ORIENTED_EDGE('',*,*,#814,.F.);
#531=ORIENTED_EDGE('',*,*,#802,.T.);
#532=ORIENTED_EDGE('',*,*,#815,.F.);
#533=ORIENTED_EDGE('',*,*,#803,.T.);
#534=ORIENTED_EDGE('',*,*,#814,.T.);
#535=ORIENTED_EDGE('',*,*,#812,.T.);
#536=ORIENTED_EDGE('',*,*,#810,.T.);
#537=ORIENTED_EDGE('',*,*,#808,.T.);
#538=ORIENTED_EDGE('',*,*,#806,.T.);
#539=ORIENTED_EDGE('',*,*,#787,.T.);
#540=ORIENTED_EDGE('',*,*,#801,.F.);
#541=ORIENTED_EDGE('',*,*,#805,.F.);
#542=ORIENTED_EDGE('',*,*,#816,.T.);
#543=ORIENTED_EDGE('',*,*,#724,.T.);
#544=ORIENTED_EDGE('',*,*,#817,.F.);
#545=ORIENTED_EDGE('',*,*,#818,.F.);
#546=ORIENTED_EDGE('',*,*,#819,.T.);
#547=ORIENTED_EDGE('',*,*,#719,.T.);
#548=ORIENTED_EDGE('',*,*,#820,.T.);
#549=ORIENTED_EDGE('',*,*,#819,.F.);
#550=ORIENTED_EDGE('',*,*,#821,.F.);
#551=ORIENTED_EDGE('',*,*,#822,.T.);
#552=ORIENTED_EDGE('',*,*,#720,.T.);
#553=ORIENTED_EDGE('',*,*,#822,.F.);
#554=ORIENTED_EDGE('',*,*,#823,.F.);
#555=ORIENTED_EDGE('',*,*,#824,.T.);
#556=ORIENTED_EDGE('',*,*,#721,.T.);
#557=ORIENTED_EDGE('',*,*,#824,.F.);
#558=ORIENTED_EDGE('',*,*,#825,.F.);
#559=ORIENTED_EDGE('',*,*,#826,.T.);
#560=ORIENTED_EDGE('',*,*,#722,.T.);
#561=ORIENTED_EDGE('',*,*,#826,.F.);
#562=ORIENTED_EDGE('',*,*,#827,.F.);
#563=ORIENTED_EDGE('',*,*,#828,.T.);
#564=ORIENTED_EDGE('',*,*,#723,.T.);
#565=ORIENTED_EDGE('',*,*,#828,.F.);
#566=ORIENTED_EDGE('',*,*,#829,.F.);
#567=ORIENTED_EDGE('',*,*,#817,.T.);
#568=ORIENTED_EDGE('',*,*,#830,.F.);
#569=ORIENTED_EDGE('',*,*,#818,.T.);
#570=ORIENTED_EDGE('',*,*,#829,.T.);
#571=ORIENTED_EDGE('',*,*,#827,.T.);
#572=ORIENTED_EDGE('',*,*,#825,.T.);
#573=ORIENTED_EDGE('',*,*,#823,.T.);
#574=ORIENTED_EDGE('',*,*,#821,.T.);
#575=ORIENTED_EDGE('',*,*,#786,.T.);
#576=ORIENTED_EDGE('',*,*,#816,.F.);
#577=ORIENTED_EDGE('',*,*,#820,.F.);
#578=ORIENTED_EDGE('',*,*,#737,.T.);
#579=ORIENTED_EDGE('',*,*,#831,.F.);
#580=ORIENTED_EDGE('',*,*,#832,.F.);
#581=ORIENTED_EDGE('',*,*,#833,.T.);
#582=ORIENTED_EDGE('',*,*,#738,.T.);
#583=ORIENTED_EDGE('',*,*,#833,.F.);
#584=ORIENTED_EDGE('',*,*,#834,.F.);
#585=ORIENTED_EDGE('',*,*,#835,.T.);
#586=ORIENTED_EDGE('',*,*,#739,.T.);
#587=ORIENTED_EDGE('',*,*,#835,.F.);
#588=ORIENTED_EDGE('',*,*,#836,.F.);
#589=ORIENTED_EDGE('',*,*,#837,.T.);
#590=ORIENTED_EDGE('',*,*,#740,.T.);
#591=ORIENTED_EDGE('',*,*,#837,.F.);
#592=ORIENTED_EDGE('',*,*,#838,.F.);
#593=ORIENTED_EDGE('',*,*,#839,.T.);
#594=ORIENTED_EDGE('',*,*,#741,.T.);
#595=ORIENTED_EDGE('',*,*,#839,.F.);
#596=ORIENTED_EDGE('',*,*,#840,.F.);
#597=ORIENTED_EDGE('',*,*,#841,.T.);
#598=ORIENTED_EDGE('',*,*,#742,.T.);
#599=ORIENTED_EDGE('',*,*,#841,.F.);
#600=ORIENTED_EDGE('',*,*,#842,.F.);
#601=ORIENTED_EDGE('',*,*,#831,.T.);
#602=ORIENTED_EDGE('',*,*,#843,.F.);
#603=ORIENTED_EDGE('',*,*,#832,.T.);
#604=ORIENTED_EDGE('',*,*,#842,.T.);
#605=ORIENTED_EDGE('',*,*,#840,.T.);
#606=ORIENTED_EDGE('',*,*,#838,.T.);
#607=ORIENTED_EDGE('',*,*,#836,.T.);
#608=ORIENTED_EDGE('',*,*,#834,.T.);
#609=ORIENTED_EDGE('',*,*,#731,.T.);
#610=ORIENTED_EDGE('',*,*,#844,.F.);
#611=ORIENTED_EDGE('',*,*,#845,.F.);
#612=ORIENTED_EDGE('',*,*,#846,.T.);
#613=ORIENTED_EDGE('',*,*,#732,.T.);
#614=ORIENTED_EDGE('',*,*,#846,.F.);
#615=ORIENTED_EDGE('',*,*,#847,.F.);
#616=ORIENTED_EDGE('',*,*,#848,.T.);
#617=ORIENTED_EDGE('',*,*,#733,.T.);
#618=ORIENTED_EDGE('',*,*,#848,.F.);
#619=ORIENTED_EDGE('',*,*,#849,.F.);
#620=ORIENTED_EDGE('',*,*,#850,.T.);
#621=ORIENTED_EDGE('',*,*,#734,.T.);
#622=ORIENTED_EDGE('',*,*,#850,.F.);
#623=ORIENTED_EDGE('',*,*,#851,.F.);
#624=ORIENTED_EDGE('',*,*,#852,.T.);
#625=ORIENTED_EDGE('',*,*,#735,.T.);
#626=ORIENTED_EDGE('',*,*,#852,.F.);
#627=ORIENTED_EDGE('',*,*,#853,.F.);
#628=ORIENTED_EDGE('',*,*,#854,.T.);
#629=ORIENTED_EDGE('',*,*,#736,.T.);
#630=ORIENTED_EDGE('',*,*,#854,.F.);
#631=ORIENTED_EDGE('',*,*,#855,.F.);
#632=ORIENTED_EDGE('',*,*,#844,.T.);
#633=ORIENTED_EDGE('',*,*,#856,.F.);
#634=ORIENTED_EDGE('',*,*,#845,.T.);
#635=ORIENTED_EDGE('',*,*,#855,.T.);
#636=ORIENTED_EDGE('',*,*,#853,.T.);
#637=ORIENTED_EDGE('',*,*,#851,.T.);
#638=ORIENTED_EDGE('',*,*,#849,.T.);
#639=ORIENTED_EDGE('',*,*,#847,.T.);
#640=ORIENTED_EDGE('',*,*,#856,.T.);
#641=ORIENTED_EDGE('',*,*,#758,.T.);
#642=ORIENTED_EDGE('',*,*,#843,.T.);
#643=ORIENTED_EDGE('',*,*,#757,.T.);
#644=ORIENTED_EDGE('',*,*,#830,.T.);
#645=ORIENTED_EDGE('',*,*,#755,.T.);
#646=ORIENTED_EDGE('',*,*,#815,.T.);
#647=ORIENTED_EDGE('',*,*,#756,.T.);
#648=ORIENTED_EDGE('',*,*,#728,.T.);
#649=ORIENTED_EDGE('',*,*,#857,.T.);
#650=ORIENTED_EDGE('',*,*,#751,.F.);
#651=ORIENTED_EDGE('',*,*,#858,.T.);
#652=ORIENTED_EDGE('',*,*,#745,.F.);
#653=ORIENTED_EDGE('',*,*,#859,.T.);
#654=ORIENTED_EDGE('',*,*,#708,.T.);
#655=ORIENTED_EDGE('',*,*,#860,.T.);
#656=ORIENTED_EDGE('',*,*,#752,.F.);
#657=ORIENTED_EDGE('',*,*,#857,.F.);
#658=ORIENTED_EDGE('',*,*,#727,.F.);
#659=ORIENTED_EDGE('',*,*,#791,.F.);
#660=ORIENTED_EDGE('',*,*,#709,.F.);
#661=ORIENTED_EDGE('',*,*,#859,.F.);
#662=ORIENTED_EDGE('',*,*,#744,.F.);
#663=ORIENTED_EDGE('',*,*,#788,.F.);
#664=ORIENTED_EDGE('',*,*,#707,.F.);
#665=ORIENTED_EDGE('',*,*,#679,.F.);
#666=ORIENTED_EDGE('',*,*,#746,.F.);
#667=ORIENTED_EDGE('',*,*,#860,.F.);
#668=ORIENTED_EDGE('',*,*,#750,.F.);
#669=ORIENTED_EDGE('',*,*,#792,.F.);
#670=ORIENTED_EDGE('',*,*,#729,.F.);
#671=ORIENTED_EDGE('',*,*,#858,.F.);
#672=ORIENTED_EDGE('',*,*,#861,.T.);
#673=ORIENTED_EDGE('',*,*,#772,.T.);
#674=ORIENTED_EDGE('',*,*,#677,.T.);
#675=ORIENTED_EDGE('',*,*,#861,.F.);
#676=EDGE_CURVE('',#862,#862,#994,.T.);
#677=EDGE_CURVE('',#863,#863,#995,.F.);
#678=EDGE_CURVE('',#864,#865,#24,.T.);
#679=EDGE_CURVE('',#864,#866,#25,.T.);
#680=EDGE_CURVE('',#867,#866,#26,.T.);
#681=EDGE_CURVE('',#867,#868,#996,.F.);
#682=EDGE_CURVE('',#869,#868,#27,.T.);
#683=EDGE_CURVE('',#869,#870,#28,.T.);
#684=EDGE_CURVE('',#870,#865,#29,.T.);
#685=EDGE_CURVE('',#871,#872,#22,.T.);
#686=EDGE_CURVE('',#872,#873,#997,.T.);
#687=EDGE_CURVE('',#871,#873,#30,.T.);
#688=EDGE_CURVE('',#873,#874,#31,.T.);
#689=EDGE_CURVE('',#874,#875,#32,.F.);
#690=EDGE_CURVE('',#876,#875,#33,.T.);
#691=EDGE_CURVE('',#876,#877,#34,.T.);
#692=EDGE_CURVE('',#877,#871,#998,.T.);
#693=EDGE_CURVE('',#878,#879,#35,.T.);
#694=EDGE_CURVE('',#879,#880,#36,.T.);
#695=EDGE_CURVE('',#881,#880,#37,.T.);
#696=EDGE_CURVE('',#881,#882,#999,.T.);
#697=EDGE_CURVE('',#883,#882,#38,.T.);
#698=EDGE_CURVE('',#883,#878,#39,.T.);
#699=EDGE_CURVE('',#880,#884,#1000,.T.);
#700=EDGE_CURVE('',#884,#881,#23,.T.);
#701=EDGE_CURVE('',#885,#886,#40,.T.);
#702=EDGE_CURVE('',#885,#887,#41,.F.);
#703=EDGE_CURVE('',#888,#887,#42,.T.);
#704=EDGE_CURVE('',#888,#889,#43,.T.);
#705=EDGE_CURVE('',#889,#886,#1001,.F.);
#706=EDGE_CURVE('',#886,#867,#44,.F.);
#707=EDGE_CURVE('',#866,#890,#1002,.F.);
#708=EDGE_CURVE('',#891,#890,#1003,.F.);
#709=EDGE_CURVE('',#891,#892,#1004,.F.);
#710=EDGE_CURVE('',#874,#892,#1005,.T.);
#711=EDGE_CURVE('',#872,#893,#45,.T.);
#712=EDGE_CURVE('',#894,#893,#46,.T.);
#713=EDGE_CURVE('',#895,#894,#47,.T.);
#714=EDGE_CURVE('',#896,#895,#48,.T.);
#715=EDGE_CURVE('',#897,#896,#49,.T.);
#716=EDGE_CURVE('',#898,#897,#50,.T.);
#717=EDGE_CURVE('',#899,#898,#51,.T.);
#718=EDGE_CURVE('',#899,#900,#52,.T.);
#719=EDGE_CURVE('',#901,#900,#53,.T.);
#720=EDGE_CURVE('',#902,#901,#54,.T.);
#721=EDGE_CURVE('',#903,#902,#55,.T.);
#722=EDGE_CURVE('',#904,#903,#56,.T.);
#723=EDGE_CURVE('',#905,#904,#57,.T.);
#724=EDGE_CURVE('',#906,#905,#58,.T.);
#725=EDGE_CURVE('',#906,#884,#59,.T.);
#726=EDGE_CURVE('',#907,#879,#1006,.T.);
#727=EDGE_CURVE('',#907,#908,#1007,.F.);
#728=EDGE_CURVE('',#909,#908,#1008,.F.);
#729=EDGE_CURVE('',#909,#910,#1009,.F.);
#730=EDGE_CURVE('',#885,#910,#1010,.T.);
#731=EDGE_CURVE('',#911,#912,#60,.T.);
#732=EDGE_CURVE('',#913,#911,#61,.T.);
#733=EDGE_CURVE('',#914,#913,#62,.T.);
#734=EDGE_CURVE('',#915,#914,#63,.T.);
#735=EDGE_CURVE('',#916,#915,#64,.T.);
#736=EDGE_CURVE('',#912,#916,#65,.T.);
#737=EDGE_CURVE('',#917,#918,#66,.T.);
#738=EDGE_CURVE('',#919,#917,#67,.T.);
#739=EDGE_CURVE('',#920,#919,#68,.T.);
#740=EDGE_CURVE('',#921,#920,#69,.T.);
#741=EDGE_CURVE('',#922,#921,#70,.T.);
#742=EDGE_CURVE('',#918,#922,#71,.T.);
#743=EDGE_CURVE('',#923,#924,#1011,.F.);
#744=EDGE_CURVE('',#924,#925,#1012,.T.);
#745=EDGE_CURVE('',#925,#926,#1013,.T.);
#746=EDGE_CURVE('',#926,#864,#1014,.T.);
#747=EDGE_CURVE('',#865,#927,#1015,.F.);
#748=EDGE_CURVE('',#928,#927,#72,.T.);
#749=EDGE_CURVE('',#928,#929,#1016,.F.);
#750=EDGE_CURVE('',#929,#930,#1017,.T.);
#751=EDGE_CURVE('',#930,#931,#1018,.T.);
#752=EDGE_CURVE('',#931,#932,#1019,.T.);
#753=EDGE_CURVE('',#932,#933,#1020,.F.);
#754=EDGE_CURVE('',#923,#933,#73,.T.);
#755=EDGE_CURVE('',#934,#934,#1021,.T.);
#756=EDGE_CURVE('',#935,#935,#1022,.T.);
#757=EDGE_CURVE('',#936,#936,#1023,.T.);
#758=EDGE_CURVE('',#937,#937,#1024,.T.);
#759=EDGE_CURVE('',#938,#938,#1025,.T.);
#760=EDGE_CURVE('',#882,#877,#74,.F.);
#761=EDGE_CURVE('',#883,#876,#1026,.F.);
#762=EDGE_CURVE('',#933,#939,#75,.F.);
#763=EDGE_CURVE('',#939,#940,#1027,.F.);
#764=EDGE_CURVE('',#940,#923,#76,.T.);
#765=EDGE_CURVE('',#941,#941,#1028,.F.);
#766=EDGE_CURVE('',#942,#942,#1029,.F.);
#767=EDGE_CURVE('',#943,#943,#1030,.F.);
#768=EDGE_CURVE('',#944,#944,#1031,.F.);
#769=EDGE_CURVE('',#945,#945,#1032,.F.);
#770=EDGE_CURVE('',#868,#889,#77,.T.);
#771=EDGE_CURVE('',#888,#869,#1033,.F.);
#772=EDGE_CURVE('',#946,#946,#1034,.T.);
#773=EDGE_CURVE('',#947,#947,#1035,.T.);
#774=EDGE_CURVE('',#948,#948,#1036,.T.);
#775=EDGE_CURVE('',#927,#949,#78,.F.);
#776=EDGE_CURVE('',#949,#950,#1037,.F.);
#777=EDGE_CURVE('',#950,#928,#79,.T.);
#778=EDGE_CURVE('',#875,#878,#1038,.T.);
#779=EDGE_CURVE('',#887,#870,#1039,.T.);
#780=EDGE_CURVE('',#951,#951,#1040,.T.);
#781=EDGE_CURVE('',#952,#952,#1041,.T.);
#782=EDGE_CURVE('',#953,#953,#1042,.T.);
#783=EDGE_CURVE('',#954,#954,#1043,.T.);
#784=EDGE_CURVE('',#955,#955,#1044,.T.);
#785=EDGE_CURVE('',#956,#956,#1045,.T.);
#786=EDGE_CURVE('',#900,#906,#80,.T.);
#787=EDGE_CURVE('',#893,#899,#81,.T.);
#788=EDGE_CURVE('',#892,#924,#82,.T.);
#789=EDGE_CURVE('',#875,#940,#1046,.T.);
#790=EDGE_CURVE('',#878,#939,#1047,.T.);
#791=EDGE_CURVE('',#932,#907,#83,.F.);
#792=EDGE_CURVE('',#910,#929,#84,.F.);
#793=EDGE_CURVE('',#887,#950,#1048,.T.);
#794=EDGE_CURVE('',#870,#949,#1049,.T.);
#795=EDGE_CURVE('',#957,#957,#1050,.T.);
#796=EDGE_CURVE('',#958,#958,#1051,.T.);
#797=EDGE_CURVE('',#959,#959,#1052,.T.);
#798=EDGE_CURVE('',#960,#960,#1053,.T.);
#799=EDGE_CURVE('',#961,#961,#1054,.T.);
#800=EDGE_CURVE('',#962,#962,#1055,.T.);
#801=EDGE_CURVE('',#963,#899,#85,.T.);
#802=EDGE_CURVE('',#964,#898,#86,.T.);
#803=EDGE_CURVE('',#965,#964,#87,.T.);
#804=EDGE_CURVE('',#965,#963,#88,.T.);
#805=EDGE_CURVE('',#893,#963,#89,.T.);
#806=EDGE_CURVE('',#966,#965,#90,.T.);
#807=EDGE_CURVE('',#966,#894,#91,.T.);
#808=EDGE_CURVE('',#967,#966,#92,.T.);
#809=EDGE_CURVE('',#967,#895,#93,.T.);
#810=EDGE_CURVE('',#968,#967,#94,.T.);
#811=EDGE_CURVE('',#968,#896,#95,.T.);
#812=EDGE_CURVE('',#969,#968,#96,.T.);
#813=EDGE_CURVE('',#969,#897,#97,.T.);
#814=EDGE_CURVE('',#964,#969,#98,.T.);
#815=EDGE_CURVE('',#970,#970,#1056,.T.);
#816=EDGE_CURVE('',#971,#906,#99,.T.);
#817=EDGE_CURVE('',#972,#905,#100,.T.);
#818=EDGE_CURVE('',#973,#972,#101,.T.);
#819=EDGE_CURVE('',#973,#971,#102,.T.);
#820=EDGE_CURVE('',#900,#971,#103,.T.);
#821=EDGE_CURVE('',#974,#973,#104,.T.);
#822=EDGE_CURVE('',#974,#901,#105,.T.);
#823=EDGE_CURVE('',#975,#974,#106,.T.);
#824=EDGE_CURVE('',#975,#902,#107,.T.);
#825=EDGE_CURVE('',#976,#975,#108,.T.);
#826=EDGE_CURVE('',#976,#903,#109,.T.);
#827=EDGE_CURVE('',#977,#976,#110,.T.);
#828=EDGE_CURVE('',#977,#904,#111,.T.);
#829=EDGE_CURVE('',#972,#977,#112,.T.);
#830=EDGE_CURVE('',#978,#978,#1057,.T.);
#831=EDGE_CURVE('',#979,#918,#113,.T.);
#832=EDGE_CURVE('',#980,#979,#114,.T.);
#833=EDGE_CURVE('',#980,#917,#115,.T.);
#834=EDGE_CURVE('',#981,#980,#116,.T.);
#835=EDGE_CURVE('',#981,#919,#117,.T.);
#836=EDGE_CURVE('',#982,#981,#118,.T.);
#837=EDGE_CURVE('',#982,#920,#119,.T.);
#838=EDGE_CURVE('',#983,#982,#120,.T.);
#839=EDGE_CURVE('',#983,#921,#121,.T.);
#840=EDGE_CURVE('',#984,#983,#122,.T.);
#841=EDGE_CURVE('',#984,#922,#123,.T.);
#842=EDGE_CURVE('',#979,#984,#124,.T.);
#843=EDGE_CURVE('',#985,#985,#1058,.T.);
#844=EDGE_CURVE('',#986,#912,#125,.T.);
#845=EDGE_CURVE('',#987,#986,#126,.T.);
#846=EDGE_CURVE('',#987,#911,#127,.T.);
#847=EDGE_CURVE('',#988,#987,#128,.T.);
#848=EDGE_CURVE('',#988,#913,#129,.T.);
#849=EDGE_CURVE('',#989,#988,#130,.T.);
#850=EDGE_CURVE('',#989,#914,#131,.T.);
#851=EDGE_CURVE('',#990,#989,#132,.T.);
#852=EDGE_CURVE('',#990,#915,#133,.T.);
#853=EDGE_CURVE('',#991,#990,#134,.T.);
#854=EDGE_CURVE('',#991,#916,#135,.T.);
#855=EDGE_CURVE('',#986,#991,#136,.T.);
#856=EDGE_CURVE('',#992,#992,#1059,.T.);
#857=EDGE_CURVE('',#908,#931,#137,.T.);
#858=EDGE_CURVE('',#930,#909,#138,.F.);
#859=EDGE_CURVE('',#925,#891,#139,.F.);
#860=EDGE_CURVE('',#890,#926,#140,.T.);
#861=EDGE_CURVE('',#993,#993,#1060,.F.);
#862=VERTEX_POINT('',#1997);
#863=VERTEX_POINT('',#1999);
#864=VERTEX_POINT('',#2002);
#865=VERTEX_POINT('',#2003);
#866=VERTEX_POINT('',#2005);
#867=VERTEX_POINT('',#2007);
#868=VERTEX_POINT('',#2009);
#869=VERTEX_POINT('',#2011);
#870=VERTEX_POINT('',#2013);
#871=VERTEX_POINT('',#2021);
#872=VERTEX_POINT('',#2022);
#873=VERTEX_POINT('',#2024);
#874=VERTEX_POINT('',#2028);
#875=VERTEX_POINT('',#2030);
#876=VERTEX_POINT('',#2032);
#877=VERTEX_POINT('',#2034);
#878=VERTEX_POINT('',#2038);
#879=VERTEX_POINT('',#2039);
#880=VERTEX_POINT('',#2041);
#881=VERTEX_POINT('',#2043);
#882=VERTEX_POINT('',#2045);
#883=VERTEX_POINT('',#2047);
#884=VERTEX_POINT('',#2051);
#885=VERTEX_POINT('',#2059);
#886=VERTEX_POINT('',#2060);
#887=VERTEX_POINT('',#2062);
#888=VERTEX_POINT('',#2064);
#889=VERTEX_POINT('',#2066);
#890=VERTEX_POINT('',#2071);
#891=VERTEX_POINT('',#2073);
#892=VERTEX_POINT('',#2075);
#893=VERTEX_POINT('',#2078);
#894=VERTEX_POINT('',#2080);
#895=VERTEX_POINT('',#2082);
#896=VERTEX_POINT('',#2084);
#897=VERTEX_POINT('',#2086);
#898=VERTEX_POINT('',#2088);
#899=VERTEX_POINT('',#2090);
#900=VERTEX_POINT('',#2092);
#901=VERTEX_POINT('',#2094);
#902=VERTEX_POINT('',#2096);
#903=VERTEX_POINT('',#2098);
#904=VERTEX_POINT('',#2100);
#905=VERTEX_POINT('',#2102);
#906=VERTEX_POINT('',#2104);
#907=VERTEX_POINT('',#2107);
#908=VERTEX_POINT('',#2109);
#909=VERTEX_POINT('',#2111);
#910=VERTEX_POINT('',#2113);
#911=VERTEX_POINT('',#2116);
#912=VERTEX_POINT('',#2117);
#913=VERTEX_POINT('',#2119);
#914=VERTEX_POINT('',#2121);
#915=VERTEX_POINT('',#2123);
#916=VERTEX_POINT('',#2125);
#917=VERTEX_POINT('',#2128);
#918=VERTEX_POINT('',#2129);
#919=VERTEX_POINT('',#2131);
#920=VERTEX_POINT('',#2133);
#921=VERTEX_POINT('',#2135);
#922=VERTEX_POINT('',#2137);
#923=VERTEX_POINT('',#2141);
#924=VERTEX_POINT('',#2142);
#925=VERTEX_POINT('',#2144);
#926=VERTEX_POINT('',#2146);
#927=VERTEX_POINT('',#2149);
#928=VERTEX_POINT('',#2151);
#929=VERTEX_POINT('',#2153);
#930=VERTEX_POINT('',#2155);
#931=VERTEX_POINT('',#2157);
#932=VERTEX_POINT('',#2159);
#933=VERTEX_POINT('',#2161);
#934=VERTEX_POINT('',#2164);
#935=VERTEX_POINT('',#2166);
#936=VERTEX_POINT('',#2168);
#937=VERTEX_POINT('',#2170);
#938=VERTEX_POINT('',#2173);
#939=VERTEX_POINT('',#2178);
#940=VERTEX_POINT('',#2180);
#941=VERTEX_POINT('',#2183);
#942=VERTEX_POINT('',#2185);
#943=VERTEX_POINT('',#2187);
#944=VERTEX_POINT('',#2189);
#945=VERTEX_POINT('',#2191);
#946=VERTEX_POINT('',#2196);
#947=VERTEX_POINT('',#2199);
#948=VERTEX_POINT('',#2201);
#949=VERTEX_POINT('',#2203);
#950=VERTEX_POINT('',#2205);
#951=VERTEX_POINT('',#2213);
#952=VERTEX_POINT('',#2216);
#953=VERTEX_POINT('',#2218);
#954=VERTEX_POINT('',#2220);
#955=VERTEX_POINT('',#2222);
#956=VERTEX_POINT('',#2224);
#957=VERTEX_POINT('',#2249);
#958=VERTEX_POINT('',#2252);
#959=VERTEX_POINT('',#2255);
#960=VERTEX_POINT('',#2259);
#961=VERTEX_POINT('',#2262);
#962=VERTEX_POINT('',#2265);
#963=VERTEX_POINT('',#2269);
#964=VERTEX_POINT('',#2271);
#965=VERTEX_POINT('',#2273);
#966=VERTEX_POINT('',#2278);
#967=VERTEX_POINT('',#2282);
#968=VERTEX_POINT('',#2286);
#969=VERTEX_POINT('',#2290);
#970=VERTEX_POINT('',#2296);
#971=VERTEX_POINT('',#2300);
#972=VERTEX_POINT('',#2302);
#973=VERTEX_POINT('',#2304);
#974=VERTEX_POINT('',#2309);
#975=VERTEX_POINT('',#2313);
#976=VERTEX_POINT('',#2317);
#977=VERTEX_POINT('',#2321);
#978=VERTEX_POINT('',#2327);
#979=VERTEX_POINT('',#2331);
#980=VERTEX_POINT('',#2333);
#981=VERTEX_POINT('',#2337);
#982=VERTEX_POINT('',#2341);
#983=VERTEX_POINT('',#2345);
#984=VERTEX_POINT('',#2349);
#985=VERTEX_POINT('',#2355);
#986=VERTEX_POINT('',#2358);
#987=VERTEX_POINT('',#2360);
#988=VERTEX_POINT('',#2364);
#989=VERTEX_POINT('',#2368);
#990=VERTEX_POINT('',#2372);
#991=VERTEX_POINT('',#2376);
#992=VERTEX_POINT('',#2382);
#993=VERTEX_POINT('',#2399);
#994=CIRCLE('',#1435,0.0051);
#995=CIRCLE('',#1436,0.0051);
#996=CIRCLE('',#1438,0.005);
#997=CIRCLE('',#1440,0.025);
#998=CIRCLE('',#1442,0.005);
#999=CIRCLE('',#1444,0.005);
#1000=CIRCLE('',#1446,0.025);
#1001=CIRCLE('',#1448,0.005);
#1002=CIRCLE('',#1450,0.01);
#1003=CIRCLE('',#1451,0.028);
#1004=CIRCLE('',#1452,0.01);
#1005=CIRCLE('',#1453,0.003);
#1006=CIRCLE('',#1454,0.003);
#1007=CIRCLE('',#1455,0.01);
#1008=CIRCLE('',#1456,0.028);
#1009=CIRCLE('',#1457,0.01);
#1010=CIRCLE('',#1458,0.003);
#1011=CIRCLE('',#1460,0.003);
#1012=CIRCLE('',#1461,0.01);
#1013=CIRCLE('',#1462,0.028);
#1014=CIRCLE('',#1463,0.01);
#1015=CIRCLE('',#1464,0.003);
#1016=CIRCLE('',#1465,0.003);
#1017=CIRCLE('',#1466,0.01);
#1018=CIRCLE('',#1467,0.028);
#1019=CIRCLE('',#1468,0.01);
#1020=CIRCLE('',#1469,0.003);
#1021=CIRCLE('',#1470,0.002);
#1022=CIRCLE('',#1471,0.002);
#1023=CIRCLE('',#1472,0.002);
#1024=CIRCLE('',#1473,0.002);
#1025=CIRCLE('',#1475,0.01025);
#1026=CIRCLE('',#1476,0.015);
#1027=CIRCLE('',#1478,0.012);
#1028=CIRCLE('',#1479,0.003);
#1029=CIRCLE('',#1480,0.00165);
#1030=CIRCLE('',#1481,0.00165);
#1031=CIRCLE('',#1482,0.00165);
#1032=CIRCLE('',#1483,0.00165);
#1033=CIRCLE('',#1485,0.01);
#1034=CIRCLE('',#1486,0.0035);
#1035=CIRCLE('',#1488,0.00265);
#1036=CIRCLE('',#1489,0.00265);
#1037=CIRCLE('',#1490,0.007);
#1038=CIRCLE('',#1492,0.015);
#1039=CIRCLE('',#1494,0.01);
#1040=CIRCLE('',#1496,0.01025);
#1041=CIRCLE('',#1498,0.003);
#1042=CIRCLE('',#1499,0.00165);
#1043=CIRCLE('',#1500,0.00165);
#1044=CIRCLE('',#1501,0.00165);
#1045=CIRCLE('',#1502,0.00165);
#1046=CIRCLE('',#1511,0.003);
#1047=CIRCLE('',#1513,0.003);
#1048=CIRCLE('',#1516,0.003);
#1049=CIRCLE('',#1518,0.003);
#1050=CIRCLE('',#1521,0.002);
#1051=CIRCLE('',#1523,0.002);
#1052=CIRCLE('',#1525,0.00265);
#1053=CIRCLE('',#1528,0.002);
#1054=CIRCLE('',#1530,0.002);
#1055=CIRCLE('',#1532,0.00265);
#1056=CIRCLE('',#1541,0.002);
#1057=CIRCLE('',#1550,0.002);
#1058=CIRCLE('',#1559,0.002);
#1059=CIRCLE('',#1567,0.002);
#1060=CIRCLE('',#1579,0.0035);
#1061=EDGE_LOOP('',(#304));
#1062=EDGE_LOOP('',(#305));
#1063=EDGE_LOOP('',(#306,#307,#308,#309,#310,#311,#312));
#1064=EDGE_LOOP('',(#313,#314,#315));
#1065=EDGE_LOOP('',(#316,#317,#318,#319,#320,#321));
#1066=EDGE_LOOP('',(#322,#323,#324,#325,#326,#327));
#1067=EDGE_LOOP('',(#328,#329,#330));
#1068=EDGE_LOOP('',(#331,#332,#333,#334,#335));
#1069=EDGE_LOOP('',(#336,#337,#338,#339,#340,#341,#342,#343,#344,#345,#346,
#347,#348,#349,#350,#351,#352,#353,#354,#355,#356,#357,#358,#359,#360,#361,
#362,#363,#364,#365,#366));
#1070=EDGE_LOOP('',(#367,#368,#369,#370,#371,#372));
#1071=EDGE_LOOP('',(#373,#374,#375,#376,#377,#378));
#1072=EDGE_LOOP('',(#379,#380,#381,#382,#383,#384,#385,#386,#387,#388,#389,
#390,#391));
#1073=EDGE_LOOP('',(#392));
#1074=EDGE_LOOP('',(#393));
#1075=EDGE_LOOP('',(#394));
#1076=EDGE_LOOP('',(#395));
#1077=EDGE_LOOP('',(#396));
#1078=EDGE_LOOP('',(#397,#398,#399,#400));
#1079=EDGE_LOOP('',(#401,#402,#403,#404));
#1080=EDGE_LOOP('',(#405));
#1081=EDGE_LOOP('',(#406));
#1082=EDGE_LOOP('',(#407));
#1083=EDGE_LOOP('',(#408));
#1084=EDGE_LOOP('',(#409));
#1085=EDGE_LOOP('',(#410,#411,#412,#413));
#1086=EDGE_LOOP('',(#414));
#1087=EDGE_LOOP('',(#415));
#1088=EDGE_LOOP('',(#416));
#1089=EDGE_LOOP('',(#417));
#1090=EDGE_LOOP('',(#418,#419,#420,#421));
#1091=EDGE_LOOP('',(#422,#423,#424,#425));
#1092=EDGE_LOOP('',(#426,#427,#428,#429));
#1093=EDGE_LOOP('',(#430));
#1094=EDGE_LOOP('',(#431));
#1095=EDGE_LOOP('',(#432));
#1096=EDGE_LOOP('',(#433));
#1097=EDGE_LOOP('',(#434));
#1098=EDGE_LOOP('',(#435));
#1099=EDGE_LOOP('',(#436));
#1100=EDGE_LOOP('',(#437));
#1101=EDGE_LOOP('',(#438));
#1102=EDGE_LOOP('',(#439));
#1103=EDGE_LOOP('',(#440));
#1104=EDGE_LOOP('',(#441));
#1105=EDGE_LOOP('',(#442));
#1106=EDGE_LOOP('',(#443));
#1107=EDGE_LOOP('',(#444));
#1108=EDGE_LOOP('',(#445));
#1109=EDGE_LOOP('',(#446));
#1110=EDGE_LOOP('',(#447));
#1111=EDGE_LOOP('',(#448,#449,#450,#451,#452,#453,#454,#455,#456,#457));
#1112=EDGE_LOOP('',(#458,#459,#460,#461));
#1113=EDGE_LOOP('',(#462,#463,#464,#465,#466,#467));
#1114=EDGE_LOOP('',(#468,#469,#470,#471));
#1115=EDGE_LOOP('',(#472,#473,#474,#475,#476,#477));
#1116=EDGE_LOOP('',(#478,#479,#480,#481,#482,#483));
#1117=EDGE_LOOP('',(#484,#485,#486,#487));
#1118=EDGE_LOOP('',(#488,#489,#490,#491));
#1119=EDGE_LOOP('',(#492));
#1120=EDGE_LOOP('',(#493));
#1121=EDGE_LOOP('',(#494));
#1122=EDGE_LOOP('',(#495));
#1123=EDGE_LOOP('',(#496));
#1124=EDGE_LOOP('',(#497));
#1125=EDGE_LOOP('',(#498));
#1126=EDGE_LOOP('',(#499));
#1127=EDGE_LOOP('',(#500));
#1128=EDGE_LOOP('',(#501));
#1129=EDGE_LOOP('',(#502));
#1130=EDGE_LOOP('',(#503));
#1131=EDGE_LOOP('',(#504));
#1132=EDGE_LOOP('',(#505));
#1133=EDGE_LOOP('',(#506,#507,#508,#509,#510));
#1134=EDGE_LOOP('',(#511,#512,#513,#514,#515));
#1135=EDGE_LOOP('',(#516,#517,#518,#519));
#1136=EDGE_LOOP('',(#520,#521,#522,#523));
#1137=EDGE_LOOP('',(#524,#525,#526,#527));
#1138=EDGE_LOOP('',(#528,#529,#530,#531));
#1139=EDGE_LOOP('',(#532));
#1140=EDGE_LOOP('',(#533,#534,#535,#536,#537,#538));
#1141=EDGE_LOOP('',(#539,#540,#541));
#1142=EDGE_LOOP('',(#542,#543,#544,#545,#546));
#1143=EDGE_LOOP('',(#547,#548,#549,#550,#551));
#1144=EDGE_LOOP('',(#552,#553,#554,#555));
#1145=EDGE_LOOP('',(#556,#557,#558,#559));
#1146=EDGE_LOOP('',(#560,#561,#562,#563));
#1147=EDGE_LOOP('',(#564,#565,#566,#567));
#1148=EDGE_LOOP('',(#568));
#1149=EDGE_LOOP('',(#569,#570,#571,#572,#573,#574));
#1150=EDGE_LOOP('',(#575,#576,#577));
#1151=EDGE_LOOP('',(#578,#579,#580,#581));
#1152=EDGE_LOOP('',(#582,#583,#584,#585));
#1153=EDGE_LOOP('',(#586,#587,#588,#589));
#1154=EDGE_LOOP('',(#590,#591,#592,#593));
#1155=EDGE_LOOP('',(#594,#595,#596,#597));
#1156=EDGE_LOOP('',(#598,#599,#600,#601));
#1157=EDGE_LOOP('',(#602));
#1158=EDGE_LOOP('',(#603,#604,#605,#606,#607,#608));
#1159=EDGE_LOOP('',(#609,#610,#611,#612));
#1160=EDGE_LOOP('',(#613,#614,#615,#616));
#1161=EDGE_LOOP('',(#617,#618,#619,#620));
#1162=EDGE_LOOP('',(#621,#622,#623,#624));
#1163=EDGE_LOOP('',(#625,#626,#627,#628));
#1164=EDGE_LOOP('',(#629,#630,#631,#632));
#1165=EDGE_LOOP('',(#633));
#1166=EDGE_LOOP('',(#634,#635,#636,#637,#638,#639));
#1167=EDGE_LOOP('',(#640));
#1168=EDGE_LOOP('',(#641));
#1169=EDGE_LOOP('',(#642));
#1170=EDGE_LOOP('',(#643));
#1171=EDGE_LOOP('',(#644));
#1172=EDGE_LOOP('',(#645));
#1173=EDGE_LOOP('',(#646));
#1174=EDGE_LOOP('',(#647));
#1175=EDGE_LOOP('',(#648,#649,#650,#651));
#1176=EDGE_LOOP('',(#652,#653,#654,#655));
#1177=EDGE_LOOP('',(#656,#657,#658,#659));
#1178=EDGE_LOOP('',(#660,#661,#662,#663));
#1179=EDGE_LOOP('',(#664,#665,#666,#667));
#1180=EDGE_LOOP('',(#668,#669,#670,#671));
#1181=EDGE_LOOP('',(#672));
#1182=EDGE_LOOP('',(#673));
#1183=EDGE_LOOP('',(#674));
#1184=EDGE_LOOP('',(#675));
#1185=FACE_BOUND('',#1061,.T.);
#1186=FACE_BOUND('',#1062,.T.);
#1187=FACE_BOUND('',#1063,.T.);
#1188=FACE_BOUND('',#1064,.T.);
#1189=FACE_BOUND('',#1065,.T.);
#1190=FACE_BOUND('',#1066,.T.);
#1191=FACE_BOUND('',#1067,.T.);
#1192=FACE_BOUND('',#1068,.T.);
#1193=FACE_BOUND('',#1069,.T.);
#1194=FACE_BOUND('',#1070,.T.);
#1195=FACE_BOUND('',#1071,.T.);
#1196=FACE_BOUND('',#1072,.T.);
#1197=FACE_BOUND('',#1073,.T.);
#1198=FACE_BOUND('',#1074,.T.);
#1199=FACE_BOUND('',#1075,.T.);
#1200=FACE_BOUND('',#1076,.T.);
#1201=FACE_BOUND('',#1077,.T.);
#1202=FACE_BOUND('',#1078,.T.);
#1203=FACE_BOUND('',#1079,.T.);
#1204=FACE_BOUND('',#1080,.T.);
#1205=FACE_BOUND('',#1081,.T.);
#1206=FACE_BOUND('',#1082,.T.);
#1207=FACE_BOUND('',#1083,.T.);
#1208=FACE_BOUND('',#1084,.T.);
#1209=FACE_BOUND('',#1085,.T.);
#1210=FACE_BOUND('',#1086,.T.);
#1211=FACE_BOUND('',#1087,.T.);
#1212=FACE_BOUND('',#1088,.T.);
#1213=FACE_BOUND('',#1089,.T.);
#1214=FACE_BOUND('',#1090,.T.);
#1215=FACE_BOUND('',#1091,.T.);
#1216=FACE_BOUND('',#1092,.T.);
#1217=FACE_BOUND('',#1093,.T.);
#1218=FACE_BOUND('',#1094,.T.);
#1219=FACE_BOUND('',#1095,.T.);
#1220=FACE_BOUND('',#1096,.T.);
#1221=FACE_BOUND('',#1097,.T.);
#1222=FACE_BOUND('',#1098,.T.);
#1223=FACE_BOUND('',#1099,.T.);
#1224=FACE_BOUND('',#1100,.T.);
#1225=FACE_BOUND('',#1101,.T.);
#1226=FACE_BOUND('',#1102,.T.);
#1227=FACE_BOUND('',#1103,.T.);
#1228=FACE_BOUND('',#1104,.T.);
#1229=FACE_BOUND('',#1105,.T.);
#1230=FACE_BOUND('',#1106,.T.);
#1231=FACE_BOUND('',#1107,.T.);
#1232=FACE_BOUND('',#1108,.T.);
#1233=FACE_BOUND('',#1109,.T.);
#1234=FACE_BOUND('',#1110,.T.);
#1235=FACE_BOUND('',#1111,.T.);
#1236=FACE_BOUND('',#1112,.T.);
#1237=FACE_BOUND('',#1113,.T.);
#1238=FACE_BOUND('',#1114,.T.);
#1239=FACE_BOUND('',#1115,.T.);
#1240=FACE_BOUND('',#1116,.T.);
#1241=FACE_BOUND('',#1117,.T.);
#1242=FACE_BOUND('',#1118,.T.);
#1243=FACE_BOUND('',#1119,.T.);
#1244=FACE_BOUND('',#1120,.T.);
#1245=FACE_BOUND('',#1121,.T.);
#1246=FACE_BOUND('',#1122,.T.);
#1247=FACE_BOUND('',#1123,.T.);
#1248=FACE_BOUND('',#1124,.T.);
#1249=FACE_BOUND('',#1125,.T.);
#1250=FACE_BOUND('',#1126,.T.);
#1251=FACE_BOUND('',#1127,.T.);
#1252=FACE_BOUND('',#1128,.T.);
#1253=FACE_BOUND('',#1129,.T.);
#1254=FACE_BOUND('',#1130,.T.);
#1255=FACE_BOUND('',#1131,.T.);
#1256=FACE_BOUND('',#1132,.T.);
#1257=FACE_BOUND('',#1133,.T.);
#1258=FACE_BOUND('',#1134,.T.);
#1259=FACE_BOUND('',#1135,.T.);
#1260=FACE_BOUND('',#1136,.T.);
#1261=FACE_BOUND('',#1137,.T.);
#1262=FACE_BOUND('',#1138,.T.);
#1263=FACE_BOUND('',#1139,.T.);
#1264=FACE_BOUND('',#1140,.T.);
#1265=FACE_BOUND('',#1141,.T.);
#1266=FACE_BOUND('',#1142,.T.);
#1267=FACE_BOUND('',#1143,.T.);
#1268=FACE_BOUND('',#1144,.T.);
#1269=FACE_BOUND('',#1145,.T.);
#1270=FACE_BOUND('',#1146,.T.);
#1271=FACE_BOUND('',#1147,.T.);
#1272=FACE_BOUND('',#1148,.T.);
#1273=FACE_BOUND('',#1149,.T.);
#1274=FACE_BOUND('',#1150,.T.);
#1275=FACE_BOUND('',#1151,.T.);
#1276=FACE_BOUND('',#1152,.T.);
#1277=FACE_BOUND('',#1153,.T.);
#1278=FACE_BOUND('',#1154,.T.);
#1279=FACE_BOUND('',#1155,.T.);
#1280=FACE_BOUND('',#1156,.T.);
#1281=FACE_BOUND('',#1157,.T.);
#1282=FACE_BOUND('',#1158,.T.);
#1283=FACE_BOUND('',#1159,.T.);
#1284=FACE_BOUND('',#1160,.T.);
#1285=FACE_BOUND('',#1161,.T.);
#1286=FACE_BOUND('',#1162,.T.);
#1287=FACE_BOUND('',#1163,.T.);
#1288=FACE_BOUND('',#1164,.T.);
#1289=FACE_BOUND('',#1165,.T.);
#1290=FACE_BOUND('',#1166,.T.);
#1291=FACE_BOUND('',#1167,.T.);
#1292=FACE_BOUND('',#1168,.T.);
#1293=FACE_BOUND('',#1169,.T.);
#1294=FACE_BOUND('',#1170,.T.);
#1295=FACE_BOUND('',#1171,.T.);
#1296=FACE_BOUND('',#1172,.T.);
#1297=FACE_BOUND('',#1173,.T.);
#1298=FACE_BOUND('',#1174,.T.);
#1299=FACE_BOUND('',#1175,.T.);
#1300=FACE_BOUND('',#1176,.T.);
#1301=FACE_BOUND('',#1177,.T.);
#1302=FACE_BOUND('',#1178,.T.);
#1303=FACE_BOUND('',#1179,.T.);
#1304=FACE_BOUND('',#1180,.T.);
#1305=FACE_BOUND('',#1181,.T.);
#1306=FACE_BOUND('',#1182,.T.);
#1307=FACE_BOUND('',#1183,.T.);
#1308=FACE_BOUND('',#1184,.T.);
#1309=CYLINDRICAL_SURFACE('',#1434,0.0051);
#1310=CYLINDRICAL_SURFACE('',#1439,0.025);
#1311=CYLINDRICAL_SURFACE('',#1445,0.025);
#1312=CYLINDRICAL_SURFACE('',#1491,0.015);
#1313=CYLINDRICAL_SURFACE('',#1493,0.01);
#1314=CYLINDRICAL_SURFACE('',#1495,0.01025);
#1315=CYLINDRICAL_SURFACE('',#1503,0.00165);
#1316=CYLINDRICAL_SURFACE('',#1504,0.00165);
#1317=CYLINDRICAL_SURFACE('',#1505,0.00165);
#1318=CYLINDRICAL_SURFACE('',#1506,0.00165);
#1319=CYLINDRICAL_SURFACE('',#1507,0.003);
#1320=CYLINDRICAL_SURFACE('',#1508,0.005);
#1321=CYLINDRICAL_SURFACE('',#1509,0.005);
#1322=CYLINDRICAL_SURFACE('',#1510,0.003);
#1323=CYLINDRICAL_SURFACE('',#1514,0.003);
#1324=CYLINDRICAL_SURFACE('',#1515,0.003);
#1325=CYLINDRICAL_SURFACE('',#1519,0.003);
#1326=CYLINDRICAL_SURFACE('',#1522,0.002);
#1327=CYLINDRICAL_SURFACE('',#1526,0.00265);
#1328=CYLINDRICAL_SURFACE('',#1529,0.002);
#1329=CYLINDRICAL_SURFACE('',#1533,0.00265);
#1330=CYLINDRICAL_SURFACE('',#1568,0.002);
#1331=CYLINDRICAL_SURFACE('',#1569,0.002);
#1332=CYLINDRICAL_SURFACE('',#1570,0.002);
#1333=CYLINDRICAL_SURFACE('',#1571,0.002);
#1334=CYLINDRICAL_SURFACE('',#1572,0.028);
#1335=CYLINDRICAL_SURFACE('',#1573,0.028);
#1336=CYLINDRICAL_SURFACE('',#1574,0.01);
#1337=CYLINDRICAL_SURFACE('',#1575,0.01);
#1338=CYLINDRICAL_SURFACE('',#1576,0.01);
#1339=CYLINDRICAL_SURFACE('',#1577,0.01);
#1340=CYLINDRICAL_SURFACE('',#1578,0.0035);
#1341=ADVANCED_FACE('',(#1185,#1186),#1309,.F.);
#1342=ADVANCED_FACE('',(#1187),#258,.T.);
#1343=ADVANCED_FACE('',(#1188),#1310,.T.);
#1344=ADVANCED_FACE('',(#1189),#259,.F.);
#1345=ADVANCED_FACE('',(#1190),#260,.F.);
#1346=ADVANCED_FACE('',(#1191),#1311,.T.);
#1347=ADVANCED_FACE('',(#1192),#261,.T.);
#1348=ADVANCED_FACE('',(#1193,#1194,#1195),#262,.T.);
#1349=ADVANCED_FACE('',(#1196,#1197,#1198,#1199,#1200),#263,.F.);
#1350=ADVANCED_FACE('',(#1201,#1202),#264,.T.);
#1351=ADVANCED_FACE('',(#1203,#1204,#1205,#1206,#1207,#1208),#265,.F.);
#1352=ADVANCED_FACE('',(#1209,#1210),#266,.F.);
#1353=ADVANCED_FACE('',(#1211,#1212,#1213,#1214),#267,.F.);
#1354=ADVANCED_FACE('',(#1215),#1312,.T.);
#1355=ADVANCED_FACE('',(#1216),#1313,.T.);
#1356=ADVANCED_FACE('',(#1217,#1218),#1314,.F.);
#1357=ADVANCED_FACE('',(#1219,#1220,#1221,#1222,#1223,#1224),#268,.T.);
#1358=ADVANCED_FACE('',(#1225,#1226),#1315,.F.);
#1359=ADVANCED_FACE('',(#1227,#1228),#1316,.F.);
#1360=ADVANCED_FACE('',(#1229,#1230),#1317,.F.);
#1361=ADVANCED_FACE('',(#1231,#1232),#1318,.F.);
#1362=ADVANCED_FACE('',(#1233,#1234),#1319,.F.);
#1363=ADVANCED_FACE('',(#1235),#1320,.F.);
#1364=ADVANCED_FACE('',(#1236),#1321,.F.);
#1365=ADVANCED_FACE('',(#1237),#1322,.T.);
#1366=ADVANCED_FACE('',(#1238),#20,.T.);
#1367=ADVANCED_FACE('',(#1239),#1323,.T.);
#1368=ADVANCED_FACE('',(#1240),#1324,.T.);
#1369=ADVANCED_FACE('',(#1241),#21,.T.);
#1370=ADVANCED_FACE('',(#1242),#1325,.T.);
#1371=ADVANCED_FACE('',(#1243),#269,.F.);
#1372=ADVANCED_FACE('',(#1244,#1245),#1326,.F.);
#1373=ADVANCED_FACE('',(#1246,#1247),#270,.F.);
#1374=ADVANCED_FACE('',(#1248,#1249),#1327,.F.);
#1375=ADVANCED_FACE('',(#1250),#271,.F.);
#1376=ADVANCED_FACE('',(#1251,#1252),#1328,.F.);
#1377=ADVANCED_FACE('',(#1253,#1254),#272,.F.);
#1378=ADVANCED_FACE('',(#1255,#1256),#1329,.F.);
#1379=ADVANCED_FACE('',(#1257),#273,.F.);
#1380=ADVANCED_FACE('',(#1258),#274,.F.);
#1381=ADVANCED_FACE('',(#1259),#275,.F.);
#1382=ADVANCED_FACE('',(#1260),#276,.F.);
#1383=ADVANCED_FACE('',(#1261),#277,.F.);
#1384=ADVANCED_FACE('',(#1262),#278,.F.);
#1385=ADVANCED_FACE('',(#1263,#1264),#279,.T.);
#1386=ADVANCED_FACE('',(#1265),#280,.F.);
#1387=ADVANCED_FACE('',(#1266),#281,.F.);
#1388=ADVANCED_FACE('',(#1267),#282,.F.);
#1389=ADVANCED_FACE('',(#1268),#283,.F.);
#1390=ADVANCED_FACE('',(#1269),#284,.F.);
#1391=ADVANCED_FACE('',(#1270),#285,.F.);
#1392=ADVANCED_FACE('',(#1271),#286,.F.);
#1393=ADVANCED_FACE('',(#1272,#1273),#287,.T.);
#1394=ADVANCED_FACE('',(#1274),#288,.F.);
#1395=ADVANCED_FACE('',(#1275),#289,.F.);
#1396=ADVANCED_FACE('',(#1276),#290,.F.);
#1397=ADVANCED_FACE('',(#1277),#291,.F.);
#1398=ADVANCED_FACE('',(#1278),#292,.F.);
#1399=ADVANCED_FACE('',(#1279),#293,.F.);
#1400=ADVANCED_FACE('',(#1280),#294,.F.);
#1401=ADVANCED_FACE('',(#1281,#1282),#295,.T.);
#1402=ADVANCED_FACE('',(#1283),#296,.F.);
#1403=ADVANCED_FACE('',(#1284),#297,.F.);
#1404=ADVANCED_FACE('',(#1285),#298,.F.);
#1405=ADVANCED_FACE('',(#1286),#299,.F.);
#1406=ADVANCED_FACE('',(#1287),#300,.F.);
#1407=ADVANCED_FACE('',(#1288),#301,.F.);
#1408=ADVANCED_FACE('',(#1289,#1290),#302,.T.);
#1409=ADVANCED_FACE('',(#1291,#1292),#1330,.F.);
#1410=ADVANCED_FACE('',(#1293,#1294),#1331,.F.);
#1411=ADVANCED_FACE('',(#1295,#1296),#1332,.F.);
#1412=ADVANCED_FACE('',(#1297,#1298),#1333,.F.);
#1413=ADVANCED_FACE('',(#1299),#1334,.T.);
#1414=ADVANCED_FACE('',(#1300),#1335,.T.);
#1415=ADVANCED_FACE('',(#1301),#1336,.F.);
#1416=ADVANCED_FACE('',(#1302),#1337,.F.);
#1417=ADVANCED_FACE('',(#1303),#1338,.F.);
#1418=ADVANCED_FACE('',(#1304),#1339,.F.);
#1419=ADVANCED_FACE('',(#1305,#1306),#1340,.F.);
#1420=ADVANCED_FACE('',(#1307,#1308),#303,.F.);
#1421=CLOSED_SHELL('',(#1341,#1342,#1343,#1344,#1345,#1346,#1347,#1348,
#1349,#1350,#1351,#1352,#1353,#1354,#1355,#1356,#1357,#1358,#1359,#1360,
#1361,#1362,#1363,#1364,#1365,#1366,#1367,#1368,#1369,#1370,#1371,#1372,
#1373,#1374,#1375,#1376,#1377,#1378,#1379,#1380,#1381,#1382,#1383,#1384,
#1385,#1386,#1387,#1388,#1389,#1390,#1391,#1392,#1393,#1394,#1395,#1396,
#1397,#1398,#1399,#1400,#1401,#1402,#1403,#1404,#1405,#1406,#1407,#1408,
#1409,#1410,#1411,#1412,#1413,#1414,#1415,#1416,#1417,#1418,#1419,#1420));
#1422=STYLED_ITEM('',(#1423),#1430);
#1423=PRESENTATION_STYLE_ASSIGNMENT((#1424));
#1424=SURFACE_STYLE_USAGE(.BOTH.,#1425);
#1425=SURFACE_SIDE_STYLE('',(#1426));
#1426=SURFACE_STYLE_FILL_AREA(#1427);
#1427=FILL_AREA_STYLE('',(#1428));
#1428=FILL_AREA_STYLE_COLOUR('',#1429);
#1429=COLOUR_RGB('',0.796078431372549,0.823529411764706,0.937254901960784);
#1430=MANIFOLD_SOLID_BREP('Motor Stand',#1421);
#1431=SHAPE_DEFINITION_REPRESENTATION(#2407,#1432);
#1432=SHAPE_REPRESENTATION('Motor Stand',(#1433),#2402);
#1433=AXIS2_PLACEMENT_3D('',#1994,#1581,#1582);
#1434=AXIS2_PLACEMENT_3D('',#1995,#1583,#1584);
#1435=AXIS2_PLACEMENT_3D('',#1996,#1585,#1586);
#1436=AXIS2_PLACEMENT_3D('',#1998,#1587,#1588);
#1437=AXIS2_PLACEMENT_3D('',#2000,#1589,#1590);
#1438=AXIS2_PLACEMENT_3D('',#2008,#1594,#1595);
#1439=AXIS2_PLACEMENT_3D('',#2015,#1599,#1600);
#1440=AXIS2_PLACEMENT_3D('',#2023,#1601,#1602);
#1441=AXIS2_PLACEMENT_3D('',#2026,#1604,#1605);
#1442=AXIS2_PLACEMENT_3D('',#2035,#1610,#1611);
#1443=AXIS2_PLACEMENT_3D('',#2036,#1612,#1613);
#1444=AXIS2_PLACEMENT_3D('',#2044,#1617,#1618);
#1445=AXIS2_PLACEMENT_3D('',#2049,#1621,#1622);
#1446=AXIS2_PLACEMENT_3D('',#2050,#1623,#1624);
#1447=AXIS2_PLACEMENT_3D('',#2057,#1625,#1626);
#1448=AXIS2_PLACEMENT_3D('',#2067,#1631,#1632);
#1449=AXIS2_PLACEMENT_3D('',#2068,#1633,#1634);
#1450=AXIS2_PLACEMENT_3D('',#2070,#1636,#1637);
#1451=AXIS2_PLACEMENT_3D('',#2072,#1638,#1639);
#1452=AXIS2_PLACEMENT_3D('',#2074,#1640,#1641);
#1453=AXIS2_PLACEMENT_3D('',#2076,#1642,#1643);
#1454=AXIS2_PLACEMENT_3D('',#2106,#1659,#1660);
#1455=AXIS2_PLACEMENT_3D('',#2108,#1661,#1662);
#1456=AXIS2_PLACEMENT_3D('',#2110,#1663,#1664);
#1457=AXIS2_PLACEMENT_3D('',#2112,#1665,#1666);
#1458=AXIS2_PLACEMENT_3D('',#2114,#1667,#1668);
#1459=AXIS2_PLACEMENT_3D('',#2139,#1681,#1682);
#1460=AXIS2_PLACEMENT_3D('',#2140,#1683,#1684);
#1461=AXIS2_PLACEMENT_3D('',#2143,#1685,#1686);
#1462=AXIS2_PLACEMENT_3D('',#2145,#1687,#1688);
#1463=AXIS2_PLACEMENT_3D('',#2147,#1689,#1690);
#1464=AXIS2_PLACEMENT_3D('',#2148,#1691,#1692);
#1465=AXIS2_PLACEMENT_3D('',#2152,#1694,#1695);
#1466=AXIS2_PLACEMENT_3D('',#2154,#1696,#1697);
#1467=AXIS2_PLACEMENT_3D('',#2156,#1698,#1699);
#1468=AXIS2_PLACEMENT_3D('',#2158,#1700,#1701);
#1469=AXIS2_PLACEMENT_3D('',#2160,#1702,#1703);
#1470=AXIS2_PLACEMENT_3D('',#2163,#1705,#1706);
#1471=AXIS2_PLACEMENT_3D('',#2165,#1707,#1708);
#1472=AXIS2_PLACEMENT_3D('',#2167,#1709,#1710);
#1473=AXIS2_PLACEMENT_3D('',#2169,#1711,#1712);
#1474=AXIS2_PLACEMENT_3D('',#2171,#1713,#1714);
#1475=AXIS2_PLACEMENT_3D('',#2172,#1715,#1716);
#1476=AXIS2_PLACEMENT_3D('',#2175,#1718,#1719);
#1477=AXIS2_PLACEMENT_3D('',#2176,#1720,#1721);
#1478=AXIS2_PLACEMENT_3D('',#2179,#1723,#1724);
#1479=AXIS2_PLACEMENT_3D('',#2182,#1726,#1727);
#1480=AXIS2_PLACEMENT_3D('',#2184,#1728,#1729);
#1481=AXIS2_PLACEMENT_3D('',#2186,#1730,#1731);
#1482=AXIS2_PLACEMENT_3D('',#2188,#1732,#1733);
#1483=AXIS2_PLACEMENT_3D('',#2190,#1734,#1735);
#1484=AXIS2_PLACEMENT_3D('',#2192,#1736,#1737);
#1485=AXIS2_PLACEMENT_3D('',#2194,#1739,#1740);
#1486=AXIS2_PLACEMENT_3D('',#2195,#1741,#1742);
#1487=AXIS2_PLACEMENT_3D('',#2197,#1743,#1744);
#1488=AXIS2_PLACEMENT_3D('',#2198,#1745,#1746);
#1489=AXIS2_PLACEMENT_3D('',#2200,#1747,#1748);
#1490=AXIS2_PLACEMENT_3D('',#2204,#1750,#1751);
#1491=AXIS2_PLACEMENT_3D('',#2207,#1753,#1754);
#1492=AXIS2_PLACEMENT_3D('',#2208,#1755,#1756);
#1493=AXIS2_PLACEMENT_3D('',#2209,#1757,#1758);
#1494=AXIS2_PLACEMENT_3D('',#2210,#1759,#1760);
#1495=AXIS2_PLACEMENT_3D('',#2211,#1761,#1762);
#1496=AXIS2_PLACEMENT_3D('',#2212,#1763,#1764);
#1497=AXIS2_PLACEMENT_3D('',#2214,#1765,#1766);
#1498=AXIS2_PLACEMENT_3D('',#2215,#1767,#1768);
#1499=AXIS2_PLACEMENT_3D('',#2217,#1769,#1770);
#1500=AXIS2_PLACEMENT_3D('',#2219,#1771,#1772);
#1501=AXIS2_PLACEMENT_3D('',#2221,#1773,#1774);
#1502=AXIS2_PLACEMENT_3D('',#2223,#1775,#1776);
#1503=AXIS2_PLACEMENT_3D('',#2225,#1777,#1778);
#1504=AXIS2_PLACEMENT_3D('',#2226,#1779,#1780);
#1505=AXIS2_PLACEMENT_3D('',#2227,#1781,#1782);
#1506=AXIS2_PLACEMENT_3D('',#2228,#1783,#1784);
#1507=AXIS2_PLACEMENT_3D('',#2229,#1785,#1786);
#1508=AXIS2_PLACEMENT_3D('',#2230,#1787,#1788);
#1509=AXIS2_PLACEMENT_3D('',#2233,#1791,#1792);
#1510=AXIS2_PLACEMENT_3D('',#2234,#1793,#1794);
#1511=AXIS2_PLACEMENT_3D('',#2236,#1796,#1797);
#1512=AXIS2_PLACEMENT_3D('',#2237,#1798,#1799);
#1513=AXIS2_PLACEMENT_3D('',#2238,#1800,#1801);
#1514=AXIS2_PLACEMENT_3D('',#2239,#1802,#1803);
#1515=AXIS2_PLACEMENT_3D('',#2241,#1805,#1806);
#1516=AXIS2_PLACEMENT_3D('',#2243,#1808,#1809);
#1517=AXIS2_PLACEMENT_3D('',#2244,#1810,#1811);
#1518=AXIS2_PLACEMENT_3D('',#2245,#1812,#1813);
#1519=AXIS2_PLACEMENT_3D('',#2246,#1814,#1815);
#1520=AXIS2_PLACEMENT_3D('',#2247,#1816,#1817);
#1521=AXIS2_PLACEMENT_3D('',#2248,#1818,#1819);
#1522=AXIS2_PLACEMENT_3D('',#2250,#1820,#1821);
#1523=AXIS2_PLACEMENT_3D('',#2251,#1822,#1823);
#1524=AXIS2_PLACEMENT_3D('',#2253,#1824,#1825);
#1525=AXIS2_PLACEMENT_3D('',#2254,#1826,#1827);
#1526=AXIS2_PLACEMENT_3D('',#2256,#1828,#1829);
#1527=AXIS2_PLACEMENT_3D('',#2257,#1830,#1831);
#1528=AXIS2_PLACEMENT_3D('',#2258,#1832,#1833);
#1529=AXIS2_PLACEMENT_3D('',#2260,#1834,#1835);
#1530=AXIS2_PLACEMENT_3D('',#2261,#1836,#1837);
#1531=AXIS2_PLACEMENT_3D('',#2263,#1838,#1839);
#1532=AXIS2_PLACEMENT_3D('',#2264,#1840,#1841);
#1533=AXIS2_PLACEMENT_3D('',#2266,#1842,#1843);
#1534=AXIS2_PLACEMENT_3D('',#2267,#1844,#1845);
#1535=AXIS2_PLACEMENT_3D('',#2275,#1850,#1851);
#1536=AXIS2_PLACEMENT_3D('',#2280,#1855,#1856);
#1537=AXIS2_PLACEMENT_3D('',#2284,#1859,#1860);
#1538=AXIS2_PLACEMENT_3D('',#2288,#1863,#1864);
#1539=AXIS2_PLACEMENT_3D('',#2292,#1867,#1868);
#1540=AXIS2_PLACEMENT_3D('',#2294,#1870,#1871);
#1541=AXIS2_PLACEMENT_3D('',#2295,#1872,#1873);
#1542=AXIS2_PLACEMENT_3D('',#2297,#1874,#1875);
#1543=AXIS2_PLACEMENT_3D('',#2298,#1876,#1877);
#1544=AXIS2_PLACEMENT_3D('',#2306,#1882,#1883);
#1545=AXIS2_PLACEMENT_3D('',#2311,#1887,#1888);
#1546=AXIS2_PLACEMENT_3D('',#2315,#1891,#1892);
#1547=AXIS2_PLACEMENT_3D('',#2319,#1895,#1896);
#1548=AXIS2_PLACEMENT_3D('',#2323,#1899,#1900);
#1549=AXIS2_PLACEMENT_3D('',#2325,#1902,#1903);
#1550=AXIS2_PLACEMENT_3D('',#2326,#1904,#1905);
#1551=AXIS2_PLACEMENT_3D('',#2328,#1906,#1907);
#1552=AXIS2_PLACEMENT_3D('',#2329,#1908,#1909);
#1553=AXIS2_PLACEMENT_3D('',#2335,#1913,#1914);
#1554=AXIS2_PLACEMENT_3D('',#2339,#1917,#1918);
#1555=AXIS2_PLACEMENT_3D('',#2343,#1921,#1922);
#1556=AXIS2_PLACEMENT_3D('',#2347,#1925,#1926);
#1557=AXIS2_PLACEMENT_3D('',#2351,#1929,#1930);
#1558=AXIS2_PLACEMENT_3D('',#2353,#1932,#1933);
#1559=AXIS2_PLACEMENT_3D('',#2354,#1934,#1935);
#1560=AXIS2_PLACEMENT_3D('',#2356,#1936,#1937);
#1561=AXIS2_PLACEMENT_3D('',#2362,#1941,#1942);
#1562=AXIS2_PLACEMENT_3D('',#2366,#1945,#1946);
#1563=AXIS2_PLACEMENT_3D('',#2370,#1949,#1950);
#1564=AXIS2_PLACEMENT_3D('',#2374,#1953,#1954);
#1565=AXIS2_PLACEMENT_3D('',#2378,#1957,#1958);
#1566=AXIS2_PLACEMENT_3D('',#2380,#1960,#1961);
#1567=AXIS2_PLACEMENT_3D('',#2381,#1962,#1963);
#1568=AXIS2_PLACEMENT_3D('',#2383,#1964,#1965);
#1569=AXIS2_PLACEMENT_3D('',#2384,#1966,#1967);
#1570=AXIS2_PLACEMENT_3D('',#2385,#1968,#1969);
#1571=AXIS2_PLACEMENT_3D('',#2386,#1970,#1971);
#1572=AXIS2_PLACEMENT_3D('',#2387,#1972,#1973);
#1573=AXIS2_PLACEMENT_3D('',#2390,#1976,#1977);
#1574=AXIS2_PLACEMENT_3D('',#2393,#1980,#1981);
#1575=AXIS2_PLACEMENT_3D('',#2394,#1982,#1983);
#1576=AXIS2_PLACEMENT_3D('',#2395,#1984,#1985);
#1577=AXIS2_PLACEMENT_3D('',#2396,#1986,#1987);
#1578=AXIS2_PLACEMENT_3D('',#2397,#1988,#1989);
#1579=AXIS2_PLACEMENT_3D('',#2398,#1990,#1991);
#1580=AXIS2_PLACEMENT_3D('',#2400,#1992,#1993);
#1581=DIRECTION('',(0.,0.,1.));
#1582=DIRECTION('',(1.,0.,0.));
#1583=DIRECTION('',(1.,0.,-3.46944695195361E-16));
#1584=DIRECTION('',(-3.46944695195362E-16,0.,-1.));
#1585=DIRECTION('',(1.,0.,-3.46944695195361E-16));
#1586=DIRECTION('',(-3.46944695195361E-16,0.,-1.));
#1587=DIRECTION('',(-1.,0.,3.46944695195361E-16));
#1588=DIRECTION('',(3.46944695195361E-16,0.,1.));
#1589=DIRECTION('',(0.,0.,-1.));
#1590=DIRECTION('',(-1.,0.,0.));
#1591=DIRECTION('',(1.,0.,0.));
#1592=DIRECTION('',(0.,1.,0.));
#1593=DIRECTION('',(1.,0.,0.));
#1594=DIRECTION('',(0.,0.,-1.));
#1595=DIRECTION('',(-1.,0.,0.));
#1596=DIRECTION('',(0.,-1.,0.));
#1597=DIRECTION('',(1.,0.,-2.16840434497101E-16));
#1598=DIRECTION('',(0.,-1.,0.));
#1599=DIRECTION('',(0.,-1.,0.));
#1600=DIRECTION('',(0.,0.,-1.));
#1601=DIRECTION('',(0.,1.,0.));
#1602=DIRECTION('',(0.,0.,1.));
#1603=DIRECTION('',(0.,-1.,0.));
#1604=DIRECTION('',(5.3376106953133E-15,0.,1.));
#1605=DIRECTION('',(1.,0.,-5.3376106953133E-15));
#1606=DIRECTION('',(-1.,0.,5.3376106953133E-15));
#1607=DIRECTION('',(0.,-1.,0.));
#1608=DIRECTION('',(-1.,0.,0.));
#1609=DIRECTION('',(0.,-1.,0.));
#1610=DIRECTION('',(5.3376106953133E-15,0.,1.));
#1611=DIRECTION('',(1.,0.,-5.3376106953133E-15));
#1612=DIRECTION('',(-1.60128320859398E-14,0.,-1.));
#1613=DIRECTION('',(-1.,0.,1.60128320859398E-14));
#1614=DIRECTION('',(0.,-1.,0.));
#1615=DIRECTION('',(1.,0.,-1.60128320859398E-14));
#1616=DIRECTION('',(0.,-1.,0.));
#1617=DIRECTION('',(-1.60128320859398E-14,0.,-1.));
#1618=DIRECTION('',(-1.,0.,1.60128320859398E-14));
#1619=DIRECTION('',(0.,-1.,0.));
#1620=DIRECTION('',(-1.,0.,0.));
#1621=DIRECTION('',(0.,-1.,0.));
#1622=DIRECTION('',(0.,0.,-1.));
#1623=DIRECTION('',(0.,1.,0.));
#1624=DIRECTION('',(0.,0.,1.));
#1625=DIRECTION('',(6.73679019796819E-16,0.,1.));
#1626=DIRECTION('',(1.,0.,-6.73679019796819E-16));
#1627=DIRECTION('',(-1.,0.,6.73679019796819E-16));
#1628=DIRECTION('',(0.,-1.,0.));
#1629=DIRECTION('',(1.,0.,-2.16840434497101E-16));
#1630=DIRECTION('',(0.,-1.,0.));
#1631=DIRECTION('',(6.73679019796819E-16,0.,1.));
#1632=DIRECTION('',(1.,0.,-6.73679019796819E-16));
#1633=DIRECTION('',(0.,1.,0.));
#1634=DIRECTION('',(0.,0.,1.));
#1635=DIRECTION('',(3.46944695195361E-16,0.,1.));
#1636=DIRECTION('',(0.,1.,0.));
#1637=DIRECTION('',(0.,0.,1.));
#1638=DIRECTION('',(0.,1.,0.));
#1639=DIRECTION('',(0.,0.,1.));
#1640=DIRECTION('',(0.,1.,0.));
#1641=DIRECTION('',(0.,0.,1.));
#1642=DIRECTION('',(0.,1.,0.));
#1643=DIRECTION('',(0.,0.,1.));
#1644=DIRECTION('',(2.31296463463574E-16,0.,1.));
#1645=DIRECTION('',(-0.5,0.,0.866025403784439));
#1646=DIRECTION('',(-1.,0.,0.));
#1647=DIRECTION('',(-0.5,0.,-0.866025403784439));
#1648=DIRECTION('',(0.5,0.,-0.866025403784439));
#1649=DIRECTION('',(1.,0.,-9.85124327040762E-16));
#1650=DIRECTION('',(0.5,0.,0.866025403784439));
#1651=DIRECTION('',(2.31296463463574E-16,0.,1.));
#1652=DIRECTION('',(-0.5,0.,0.866025403784437));
#1653=DIRECTION('',(-1.,0.,-1.47768649056114E-15));
#1654=DIRECTION('',(-0.5,0.,-0.866025403784439));
#1655=DIRECTION('',(0.5,0.,-0.866025403784438));
#1656=DIRECTION('',(1.,0.,9.85124327040763E-16));
#1657=DIRECTION('',(0.5,0.,0.866025403784441));
#1658=DIRECTION('',(2.31296463463574E-16,0.,1.));
#1659=DIRECTION('',(0.,1.,0.));
#1660=DIRECTION('',(0.,0.,1.));
#1661=DIRECTION('',(0.,1.,0.));
#1662=DIRECTION('',(0.,0.,1.));
#1663=DIRECTION('',(0.,1.,0.));
#1664=DIRECTION('',(0.,0.,1.));
#1665=DIRECTION('',(0.,1.,0.));
#1666=DIRECTION('',(0.,0.,1.));
#1667=DIRECTION('',(0.,1.,0.));
#1668=DIRECTION('',(0.,0.,1.));
#1669=DIRECTION('',(-0.5,0.,-0.866025403784438));
#1670=DIRECTION('',(0.5,0.,-0.866025403784438));
#1671=DIRECTION('',(1.,0.,0.));
#1672=DIRECTION('',(0.5,0.,0.866025403784439));
#1673=DIRECTION('',(-0.5,0.,0.866025403784439));
#1674=DIRECTION('',(-1.,0.,0.));
#1675=DIRECTION('',(-0.5,0.,-0.866025403784438));
#1676=DIRECTION('',(0.5,0.,-0.866025403784442));
#1677=DIRECTION('',(1.,0.,-3.44793514464266E-15));
#1678=DIRECTION('',(0.5,0.,0.866025403784438));
#1679=DIRECTION('',(-0.5,0.,0.866025403784439));
#1680=DIRECTION('',(-1.,0.,9.8512432704076E-16));
#1681=DIRECTION('',(0.,1.,0.));
#1682=DIRECTION('',(0.,0.,1.));
#1683=DIRECTION('',(0.,1.,0.));
#1684=DIRECTION('',(0.,0.,1.));
#1685=DIRECTION('',(0.,1.,0.));
#1686=DIRECTION('',(0.,0.,1.));
#1687=DIRECTION('',(0.,-1.,0.));
#1688=DIRECTION('',(0.,0.,-1.));
#1689=DIRECTION('',(0.,1.,0.));
#1690=DIRECTION('',(0.,0.,1.));
#1691=DIRECTION('',(0.,1.,0.));
#1692=DIRECTION('',(0.,0.,1.));
#1693=DIRECTION('',(-3.46944695195361E-16,0.,-1.));
#1694=DIRECTION('',(0.,1.,0.));
#1695=DIRECTION('',(0.,0.,1.));
#1696=DIRECTION('',(0.,1.,0.));
#1697=DIRECTION('',(0.,0.,1.));
#1698=DIRECTION('',(0.,-1.,0.));
#1699=DIRECTION('',(0.,0.,-1.));
#1700=DIRECTION('',(0.,1.,0.));
#1701=DIRECTION('',(0.,0.,1.));
#1702=DIRECTION('',(0.,1.,0.));
#1703=DIRECTION('',(0.,0.,1.));
#1704=DIRECTION('',(1.15648231731787E-16,0.,1.));
#1705=DIRECTION('',(0.,-1.,0.));
#1706=DIRECTION('',(0.,0.,-1.));
#1707=DIRECTION('',(0.,-1.,0.));
#1708=DIRECTION('',(0.,0.,-1.));
#1709=DIRECTION('',(0.,-1.,0.));
#1710=DIRECTION('',(0.,0.,-1.));
#1711=DIRECTION('',(0.,-1.,0.));
#1712=DIRECTION('',(0.,0.,-1.));
#1713=DIRECTION('',(1.,0.,-2.31296463463574E-16));
#1714=DIRECTION('',(-2.31296463463574E-16,0.,-1.));
#1715=DIRECTION('',(1.,0.,-2.31296463463574E-16));
#1716=DIRECTION('',(-2.31296463463574E-16,0.,-1.));
#1717=DIRECTION('',(2.31296463463574E-16,0.,1.));
#1718=DIRECTION('',(1.,0.,-2.31296463463574E-16));
#1719=DIRECTION('',(-2.31296463463574E-16,0.,-1.));
#1720=DIRECTION('',(1.,0.,-1.15648231731787E-16));
#1721=DIRECTION('',(-1.15648231731787E-16,0.,-1.));
#1722=DIRECTION('',(0.,-1.,0.));
#1723=DIRECTION('',(1.,0.,-1.15648231731787E-16));
#1724=DIRECTION('',(-1.15648231731787E-16,0.,-1.));
#1725=DIRECTION('',(0.,-1.,0.));
#1726=DIRECTION('',(1.,0.,-1.15648231731787E-16));
#1727=DIRECTION('',(-1.15648231731787E-16,0.,-1.));
#1728=DIRECTION('',(1.,0.,-1.15648231731787E-16));
#1729=DIRECTION('',(-1.15648231731787E-16,0.,-1.));
#1730=DIRECTION('',(1.,0.,-1.15648231731787E-16));
#1731=DIRECTION('',(-1.15648231731787E-16,0.,-1.));
#1732=DIRECTION('',(1.,0.,-1.15648231731787E-16));
#1733=DIRECTION('',(-1.15648231731787E-16,0.,-1.));
#1734=DIRECTION('',(1.,0.,-1.15648231731787E-16));
#1735=DIRECTION('',(-1.15648231731787E-16,0.,-1.));
#1736=DIRECTION('',(1.,0.,-3.46944695195361E-16));
#1737=DIRECTION('',(-3.46944695195361E-16,0.,-1.));
#1738=DIRECTION('',(3.46944695195361E-16,0.,1.));
#1739=DIRECTION('',(1.,0.,-3.46944695195361E-16));
#1740=DIRECTION('',(-3.46944695195361E-16,0.,-1.));
#1741=DIRECTION('',(-1.,0.,3.46944695195361E-16));
#1742=DIRECTION('',(3.46944695195361E-16,0.,1.));
#1743=DIRECTION('',(-1.,0.,3.46944695195361E-16));
#1744=DIRECTION('',(3.46944695195361E-16,0.,1.));
#1745=DIRECTION('',(1.,0.,-3.46944695195361E-16));
#1746=DIRECTION('',(-3.46944695195361E-16,0.,-1.));
#1747=DIRECTION('',(1.,0.,-3.46944695195361E-16));
#1748=DIRECTION('',(-3.46944695195361E-16,0.,-1.));
#1749=DIRECTION('',(0.,-1.,0.));
#1750=DIRECTION('',(-1.,0.,3.46944695195361E-16));
#1751=DIRECTION('',(3.46944695195361E-16,0.,1.));
#1752=DIRECTION('',(0.,-1.,0.));
#1753=DIRECTION('',(-1.,0.,2.31296463463574E-16));
#1754=DIRECTION('',(2.31296463463574E-16,0.,1.));
#1755=DIRECTION('',(1.,0.,-1.15648231731787E-16));
#1756=DIRECTION('',(-1.15648231731787E-16,0.,-1.));
#1757=DIRECTION('',(1.,0.,-3.46944695195361E-16));
#1758=DIRECTION('',(-3.46944695195361E-16,0.,-1.));
#1759=DIRECTION('',(-1.,0.,3.46944695195361E-16));
#1760=DIRECTION('',(3.46944695195361E-16,0.,1.));
#1761=DIRECTION('',(1.,0.,-2.31296463463574E-16));
#1762=DIRECTION('',(-2.31296463463574E-16,0.,-1.));
#1763=DIRECTION('',(1.,0.,-2.31296463463574E-16));
#1764=DIRECTION('',(-2.31296463463574E-16,0.,-1.));
#1765=DIRECTION('',(1.,0.,-2.31296463463574E-16));
#1766=DIRECTION('',(-2.31296463463574E-16,0.,-1.));
#1767=DIRECTION('',(1.,0.,-3.05793709216012E-16));
#1768=DIRECTION('',(-3.05793709216012E-16,0.,-1.));
#1769=DIRECTION('',(1.,0.,-3.05793709216012E-16));
#1770=DIRECTION('',(-3.05793709216012E-16,0.,-1.));
#1771=DIRECTION('',(1.,0.,-3.05793709216012E-16));
#1772=DIRECTION('',(-3.05793709216012E-16,0.,-1.));
#1773=DIRECTION('',(1.,0.,-3.05793709216012E-16));
#1774=DIRECTION('',(-3.05793709216012E-16,0.,-1.));
#1775=DIRECTION('',(1.,0.,-3.05793709216012E-16));
#1776=DIRECTION('',(-3.05793709216012E-16,0.,-1.));
#1777=DIRECTION('',(1.,0.,-2.31296463463574E-16));
#1778=DIRECTION('',(-2.31296463463574E-16,0.,-1.));
#1779=DIRECTION('',(1.,0.,-2.31296463463574E-16));
#1780=DIRECTION('',(-2.31296463463574E-16,0.,-1.));
#1781=DIRECTION('',(1.,0.,-2.31296463463574E-16));
#1782=DIRECTION('',(-2.31296463463574E-16,0.,-1.));
#1783=DIRECTION('',(1.,0.,-2.31296463463574E-16));
#1784=DIRECTION('',(-2.31296463463574E-16,0.,-1.));
#1785=DIRECTION('',(1.,0.,-2.31296463463574E-16));
#1786=DIRECTION('',(-2.31296463463574E-16,0.,-1.));
#1787=DIRECTION('',(-2.31296463463574E-16,0.,-1.));
#1788=DIRECTION('',(-1.,0.,2.31296463463574E-16));
#1789=DIRECTION('',(2.31296463463574E-16,0.,1.));
#1790=DIRECTION('',(2.31296463463574E-16,0.,1.));
#1791=DIRECTION('',(3.46944695195361E-16,0.,1.));
#1792=DIRECTION('',(1.,0.,-3.46944695195361E-16));
#1793=DIRECTION('',(0.,-1.,0.));
#1794=DIRECTION('',(0.,0.,-1.));
#1795=DIRECTION('',(0.,-1.,0.));
#1796=DIRECTION('',(0.,1.,0.));
#1797=DIRECTION('',(0.,0.,1.));
#1798=DIRECTION('',(1.,0.,-1.15648231731787E-16));
#1799=DIRECTION('',(-1.15648231731787E-16,0.,-1.));
#1800=DIRECTION('',(0.,-1.,0.));
#1801=DIRECTION('',(0.,0.,-1.));
#1802=DIRECTION('',(0.,-1.,0.));
#1803=DIRECTION('',(0.,0.,-1.));
#1804=DIRECTION('',(0.,-1.,0.));
#1805=DIRECTION('',(0.,1.,0.));
#1806=DIRECTION('',(0.,0.,1.));
#1807=DIRECTION('',(0.,1.,0.));
#1808=DIRECTION('',(0.,1.,0.));
#1809=DIRECTION('',(0.,0.,1.));
#1810=DIRECTION('',(-1.,0.,3.46944695195361E-16));
#1811=DIRECTION('',(3.46944695195361E-16,0.,1.));
#1812=DIRECTION('',(0.,-1.,0.));
#1813=DIRECTION('',(0.,0.,-1.));
#1814=DIRECTION('',(0.,1.,0.));
#1815=DIRECTION('',(0.,0.,1.));
#1816=DIRECTION('',(-1.,0.,3.46944695195361E-16));
#1817=DIRECTION('',(3.46944695195361E-16,0.,1.));
#1818=DIRECTION('',(1.,0.,-3.46944695195361E-16));
#1819=DIRECTION('',(-3.46944695195361E-16,0.,-1.));
#1820=DIRECTION('',(1.,0.,-3.46944695195361E-16));
#1821=DIRECTION('',(-3.46944695195361E-16,0.,-1.));
#1822=DIRECTION('',(1.,0.,-3.46944695195361E-16));
#1823=DIRECTION('',(-3.46944695195361E-16,0.,-1.));
#1824=DIRECTION('',(-1.,0.,3.46944695195361E-16));
#1825=DIRECTION('',(3.46944695195361E-16,0.,1.));
#1826=DIRECTION('',(1.,0.,-3.46944695195361E-16));
#1827=DIRECTION('',(-3.46944695195361E-16,0.,-1.));
#1828=DIRECTION('',(1.,0.,-3.46944695195361E-16));
#1829=DIRECTION('',(-3.46944695195361E-16,0.,-1.));
#1830=DIRECTION('',(-1.,0.,3.46944695195361E-16));
#1831=DIRECTION('',(3.46944695195361E-16,0.,1.));
#1832=DIRECTION('',(1.,0.,-3.46944695195361E-16));
#1833=DIRECTION('',(-3.46944695195361E-16,0.,-1.));
#1834=DIRECTION('',(1.,0.,-3.46944695195361E-16));
#1835=DIRECTION('',(-3.46944695195361E-16,0.,-1.));
#1836=DIRECTION('',(1.,0.,-3.46944695195361E-16));
#1837=DIRECTION('',(-3.46944695195361E-16,0.,-1.));
#1838=DIRECTION('',(-1.,0.,3.46944695195361E-16));
#1839=DIRECTION('',(3.46944695195361E-16,0.,1.));
#1840=DIRECTION('',(1.,0.,-3.46944695195361E-16));
#1841=DIRECTION('',(-3.46944695195361E-16,0.,-1.));
#1842=DIRECTION('',(1.,0.,-3.46944695195361E-16));
#1843=DIRECTION('',(-3.46944695195361E-16,0.,-1.));
#1844=DIRECTION('',(-0.866025403784439,0.,0.5));
#1845=DIRECTION('',(0.5,0.,0.866025403784439));
#1846=DIRECTION('',(0.5,0.,0.866025403784439));
#1847=DIRECTION('',(0.,1.,0.));
#1848=DIRECTION('',(0.5,0.,0.866025403784439));
#1849=DIRECTION('',(0.,1.,0.));
#1850=DIRECTION('',(-0.866025403784439,0.,-0.5));
#1851=DIRECTION('',(-0.5,0.,0.866025403784439));
#1852=DIRECTION('',(-0.5,0.,0.866025403784439));
#1853=DIRECTION('',(-0.5,0.,0.866025403784439));
#1854=DIRECTION('',(0.,1.,0.));
#1855=DIRECTION('',(0.,0.,-1.));
#1856=DIRECTION('',(-1.,0.,0.));
#1857=DIRECTION('',(-1.,0.,0.));
#1858=DIRECTION('',(0.,1.,0.));
#1859=DIRECTION('',(0.866025403784439,0.,-0.5));
#1860=DIRECTION('',(-0.5,0.,-0.866025403784439));
#1861=DIRECTION('',(-0.5,0.,-0.866025403784439));
#1862=DIRECTION('',(0.,1.,0.));
#1863=DIRECTION('',(0.866025403784439,0.,0.5));
#1864=DIRECTION('',(0.5,0.,-0.866025403784439));
#1865=DIRECTION('',(0.5,0.,-0.866025403784439));
#1866=DIRECTION('',(0.,1.,0.));
#1867=DIRECTION('',(9.85124327040762E-16,0.,1.));
#1868=DIRECTION('',(1.,0.,-9.85124327040762E-16));
#1869=DIRECTION('',(1.,0.,-9.85124327040762E-16));
#1870=DIRECTION('',(0.,1.,0.));
#1871=DIRECTION('',(0.,0.,1.));
#1872=DIRECTION('',(0.,1.,0.));
#1873=DIRECTION('',(0.,0.,1.));
#1874=DIRECTION('',(0.,1.,0.));
#1875=DIRECTION('',(0.,0.,1.));
#1876=DIRECTION('',(-0.866025403784441,0.,0.5));
#1877=DIRECTION('',(0.5,0.,0.866025403784441));
#1878=DIRECTION('',(0.5,0.,0.866025403784441));
#1879=DIRECTION('',(0.,1.,0.));
#1880=DIRECTION('',(0.5,0.,0.866025403784441));
#1881=DIRECTION('',(0.,1.,0.));
#1882=DIRECTION('',(-0.866025403784437,0.,-0.5));
#1883=DIRECTION('',(-0.5,0.,0.866025403784437));
#1884=DIRECTION('',(-0.5,0.,0.866025403784437));
#1885=DIRECTION('',(-0.5,0.,0.866025403784437));
#1886=DIRECTION('',(0.,1.,0.));
#1887=DIRECTION('',(1.47768649056114E-15,0.,-1.));
#1888=DIRECTION('',(-1.,0.,-1.47768649056114E-15));
#1889=DIRECTION('',(-1.,0.,-1.47768649056114E-15));
#1890=DIRECTION('',(0.,1.,0.));
#1891=DIRECTION('',(0.866025403784439,0.,-0.5));
#1892=DIRECTION('',(-0.5,0.,-0.866025403784439));
#1893=DIRECTION('',(-0.5,0.,-0.866025403784439));
#1894=DIRECTION('',(0.,1.,0.));
#1895=DIRECTION('',(0.866025403784438,0.,0.5));
#1896=DIRECTION('',(0.5,0.,-0.866025403784438));
#1897=DIRECTION('',(0.5,0.,-0.866025403784438));
#1898=DIRECTION('',(0.,1.,0.));
#1899=DIRECTION('',(-9.85124327040763E-16,0.,1.));
#1900=DIRECTION('',(1.,0.,9.85124327040763E-16));
#1901=DIRECTION('',(1.,0.,9.85124327040763E-16));
#1902=DIRECTION('',(0.,1.,0.));
#1903=DIRECTION('',(0.,0.,1.));
#1904=DIRECTION('',(0.,1.,0.));
#1905=DIRECTION('',(0.,0.,1.));
#1906=DIRECTION('',(0.,1.,0.));
#1907=DIRECTION('',(0.,0.,1.));
#1908=DIRECTION('',(0.866025403784438,0.,-0.5));
#1909=DIRECTION('',(-0.5,0.,-0.866025403784438));
#1910=DIRECTION('',(0.,1.,0.));
#1911=DIRECTION('',(-0.5,0.,-0.866025403784438));
#1912=DIRECTION('',(0.,1.,0.));
#1913=DIRECTION('',(0.866025403784442,0.,0.5));
#1914=DIRECTION('',(0.5,0.,-0.866025403784442));
#1915=DIRECTION('',(0.5,0.,-0.866025403784442));
#1916=DIRECTION('',(0.,1.,0.));
#1917=DIRECTION('',(3.44793514464266E-15,0.,1.));
#1918=DIRECTION('',(1.,0.,-3.44793514464266E-15));
#1919=DIRECTION('',(1.,0.,-3.44793514464266E-15));
#1920=DIRECTION('',(0.,1.,0.));
#1921=DIRECTION('',(-0.866025403784438,0.,0.5));
#1922=DIRECTION('',(0.5,0.,0.866025403784438));
#1923=DIRECTION('',(0.5,0.,0.866025403784438));
#1924=DIRECTION('',(0.,1.,0.));
#1925=DIRECTION('',(-0.866025403784439,0.,-0.5));
#1926=DIRECTION('',(-0.5,0.,0.866025403784439));
#1927=DIRECTION('',(-0.5,0.,0.866025403784439));
#1928=DIRECTION('',(0.,1.,0.));
#1929=DIRECTION('',(-9.8512432704076E-16,0.,-1.));
#1930=DIRECTION('',(-1.,0.,9.8512432704076E-16));
#1931=DIRECTION('',(-1.,0.,9.8512432704076E-16));
#1932=DIRECTION('',(0.,1.,0.));
#1933=DIRECTION('',(0.,0.,1.));
#1934=DIRECTION('',(0.,1.,0.));
#1935=DIRECTION('',(0.,0.,1.));
#1936=DIRECTION('',(0.866025403784438,0.,-0.5));
#1937=DIRECTION('',(-0.5,0.,-0.866025403784438));
#1938=DIRECTION('',(0.,1.,0.));
#1939=DIRECTION('',(-0.5,0.,-0.866025403784438));
#1940=DIRECTION('',(0.,1.,0.));
#1941=DIRECTION('',(0.866025403784438,0.,0.5));
#1942=DIRECTION('',(0.5,0.,-0.866025403784438));
#1943=DIRECTION('',(0.5,0.,-0.866025403784438));
#1944=DIRECTION('',(0.,1.,0.));
#1945=DIRECTION('',(0.,0.,1.));
#1946=DIRECTION('',(1.,0.,0.));
#1947=DIRECTION('',(1.,0.,0.));
#1948=DIRECTION('',(0.,1.,0.));
#1949=DIRECTION('',(-0.866025403784439,0.,0.5));
#1950=DIRECTION('',(0.5,0.,0.866025403784439));
#1951=DIRECTION('',(0.5,0.,0.866025403784439));
#1952=DIRECTION('',(0.,1.,0.));
#1953=DIRECTION('',(-0.866025403784439,0.,-0.5));
#1954=DIRECTION('',(-0.5,0.,0.866025403784439));
#1955=DIRECTION('',(-0.5,0.,0.866025403784439));
#1956=DIRECTION('',(0.,1.,0.));
#1957=DIRECTION('',(0.,0.,-1.));
#1958=DIRECTION('',(-1.,0.,0.));
#1959=DIRECTION('',(-1.,0.,0.));
#1960=DIRECTION('',(0.,1.,0.));
#1961=DIRECTION('',(0.,0.,1.));
#1962=DIRECTION('',(0.,1.,0.));
#1963=DIRECTION('',(0.,0.,1.));
#1964=DIRECTION('',(0.,-1.,0.));
#1965=DIRECTION('',(0.,0.,-1.));
#1966=DIRECTION('',(0.,-1.,0.));
#1967=DIRECTION('',(0.,0.,-1.));
#1968=DIRECTION('',(0.,-1.,0.));
#1969=DIRECTION('',(0.,0.,-1.));
#1970=DIRECTION('',(0.,-1.,0.));
#1971=DIRECTION('',(0.,0.,-1.));
#1972=DIRECTION('',(0.,-1.,0.));
#1973=DIRECTION('',(0.,0.,-1.));
#1974=DIRECTION('',(0.,-1.,0.));
#1975=DIRECTION('',(0.,-1.,0.));
#1976=DIRECTION('',(0.,-1.,0.));
#1977=DIRECTION('',(0.,0.,-1.));
#1978=DIRECTION('',(0.,-1.,0.));
#1979=DIRECTION('',(0.,-1.,0.));
#1980=DIRECTION('',(0.,-1.,0.));
#1981=DIRECTION('',(0.,0.,-1.));
#1982=DIRECTION('',(0.,1.,0.));
#1983=DIRECTION('',(0.,0.,1.));
#1984=DIRECTION('',(0.,-1.,0.));
#1985=DIRECTION('',(0.,0.,-1.));
#1986=DIRECTION('',(0.,-1.,0.));
#1987=DIRECTION('',(0.,0.,-1.));
#1988=DIRECTION('',(-1.,0.,3.46944695195361E-16));
#1989=DIRECTION('',(3.46944695195362E-16,0.,1.));
#1990=DIRECTION('',(-1.,0.,3.46944695195361E-16));
#1991=DIRECTION('',(3.46944695195361E-16,0.,1.));
#1992=DIRECTION('',(-1.,0.,3.46944695195361E-16));
#1993=DIRECTION('',(3.46944695195361E-16,0.,1.));
#1994=CARTESIAN_POINT('',(0.,0.,0.));
#1995=CARTESIAN_POINT('',(0.0136379001385736,0.03,3.94202027320183E-18));
#1996=CARTESIAN_POINT('',(0.0360628784747792,0.03,-3.8382070004156E-18));
#1997=CARTESIAN_POINT('',(0.0360628784747792,0.03,-0.0051));
#1998=CARTESIAN_POINT('',(0.0325628784747792,0.03,-2.62390056723183E-18));
#1999=CARTESIAN_POINT('',(0.0325628784747792,0.03,0.0051));
#2000=CARTESIAN_POINT('',(0.,0.008,-0.01));
#2001=CARTESIAN_POINT('',(0.,0.,-0.01));
#2002=CARTESIAN_POINT('',(0.0330533559890619,0.,-0.01));
#2003=CARTESIAN_POINT('',(0.0330628784747792,0.,-0.01));
#2004=CARTESIAN_POINT('',(0.0330533559890619,0.008,-0.01));
#2005=CARTESIAN_POINT('',(0.0330533559890619,0.008,-0.01));
#2006=CARTESIAN_POINT('',(0.,0.008,-0.01));
#2007=CARTESIAN_POINT('',(0.0230628784747792,0.008,-0.01));
#2008=CARTESIAN_POINT('',(0.0230628784747792,0.013,-0.01));
#2009=CARTESIAN_POINT('',(0.0280628784747792,0.013,-0.01));
#2010=CARTESIAN_POINT('',(0.0280628784747792,0.03,-0.01));
#2011=CARTESIAN_POINT('',(0.0280628784747792,0.03,-0.01));
#2012=CARTESIAN_POINT('',(-2.16840434497101E-18,0.03,-0.01));
#2013=CARTESIAN_POINT('',(0.0330628784747792,0.03,-0.01));
#2014=CARTESIAN_POINT('',(0.0330628784747792,0.,-0.01));
#2015=CARTESIAN_POINT('',(0.,0.008,0.));
#2016=CARTESIAN_POINT('',(-0.02,0.0105347413928758,-0.015));
#2017=CARTESIAN_POINT('',(-0.0195178530383359,0.00968398306789614,-0.0156428626155521));
#2018=CARTESIAN_POINT('',(-0.0182379515752168,0.00848411735775266,-0.017205302485785));
#2019=CARTESIAN_POINT('',(-0.0165588541304114,0.008,-0.018765997216617));
#2020=CARTESIAN_POINT('',(-0.01565,0.008,-0.0194955764213321));
#2021=CARTESIAN_POINT('',(-0.02,0.0105347413928758,-0.015));
#2022=CARTESIAN_POINT('',(-0.01565,0.008,-0.0194955764213321));
#2023=CARTESIAN_POINT('',(0.,0.008,0.));
#2024=CARTESIAN_POINT('',(-0.02,0.008,-0.015));
#2025=CARTESIAN_POINT('',(-0.02,0.008,-0.015));
#2026=CARTESIAN_POINT('',(-8.00641604297001E-17,0.008,-0.015));
#2027=CARTESIAN_POINT('',(-8.00641604297001E-17,0.008,-0.015));
#2028=CARTESIAN_POINT('',(-0.02665,0.008,-0.015));
#2029=CARTESIAN_POINT('',(-0.02665,0.008,-0.015));
#2030=CARTESIAN_POINT('',(-0.02665,0.03,-0.015));
#2031=CARTESIAN_POINT('',(0.,0.03,-0.015));
#2032=CARTESIAN_POINT('',(-0.02065,0.03,-0.015));
#2033=CARTESIAN_POINT('',(-0.02065,0.03,-0.015));
#2034=CARTESIAN_POINT('',(-0.02065,0.013,-0.015));
#2035=CARTESIAN_POINT('',(-0.01565,0.013,-0.015));
#2036=CARTESIAN_POINT('',(2.40192481289092E-16,0.008,0.0149999999999997));
#2037=CARTESIAN_POINT('',(-0.02665,0.008,0.015));
#2038=CARTESIAN_POINT('',(-0.02665,0.03,0.015));
#2039=CARTESIAN_POINT('',(-0.02665,0.008,0.015));
#2040=CARTESIAN_POINT('',(2.40192481289092E-16,0.008,0.0149999999999997));
#2041=CARTESIAN_POINT('',(-0.02,0.008,0.015));
#2042=CARTESIAN_POINT('',(-0.02,0.008,0.015));
#2043=CARTESIAN_POINT('',(-0.02,0.0105347413928758,0.015));
#2044=CARTESIAN_POINT('',(-0.01565,0.013,0.015));
#2045=CARTESIAN_POINT('',(-0.02065,0.013,0.015));
#2046=CARTESIAN_POINT('',(-0.02065,0.03,0.015));
#2047=CARTESIAN_POINT('',(-0.02065,0.03,0.015));
#2048=CARTESIAN_POINT('',(0.,0.03,0.015));
#2049=CARTESIAN_POINT('',(0.,0.008,0.));
#2050=CARTESIAN_POINT('',(0.,0.008,0.));
#2051=CARTESIAN_POINT('',(-0.01565,0.008,0.0194955764213321));
#2052=CARTESIAN_POINT('',(-0.01565,0.008,0.0194955764213321));
#2053=CARTESIAN_POINT('',(-0.0165584764801967,0.008,0.0187663003738939));
#2054=CARTESIAN_POINT('',(-0.01823535272579,0.00848164995557129,0.0172082931975165));
#2055=CARTESIAN_POINT('',(-0.0195193115544296,0.00968655664982749,0.0156409179274272));
#2056=CARTESIAN_POINT('',(-0.02,0.0105347413928758,0.015));
#2057=CARTESIAN_POINT('',(6.7367901979682E-18,0.008,0.01));
#2058=CARTESIAN_POINT('',(6.7367901979682E-18,0.008,0.01));
#2059=CARTESIAN_POINT('',(0.0330628784747792,0.008,0.01));
#2060=CARTESIAN_POINT('',(0.0230628784747792,0.008,0.01));
#2061=CARTESIAN_POINT('',(0.0330628784747792,0.03,0.01));
#2062=CARTESIAN_POINT('',(0.0330628784747792,0.03,0.01));
#2063=CARTESIAN_POINT('',(2.16840434497101E-18,0.03,0.01));
#2064=CARTESIAN_POINT('',(0.0280628784747792,0.03,0.01));
#2065=CARTESIAN_POINT('',(0.0280628784747792,0.03,0.01));
#2066=CARTESIAN_POINT('',(0.0280628784747792,0.013,0.01));
#2067=CARTESIAN_POINT('',(0.0230628784747792,0.013,0.01));
#2068=CARTESIAN_POINT('',(0.,0.008,0.));
#2069=CARTESIAN_POINT('',(0.0230628784747792,0.008,-8.00154334275993E-18));
#2070=CARTESIAN_POINT('',(0.0330533559890619,0.008,-0.02));
#2071=CARTESIAN_POINT('',(0.0245998412550982,0.008,-0.0146578947368421));
#2072=CARTESIAN_POINT('',(0.00093,0.008,0.0003));
#2073=CARTESIAN_POINT('',(-0.0199778940917083,0.008,-0.0183241768851649));
#2074=CARTESIAN_POINT('',(-0.0274449991244612,0.008,-0.0249756686298666));
#2075=CARTESIAN_POINT('',(-0.0268334613364141,0.008,-0.0149943850684307));
#2076=CARTESIAN_POINT('',(-0.02665,0.008,-0.012));
#2077=CARTESIAN_POINT('',(-0.01565,0.008,0.015));
#2078=CARTESIAN_POINT('',(-0.01565,0.008,-0.01282185194845));
#2079=CARTESIAN_POINT('',(-0.0172895247554604,0.008,-0.00998211177172575));
#2080=CARTESIAN_POINT('',(-0.0139123933210283,0.008,-0.015831475));
#2081=CARTESIAN_POINT('',(0.,0.008,-0.015831475));
#2082=CARTESIAN_POINT('',(-0.0103905566789716,0.008,-0.015831475));
#2083=CARTESIAN_POINT('',(-0.000937687744539615,0.008,0.00054137427172576));
#2084=CARTESIAN_POINT('',(-0.00862963835794329,0.008,-0.012781475));
#2085=CARTESIAN_POINT('',(-0.0120067697923753,0.008,-0.00693211177172574));
#2086=CARTESIAN_POINT('',(-0.0103905566789716,0.008,-0.009731475));
#2087=CARTESIAN_POINT('',(-9.58671276048901E-18,0.008,-0.009731475));
#2088=CARTESIAN_POINT('',(-0.0139123933210284,0.008,-0.009731475));
#2089=CARTESIAN_POINT('',(-0.00622044270762469,0.008,0.00359137427172575));
#2090=CARTESIAN_POINT('',(-0.01565,0.008,-0.0127410980515499));
#2091=CARTESIAN_POINT('',(-0.01565,0.008,0.015));
#2092=CARTESIAN_POINT('',(-0.01565,0.008,0.0133410980515499));
#2093=CARTESIAN_POINT('',(-0.00596063508648928,0.008,-0.00344137427172574));
#2094=CARTESIAN_POINT('',(-0.0139123933210284,0.008,0.010331475));
#2095=CARTESIAN_POINT('',(-1.52666810350702E-17,0.008,0.010331475));
#2096=CARTESIAN_POINT('',(-0.0103905566789716,0.008,0.010331475));
#2097=CARTESIAN_POINT('',(-0.0122665774135107,0.008,0.00708211177172573));
#2098=CARTESIAN_POINT('',(-0.00862963835794329,0.008,0.013381475));
#2099=CARTESIAN_POINT('',(-0.000677880123404259,0.008,-0.000391374271725747));
#2100=CARTESIAN_POINT('',(-0.0103905566789717,0.008,0.016431475));
#2101=CARTESIAN_POINT('',(-1.61870457516621E-17,0.008,0.016431475));
#2102=CARTESIAN_POINT('',(-0.0139123933210284,0.008,0.016431475));
#2103=CARTESIAN_POINT('',(-0.0175493323765957,0.008,0.0101321117717257));
#2104=CARTESIAN_POINT('',(-0.01565,0.008,0.0134218519484501));
#2105=CARTESIAN_POINT('',(-0.01565,0.008,0.015));
#2106=CARTESIAN_POINT('',(-0.02665,0.008,0.012));
#2107=CARTESIAN_POINT('',(-0.0269634311193586,0.008,0.0149835818965496));
#2108=CARTESIAN_POINT('',(-0.0280082015172204,0.008,0.0249288548850477));
#2109=CARTESIAN_POINT('',(-0.0203928853284782,0.008,0.0184475772837194));
#2110=CARTESIAN_POINT('',(0.00093,0.008,0.0003));
#2111=CARTESIAN_POINT('',(0.0248758028310151,0.008,0.0148120131883261));
#2112=CARTESIAN_POINT('',(0.0334278752706633,0.008,0.0199948750412997));
#2113=CARTESIAN_POINT('',(0.0331471085045986,0.008,0.00999881731722301));
#2114=CARTESIAN_POINT('',(0.0330628784747792,0.008,0.007));
#2115=CARTESIAN_POINT('',(0.00735563508648933,0.008,-0.00424677789724528));
#2116=CARTESIAN_POINT('',(0.0175333116420567,0.008,0.013381475));
#2117=CARTESIAN_POINT('',(0.0157723933210283,0.008,0.010331475));
#2118=CARTESIAN_POINT('',(0.0189443323765957,0.008,0.0109375153972453));
#2119=CARTESIAN_POINT('',(0.0157723933210284,0.008,0.016431475));
#2120=CARTESIAN_POINT('',(0.,0.008,0.016431475));
#2121=CARTESIAN_POINT('',(0.0122505566789716,0.008,0.016431475));
#2122=CARTESIAN_POINT('',(0.00207288012340428,0.008,-0.00119677789724529));
#2123=CARTESIAN_POINT('',(0.0104896383579433,0.008,0.013381475));
#2124=CARTESIAN_POINT('',(0.0136615774135106,0.008,0.00788751539724528));
#2125=CARTESIAN_POINT('',(0.0122505566789716,0.008,0.010331475));
#2126=CARTESIAN_POINT('',(0.,0.008,0.010331475));
#2127=CARTESIAN_POINT('',(0.0186845247554604,0.008,-0.0107875153972453));
#2128=CARTESIAN_POINT('',(0.0175333116420567,0.008,-0.012781475));
#2129=CARTESIAN_POINT('',(0.0157723933210284,0.008,-0.015831475));
#2130=CARTESIAN_POINT('',(0.0076154427076248,0.008,0.00439677789724529));
#2131=CARTESIAN_POINT('',(0.0157723933210284,0.008,-0.009731475));
#2132=CARTESIAN_POINT('',(-3.35534946617113E-17,0.008,-0.009731475));
#2133=CARTESIAN_POINT('',(0.0122505566789717,0.008,-0.009731475));
#2134=CARTESIAN_POINT('',(0.0134017697923753,0.008,-0.00773751539724531));
#2135=CARTESIAN_POINT('',(0.0104896383579433,0.008,-0.012781475));
#2136=CARTESIAN_POINT('',(0.00233268774453963,0.008,0.00134677789724529));
#2137=CARTESIAN_POINT('',(0.0122505566789716,0.008,-0.015831475));
#2138=CARTESIAN_POINT('',(-1.55959711554376E-17,0.008,-0.015831475));
#2139=CARTESIAN_POINT('',(0.,0.,0.));
#2140=CARTESIAN_POINT('',(-0.02665,0.,-0.012));
#2141=CARTESIAN_POINT('',(-0.02965,0.,-0.012));
#2142=CARTESIAN_POINT('',(-0.0268334613364141,0.,-0.0149943850684307));
#2143=CARTESIAN_POINT('',(-0.0274449991244612,0.,-0.0249756686298666));
#2144=CARTESIAN_POINT('',(-0.0199778940917083,0.,-0.0183241768851649));
#2145=CARTESIAN_POINT('',(0.00093,0.,0.0003));
#2146=CARTESIAN_POINT('',(0.0245998412550982,0.,-0.0146578947368421));
#2147=CARTESIAN_POINT('',(0.0330533559890619,0.,-0.02));
#2148=CARTESIAN_POINT('',(0.0330628784747792,0.,-0.007));
#2149=CARTESIAN_POINT('',(0.0360628784747792,0.,-0.007));
#2150=CARTESIAN_POINT('',(0.0360628784747792,0.,-1.25118243802996E-17));
#2151=CARTESIAN_POINT('',(0.0360628784747792,0.,0.007));
#2152=CARTESIAN_POINT('',(0.0330628784747792,0.,0.007));
#2153=CARTESIAN_POINT('',(0.0331471085045986,0.,0.00999881731722301));
#2154=CARTESIAN_POINT('',(0.0334278752706633,0.,0.0199948750412997));
#2155=CARTESIAN_POINT('',(0.0248758028310151,0.,0.0148120131883261));
#2156=CARTESIAN_POINT('',(0.00093,0.,0.0003));
#2157=CARTESIAN_POINT('',(-0.0203928853284782,0.,0.0184475772837194));
#2158=CARTESIAN_POINT('',(-0.0280082015172204,0.,0.0249288548850477));
#2159=CARTESIAN_POINT('',(-0.0269634311193586,0.,0.0149835818965496));
#2160=CARTESIAN_POINT('',(-0.02665,0.,0.012));
#2161=CARTESIAN_POINT('',(-0.02965,0.,0.012));
#2162=CARTESIAN_POINT('',(-0.02965,0.,3.42897007084749E-18));
#2163=CARTESIAN_POINT('',(-0.012151475,0.,0.013381475));
#2164=CARTESIAN_POINT('',(-0.012151475,0.,0.011381475));
#2165=CARTESIAN_POINT('',(-0.012151475,0.,-0.012781475));
#2166=CARTESIAN_POINT('',(-0.012151475,0.,-0.014781475));
#2167=CARTESIAN_POINT('',(0.014011475,0.,-0.012781475));
#2168=CARTESIAN_POINT('',(0.014011475,0.,-0.014781475));
#2169=CARTESIAN_POINT('',(0.014011475,0.,0.013381475));
#2170=CARTESIAN_POINT('',(0.014011475,0.,0.011381475));
#2171=CARTESIAN_POINT('',(-0.02065,0.03,4.77627197052281E-18));
#2172=CARTESIAN_POINT('',(-0.02065,0.03,-5.63206888533803E-18));
#2173=CARTESIAN_POINT('',(-0.02065,0.03,-0.01025));
#2174=CARTESIAN_POINT('',(-0.02065,0.013,-0.015));
#2175=CARTESIAN_POINT('',(-0.02065,0.03,-3.8568685282551E-18));
#2176=CARTESIAN_POINT('',(-0.02965,0.03,3.42897007084749E-18));
#2177=CARTESIAN_POINT('',(-0.02965,0.03,0.012));
#2178=CARTESIAN_POINT('',(-0.02965,0.03,0.012));
#2179=CARTESIAN_POINT('',(-0.02965,0.03,-2.12214505227829E-18));
#2180=CARTESIAN_POINT('',(-0.02965,0.03,-0.012));
#2181=CARTESIAN_POINT('',(-0.02965,0.03,-0.012));
#2182=CARTESIAN_POINT('',(-0.02965,0.03,1.5531557521579E-17));
#2183=CARTESIAN_POINT('',(-0.02965,0.03,-0.00299999999999998));
#2184=CARTESIAN_POINT('',(-0.02965,0.0349497474683058,-0.00494974746830582));
#2185=CARTESIAN_POINT('',(-0.02965,0.0349497474683058,-0.00659974746830582));
#2186=CARTESIAN_POINT('',(-0.02965,0.0250502525316942,-0.00494974746830582));
#2187=CARTESIAN_POINT('',(-0.02965,0.0250502525316942,-0.00659974746830582));
#2188=CARTESIAN_POINT('',(-0.02965,0.0250502525316942,0.00494974746830585));
#2189=CARTESIAN_POINT('',(-0.02965,0.0250502525316942,0.00329974746830585));
#2190=CARTESIAN_POINT('',(-0.02965,0.0349497474683058,0.00494974746830585));
#2191=CARTESIAN_POINT('',(-0.02965,0.0349497474683058,0.00329974746830585));
#2192=CARTESIAN_POINT('',(0.0280628784747792,0.03,-9.73626681873674E-18));
#2193=CARTESIAN_POINT('',(0.0280628784747792,0.013,-9.73626681873674E-18));
#2194=CARTESIAN_POINT('',(0.0280628784747792,0.03,-1.06264943885271E-18));
#2195=CARTESIAN_POINT('',(0.0280628784747792,0.0297055786909652,-1.0626494388527E-18));
#2196=CARTESIAN_POINT('',(0.0280628784747792,0.0297055786909652,0.0035));
#2197=CARTESIAN_POINT('',(0.0360628784747792,0.03,-1.25118243802996E-17));
#2198=CARTESIAN_POINT('',(0.0360628784747792,0.014,-1.25118243802996E-17));
#2199=CARTESIAN_POINT('',(0.0360628784747792,0.014,-0.00265000000000001));
#2200=CARTESIAN_POINT('',(0.0360628784747792,0.006,-1.25118243802996E-17));
#2201=CARTESIAN_POINT('',(0.0360628784747792,0.006,-0.00265000000000001));
#2202=CARTESIAN_POINT('',(0.0360628784747792,0.03,-0.007));
#2203=CARTESIAN_POINT('',(0.0360628784747792,0.03,-0.007));
#2204=CARTESIAN_POINT('',(0.0360628784747792,0.03,-3.8382070004156E-18));
#2205=CARTESIAN_POINT('',(0.0360628784747792,0.03,0.007));
#2206=CARTESIAN_POINT('',(0.0360628784747792,0.,0.007));
#2207=CARTESIAN_POINT('',(0.0128910196624968,0.03,-1.16147877571528E-17));
#2208=CARTESIAN_POINT('',(-0.02665,0.03,-2.46908974747365E-18));
#2209=CARTESIAN_POINT('',(0.0057021986997813,0.03,6.69526979004503E-18));
#2210=CARTESIAN_POINT('',(0.0330628784747792,0.03,-2.79737291482951E-18));
#2211=CARTESIAN_POINT('',(-0.0224,0.03,-5.22730007427678E-18));
#2212=CARTESIAN_POINT('',(-0.0224,0.03,-5.22730007427678E-18));
#2213=CARTESIAN_POINT('',(-0.0224,0.03,-0.01025));
#2214=CARTESIAN_POINT('',(-0.0224,0.03,-5.22730007427678E-18));
#2215=CARTESIAN_POINT('',(-0.0224,0.03,1.38546581614681E-17));
#2216=CARTESIAN_POINT('',(-0.0224,0.03,-0.00299999999999999));
#2217=CARTESIAN_POINT('',(-0.0224,0.0349497474683058,-0.00494974746830582));
#2218=CARTESIAN_POINT('',(-0.0224,0.0349497474683058,-0.00659974746830582));
#2219=CARTESIAN_POINT('',(-0.0224,0.0250502525316942,-0.00494974746830582));
#2220=CARTESIAN_POINT('',(-0.0224,0.0250502525316942,-0.00659974746830582));
#2221=CARTESIAN_POINT('',(-0.0224,0.0250502525316942,0.00494974746830584));
#2222=CARTESIAN_POINT('',(-0.0224,0.0250502525316942,0.00329974746830584));
#2223=CARTESIAN_POINT('',(-0.0224,0.0349497474683058,0.00494974746830584));
#2224=CARTESIAN_POINT('',(-0.0224,0.0349497474683058,0.00329974746830584));
#2225=CARTESIAN_POINT('',(-0.0343169047558312,0.0349497474683058,0.00494974746830585));
#2226=CARTESIAN_POINT('',(-0.0343169047558312,0.0250502525316942,0.00494974746830585));
#2227=CARTESIAN_POINT('',(-0.0343169047558312,0.0250502525316942,-0.00494974746830582));
#2228=CARTESIAN_POINT('',(-0.0343169047558312,0.0349497474683058,-0.00494974746830582));
#2229=CARTESIAN_POINT('',(-0.0381352813742386,0.03,1.74941730949337E-17));
#2230=CARTESIAN_POINT('',(-0.01565,0.013,3.61978965320494E-18));
#2231=CARTESIAN_POINT('',(-0.01565,0.008,0.015));
#2232=CARTESIAN_POINT('',(-0.01565,0.008,0.015));
#2233=CARTESIAN_POINT('',(0.0230628784747792,0.013,-8.00154334275993E-18));
#2234=CARTESIAN_POINT('',(-0.02665,0.03,-0.012));
#2235=CARTESIAN_POINT('',(-0.0268334613364141,0.03,-0.0149943850684307));
#2236=CARTESIAN_POINT('',(-0.02665,0.03,-0.012));
#2237=CARTESIAN_POINT('',(-0.02665,0.03,-2.46908974747365E-18));
#2238=CARTESIAN_POINT('',(-0.02665,0.03,0.012));
#2239=CARTESIAN_POINT('',(-0.02665,0.008,0.012));
#2240=CARTESIAN_POINT('',(-0.0269634311193586,0.008,0.0149835818965496));
#2241=CARTESIAN_POINT('',(0.0330628784747792,0.03,0.007));
#2242=CARTESIAN_POINT('',(0.0331471085045986,0.03,0.00999881731722301));
#2243=CARTESIAN_POINT('',(0.0330628784747792,0.03,0.007));
#2244=CARTESIAN_POINT('',(0.0330628784747792,0.03,-2.79737291482952E-18));
#2245=CARTESIAN_POINT('',(0.0330628784747792,0.03,-0.007));
#2246=CARTESIAN_POINT('',(0.0330628784747792,0.008,-0.007));
#2247=CARTESIAN_POINT('',(0.0310628784747792,0.006,-1.07771009043228E-17));
#2248=CARTESIAN_POINT('',(0.0310628784747792,0.006,-1.07771009043228E-17));
#2249=CARTESIAN_POINT('',(0.0310628784747792,0.006,-0.00200000000000001));
#2250=CARTESIAN_POINT('',(0.0360628784747792,0.006,-1.25118243802996E-17));
#2251=CARTESIAN_POINT('',(0.0340628784747792,0.006,-1.18179349899089E-17));
#2252=CARTESIAN_POINT('',(0.0340628784747792,0.006,-0.00200000000000001));
#2253=CARTESIAN_POINT('',(0.0340628784747792,0.008,-1.18179349899089E-17));
#2254=CARTESIAN_POINT('',(0.0340628784747792,0.006,-1.18179349899089E-17));
#2255=CARTESIAN_POINT('',(0.0340628784747792,0.006,-0.00265000000000001));
#2256=CARTESIAN_POINT('',(0.0360628784747792,0.006,-1.25118243802996E-17));
#2257=CARTESIAN_POINT('',(0.0310628784747792,0.014,-1.07771009043228E-17));
#2258=CARTESIAN_POINT('',(0.0310628784747792,0.014,-1.07771009043228E-17));
#2259=CARTESIAN_POINT('',(0.0310628784747792,0.014,-0.00200000000000001));
#2260=CARTESIAN_POINT('',(0.0360628784747792,0.014,-1.25118243802996E-17));
#2261=CARTESIAN_POINT('',(0.0340628784747792,0.014,-1.18179349899089E-17));
#2262=CARTESIAN_POINT('',(0.0340628784747792,0.014,-0.00200000000000001));
#2263=CARTESIAN_POINT('',(0.0340628784747792,0.016,-1.18179349899089E-17));
#2264=CARTESIAN_POINT('',(0.0340628784747792,0.014,-1.18179349899089E-17));
#2265=CARTESIAN_POINT('',(0.0340628784747792,0.014,-0.00265000000000001));
#2266=CARTESIAN_POINT('',(0.0360628784747792,0.014,-1.25118243802996E-17));
#2267=CARTESIAN_POINT('',(-0.00622044270762469,0.00535,0.00359137427172575));
#2268=CARTESIAN_POINT('',(-0.00622044270762469,0.008,0.00359137427172575));
#2269=CARTESIAN_POINT('',(-0.0156733116420567,0.008,-0.012781475));
#2270=CARTESIAN_POINT('',(-0.0139123933210284,0.00535,-0.009731475));
#2271=CARTESIAN_POINT('',(-0.0139123933210284,0.00535,-0.009731475));
#2272=CARTESIAN_POINT('',(-0.00622044270762469,0.00535,0.00359137427172575));
#2273=CARTESIAN_POINT('',(-0.0156733116420567,0.00535,-0.012781475));
#2274=CARTESIAN_POINT('',(-0.0156733116420567,0.00535,-0.012781475));
#2275=CARTESIAN_POINT('',(-0.0172895247554604,0.00535,-0.00998211177172575));
#2276=CARTESIAN_POINT('',(-0.0172895247554604,0.008,-0.00998211177172575));
#2277=CARTESIAN_POINT('',(-0.0172895247554604,0.00535,-0.00998211177172575));
#2278=CARTESIAN_POINT('',(-0.0139123933210283,0.00535,-0.015831475));
#2279=CARTESIAN_POINT('',(-0.0139123933210283,0.00535,-0.015831475));
#2280=CARTESIAN_POINT('',(0.,0.00535,-0.015831475));
#2281=CARTESIAN_POINT('',(0.,0.00535,-0.015831475));
#2282=CARTESIAN_POINT('',(-0.0103905566789716,0.00535,-0.015831475));
#2283=CARTESIAN_POINT('',(-0.0103905566789716,0.00535,-0.015831475));
#2284=CARTESIAN_POINT('',(-0.000937687744539615,0.00535,0.00054137427172576));
#2285=CARTESIAN_POINT('',(-0.000937687744539615,0.00535,0.00054137427172576));
#2286=CARTESIAN_POINT('',(-0.00862963835794329,0.00535,-0.012781475));
#2287=CARTESIAN_POINT('',(-0.00862963835794329,0.00535,-0.012781475));
#2288=CARTESIAN_POINT('',(-0.0120067697923753,0.00535,-0.00693211177172574));
#2289=CARTESIAN_POINT('',(-0.0120067697923753,0.00535,-0.00693211177172574));
#2290=CARTESIAN_POINT('',(-0.0103905566789716,0.00535,-0.009731475));
#2291=CARTESIAN_POINT('',(-0.0103905566789716,0.00535,-0.009731475));
#2292=CARTESIAN_POINT('',(-9.58671276048901E-18,0.00535,-0.009731475));
#2293=CARTESIAN_POINT('',(-9.58671276048901E-18,0.00535,-0.009731475));
#2294=CARTESIAN_POINT('',(0.,0.00535,0.));
#2295=CARTESIAN_POINT('',(-0.012151475,0.00535,-0.012781475));
#2296=CARTESIAN_POINT('',(-0.012151475,0.00535,-0.010781475));
#2297=CARTESIAN_POINT('',(0.,0.008,0.));
#2298=CARTESIAN_POINT('',(-0.0175493323765957,0.00535,0.0101321117717257));
#2299=CARTESIAN_POINT('',(-0.0175493323765957,0.008,0.0101321117717257));
#2300=CARTESIAN_POINT('',(-0.0156733116420567,0.008,0.013381475));
#2301=CARTESIAN_POINT('',(-0.0139123933210284,0.00535,0.016431475));
#2302=CARTESIAN_POINT('',(-0.0139123933210284,0.00535,0.016431475));
#2303=CARTESIAN_POINT('',(-0.0175493323765957,0.00535,0.0101321117717257));
#2304=CARTESIAN_POINT('',(-0.0156733116420567,0.00535,0.013381475));
#2305=CARTESIAN_POINT('',(-0.0156733116420567,0.00535,0.013381475));
#2306=CARTESIAN_POINT('',(-0.00596063508648928,0.00535,-0.00344137427172574));
#2307=CARTESIAN_POINT('',(-0.00596063508648928,0.008,-0.00344137427172574));
#2308=CARTESIAN_POINT('',(-0.00596063508648928,0.00535,-0.00344137427172574));
#2309=CARTESIAN_POINT('',(-0.0139123933210284,0.00535,0.010331475));
#2310=CARTESIAN_POINT('',(-0.0139123933210284,0.00535,0.010331475));
#2311=CARTESIAN_POINT('',(-1.52666810350702E-17,0.00535,0.010331475));
#2312=CARTESIAN_POINT('',(-1.52666810350702E-17,0.00535,0.010331475));
#2313=CARTESIAN_POINT('',(-0.0103905566789716,0.00535,0.010331475));
#2314=CARTESIAN_POINT('',(-0.0103905566789716,0.00535,0.010331475));
#2315=CARTESIAN_POINT('',(-0.0122665774135107,0.00535,0.00708211177172573));
#2316=CARTESIAN_POINT('',(-0.0122665774135107,0.00535,0.00708211177172573));
#2317=CARTESIAN_POINT('',(-0.00862963835794329,0.00535,0.013381475));
#2318=CARTESIAN_POINT('',(-0.00862963835794329,0.00535,0.013381475));
#2319=CARTESIAN_POINT('',(-0.000677880123404259,0.00535,-0.000391374271725747));
#2320=CARTESIAN_POINT('',(-0.000677880123404259,0.00535,-0.000391374271725747));
#2321=CARTESIAN_POINT('',(-0.0103905566789717,0.00535,0.016431475));
#2322=CARTESIAN_POINT('',(-0.0103905566789717,0.00535,0.016431475));
#2323=CARTESIAN_POINT('',(-1.61870457516621E-17,0.00535,0.016431475));
#2324=CARTESIAN_POINT('',(-1.61870457516621E-17,0.00535,0.016431475));
#2325=CARTESIAN_POINT('',(0.,0.00535,0.));
#2326=CARTESIAN_POINT('',(-0.012151475,0.00535,0.013381475));
#2327=CARTESIAN_POINT('',(-0.012151475,0.00535,0.015381475));
#2328=CARTESIAN_POINT('',(0.,0.008,0.));
#2329=CARTESIAN_POINT('',(0.0186845247554604,0.00535,-0.0107875153972453));
#2330=CARTESIAN_POINT('',(0.0157723933210284,0.00535,-0.015831475));
#2331=CARTESIAN_POINT('',(0.0157723933210284,0.00535,-0.015831475));
#2332=CARTESIAN_POINT('',(0.0186845247554604,0.00535,-0.0107875153972453));
#2333=CARTESIAN_POINT('',(0.0175333116420567,0.00535,-0.012781475));
#2334=CARTESIAN_POINT('',(0.0175333116420567,0.00535,-0.012781475));
#2335=CARTESIAN_POINT('',(0.0076154427076248,0.00535,0.00439677789724529));
#2336=CARTESIAN_POINT('',(0.0076154427076248,0.00535,0.00439677789724529));
#2337=CARTESIAN_POINT('',(0.0157723933210284,0.00535,-0.009731475));
#2338=CARTESIAN_POINT('',(0.0157723933210284,0.00535,-0.009731475));
#2339=CARTESIAN_POINT('',(-3.35534946617113E-17,0.00535,-0.009731475));
#2340=CARTESIAN_POINT('',(-3.35534946617113E-17,0.00535,-0.009731475));
#2341=CARTESIAN_POINT('',(0.0122505566789717,0.00535,-0.009731475));
#2342=CARTESIAN_POINT('',(0.0122505566789717,0.00535,-0.009731475));
#2343=CARTESIAN_POINT('',(0.0134017697923753,0.00535,-0.00773751539724531));
#2344=CARTESIAN_POINT('',(0.0134017697923753,0.00535,-0.00773751539724531));
#2345=CARTESIAN_POINT('',(0.0104896383579433,0.00535,-0.012781475));
#2346=CARTESIAN_POINT('',(0.0104896383579433,0.00535,-0.012781475));
#2347=CARTESIAN_POINT('',(0.00233268774453963,0.00535,0.00134677789724529));
#2348=CARTESIAN_POINT('',(0.00233268774453963,0.00535,0.00134677789724529));
#2349=CARTESIAN_POINT('',(0.0122505566789716,0.00535,-0.015831475));
#2350=CARTESIAN_POINT('',(0.0122505566789716,0.00535,-0.015831475));
#2351=CARTESIAN_POINT('',(-1.55959711554376E-17,0.00535,-0.015831475));
#2352=CARTESIAN_POINT('',(-1.55959711554376E-17,0.00535,-0.015831475));
#2353=CARTESIAN_POINT('',(0.,0.00535,0.));
#2354=CARTESIAN_POINT('',(0.014011475,0.00535,-0.012781475));
#2355=CARTESIAN_POINT('',(0.014011475,0.00535,-0.010781475));
#2356=CARTESIAN_POINT('',(0.00735563508648933,0.00535,-0.00424677789724528));
#2357=CARTESIAN_POINT('',(0.0157723933210283,0.00535,0.010331475));
#2358=CARTESIAN_POINT('',(0.0157723933210283,0.00535,0.010331475));
#2359=CARTESIAN_POINT('',(0.00735563508648933,0.00535,-0.00424677789724528));
#2360=CARTESIAN_POINT('',(0.0175333116420567,0.00535,0.013381475));
#2361=CARTESIAN_POINT('',(0.0175333116420567,0.00535,0.013381475));
#2362=CARTESIAN_POINT('',(0.0189443323765957,0.00535,0.0109375153972453));
#2363=CARTESIAN_POINT('',(0.0189443323765957,0.00535,0.0109375153972453));
#2364=CARTESIAN_POINT('',(0.0157723933210284,0.00535,0.016431475));
#2365=CARTESIAN_POINT('',(0.0157723933210284,0.00535,0.016431475));
#2366=CARTESIAN_POINT('',(0.,0.00535,0.016431475));
#2367=CARTESIAN_POINT('',(0.,0.00535,0.016431475));
#2368=CARTESIAN_POINT('',(0.0122505566789716,0.00535,0.016431475));
#2369=CARTESIAN_POINT('',(0.0122505566789716,0.00535,0.016431475));
#2370=CARTESIAN_POINT('',(0.00207288012340428,0.00535,-0.00119677789724529));
#2371=CARTESIAN_POINT('',(0.00207288012340428,0.00535,-0.00119677789724529));
#2372=CARTESIAN_POINT('',(0.0104896383579433,0.00535,0.013381475));
#2373=CARTESIAN_POINT('',(0.0104896383579433,0.00535,0.013381475));
#2374=CARTESIAN_POINT('',(0.0136615774135106,0.00535,0.00788751539724528));
#2375=CARTESIAN_POINT('',(0.0136615774135106,0.00535,0.00788751539724528));
#2376=CARTESIAN_POINT('',(0.0122505566789716,0.00535,0.010331475));
#2377=CARTESIAN_POINT('',(0.0122505566789716,0.00535,0.010331475));
#2378=CARTESIAN_POINT('',(0.,0.00535,0.010331475));
#2379=CARTESIAN_POINT('',(0.,0.00535,0.010331475));
#2380=CARTESIAN_POINT('',(0.,0.00535,0.));
#2381=CARTESIAN_POINT('',(0.014011475,0.00535,0.013381475));
#2382=CARTESIAN_POINT('',(0.014011475,0.00535,0.015381475));
#2383=CARTESIAN_POINT('',(0.014011475,0.0136568542494924,0.013381475));
#2384=CARTESIAN_POINT('',(0.014011475,0.0136568542494924,-0.012781475));
#2385=CARTESIAN_POINT('',(-0.012151475,0.0136568542494924,0.013381475));
#2386=CARTESIAN_POINT('',(-0.012151475,0.0136568542494924,-0.012781475));
#2387=CARTESIAN_POINT('',(0.00093,0.0871959594928933,0.0003));
#2388=CARTESIAN_POINT('',(-0.0203928853284782,0.0871959594928933,0.0184475772837194));
#2389=CARTESIAN_POINT('',(0.0248758028310151,0.0871959594928933,0.0148120131883261));
#2390=CARTESIAN_POINT('',(0.00093,0.0871959594928933,0.0003));
#2391=CARTESIAN_POINT('',(-0.0199778940917083,0.0871959594928933,-0.0183241768851649));
#2392=CARTESIAN_POINT('',(0.0245998412550982,0.0871959594928933,-0.0146578947368421));
#2393=CARTESIAN_POINT('',(-0.0280082015172204,0.0871959594928933,0.0249288548850477));
#2394=CARTESIAN_POINT('',(-0.0274449991244612,0.0871959594928933,-0.0249756686298666));
#2395=CARTESIAN_POINT('',(0.0330533559890619,0.0871959594928933,-0.02));
#2396=CARTESIAN_POINT('',(0.0334278752706633,0.03,0.0199948750412997));
#2397=CARTESIAN_POINT('',(0.0504878568109848,0.0297055786909652,-8.84287671247013E-18));
#2398=CARTESIAN_POINT('',(0.0325628784747792,0.0297055786909652,-2.62390056723183E-18));
#2399=CARTESIAN_POINT('',(0.0325628784747792,0.0297055786909652,0.0035));
#2400=CARTESIAN_POINT('',(0.0325628784747792,0.03,-1.12975179471159E-17));
#2401=MECHANICAL_DESIGN_GEOMETRIC_PRESENTATION_REPRESENTATION('',(#1422),
#2402);
#2402=(
GEOMETRIC_REPRESENTATION_CONTEXT(3)
GLOBAL_UNCERTAINTY_ASSIGNED_CONTEXT((#2403))
GLOBAL_UNIT_ASSIGNED_CONTEXT((#2406,#2405,#2404))
REPRESENTATION_CONTEXT('Motor Stand','TOP_LEVEL_ASSEMBLY_PART')
);
#2403=UNCERTAINTY_MEASURE_WITH_UNIT(LENGTH_MEASURE(2.E-5),#2406,
'DISTANCE_ACCURACY_VALUE','Maximum Tolerance applied to model');
#2404=(
NAMED_UNIT(*)
SI_UNIT($,.STERADIAN.)
SOLID_ANGLE_UNIT()
);
#2405=(
NAMED_UNIT(*)
PLANE_ANGLE_UNIT()
SI_UNIT($,.RADIAN.)
);
#2406=(
LENGTH_UNIT()
NAMED_UNIT(*)
SI_UNIT($,.METRE.)
);
#2407=PRODUCT_DEFINITION_SHAPE('','',#2408);
#2408=PRODUCT_DEFINITION('','',#2410,#2409);
#2409=PRODUCT_DEFINITION_CONTEXT('',#2416,'design');
#2410=PRODUCT_DEFINITION_FORMATION_WITH_SPECIFIED_SOURCE('','',#2412,
 .NOT_KNOWN.);
#2411=PRODUCT_RELATED_PRODUCT_CATEGORY('','',(#2412));
#2412=PRODUCT('Motor Stand','Motor Stand','Motor Stand',(#2414));
#2413=PRODUCT_CATEGORY('','');
#2414=PRODUCT_CONTEXT('',#2416,'mechanical');
#2415=APPLICATION_PROTOCOL_DEFINITION('international standard',
'automotive_design',2010,#2416);
#2416=APPLICATION_CONTEXT(
'core data for automotive mechanical design processes');
ENDSEC;
END-ISO-10303-21;
